book_id,anchor_id,commentary_filename
abudawud,1,abudawud_1.json
abudawud,10,abudawud_10.json
abudawud,100,abudawud_100.json
abudawud,1000,abudawud_1000.json
abudawud,1001,abudawud_1001.json
abudawud,1002,abudawud_1002.json
abudawud,1003,abudawud_1003.json
abudawud,1004,abudawud_1004.json
abudawud,1005,abudawud_1005.json
abudawud,1006,abudawud_1006.json
abudawud,1007,abudawud_1007.json
abudawud,1008,abudawud_1008.json
abudawud,1009,abudawud_1009.json
abudawud,101,abudawud_101.json
abudawud,1010,abudawud_1010.json
abudawud,1011,abudawud_1011.json
abudawud,1012,abudawud_1012.json
abudawud,1013,abudawud_1013.json
abudawud,1014,abudawud_1014.json
abudawud,1015,abudawud_1015.json
abudawud,1016,abudawud_1016.json
abudawud,1017,abudawud_1017.json
abudawud,1018,abudawud_1018.json
abudawud,1019,abudawud_1019.json
abudawud,102,abudawud_102.json
abudawud,1020,abudawud_1020.json
abudawud,1021,abudawud_1021.json
abudawud,1022,abudawud_1022.json
abudawud,1023,abudawud_1023.json
abudawud,1024,abudawud_1024.json
abudawud,1025,abudawud_1025.json
abudawud,1026,abudawud_1026.json
abudawud,1027,abudawud_1027.json
abudawud,1028,abudawud_1028.json
abudawud,1029,abudawud_1029.json
abudawud,103,abudawud_103.json
abudawud,1030,abudawud_1030.json
abudawud,1031,abudawud_1031.json
abudawud,1032,abudawud_1032.json
abudawud,1033,abudawud_1033.json
abudawud,1034,abudawud_1034.json
abudawud,1035,abudawud_1035.json
abudawud,1036,abudawud_1036.json
abudawud,1037,abudawud_1037.json
abudawud,1038,abudawud_1038.json
abudawud,1039,abudawud_1039.json
abudawud,104,abudawud_104.json
abudawud,1040,abudawud_1040.json
abudawud,1041,abudawud_1041.json
abudawud,1042,abudawud_1042.json
abudawud,1043,abudawud_1043.json
abudawud,1044,abudawud_1044.json
abudawud,1045,abudawud_1045.json
abudawud,1046,abudawud_1046.json
abudawud,1047,abudawud_1047.json
abudawud,1048,abudawud_1048.json
abudawud,1049,abudawud_1049.json
abudawud,105,abudawud_105.json
abudawud,1050,abudawud_1050.json
abudawud,1051,abudawud_1051.json
abudawud,1052,abudawud_1052.json
abudawud,1053,abudawud_1053.json
abudawud,1054,abudawud_1054.json
abudawud,1055,abudawud_1055.json
abudawud,1056,abudawud_1056.json
abudawud,1057,abudawud_1057.json
abudawud,1058,abudawud_1058.json
abudawud,1059,abudawud_1059.json
abudawud,106,abudawud_106.json
abudawud,1060,abudawud_1060.json
abudawud,1061,abudawud_1061.json
abudawud,1062,abudawud_1062.json
abudawud,1063,abudawud_1063.json
abudawud,1064,abudawud_1064.json
abudawud,1065,abudawud_1065.json
abudawud,1066,abudawud_1066.json
abudawud,1067,abudawud_1067.json
abudawud,1068,abudawud_1068.json
abudawud,1069,abudawud_1069.json
abudawud,107,abudawud_107.json
abudawud,1070,abudawud_1070.json
abudawud,1071,abudawud_1071.json
abudawud,1072,abudawud_1072.json
abudawud,1073,abudawud_1073.json
abudawud,1074,abudawud_1074.json
abudawud,1075,abudawud_1075.json
abudawud,1076,abudawud_1076.json
abudawud,1077,abudawud_1077.json
abudawud,1078,abudawud_1078.json
abudawud,1079,abudawud_1079.json
abudawud,108,abudawud_108.json
abudawud,1080,abudawud_1080.json
abudawud,1081,abudawud_1081.json
abudawud,1082,abudawud_1082.json
abudawud,1083,abudawud_1083.json
abudawud,1084,abudawud_1084.json
abudawud,1085,abudawud_1085.json
abudawud,1086,abudawud_1086.json
abudawud,1087,abudawud_1087.json
abudawud,1088,abudawud_1088.json
abudawud,1089,abudawud_1089.json
abudawud,109,abudawud_109.json
abudawud,1090,abudawud_1090.json
abudawud,1091,abudawud_1091.json
abudawud,1092,abudawud_1092.json
abudawud,1093,abudawud_1093.json
abudawud,1094,abudawud_1094.json
abudawud,1095,abudawud_1095.json
abudawud,1096,abudawud_1096.json
abudawud,1097,abudawud_1097.json
abudawud,1098,abudawud_1098.json
abudawud,1099,abudawud_1099.json
abudawud,11,abudawud_11.json
abudawud,110,abudawud_110.json
abudawud,1100,abudawud_1100.json
abudawud,1101,abudawud_1101.json
abudawud,1102,abudawud_1102.json
abudawud,1103,abudawud_1103.json
abudawud,1104,abudawud_1104.json
abudawud,1105,abudawud_1105.json
abudawud,1106,abudawud_1106.json
abudawud,1107,abudawud_1107.json
abudawud,1108,abudawud_1108.json
abudawud,1109,abudawud_1109.json
abudawud,111,abudawud_111.json
abudawud,1110,abudawud_1110.json
abudawud,1111,abudawud_1111.json
abudawud,1112,abudawud_1112.json
abudawud,1113,abudawud_1113.json
abudawud,1114,abudawud_1114.json
abudawud,1115,abudawud_1115.json
abudawud,1116,abudawud_1116.json
abudawud,1117,abudawud_1117.json
abudawud,1118,abudawud_1118.json
abudawud,1119,abudawud_1119.json
abudawud,112,abudawud_112.json
abudawud,1120,abudawud_1120.json
abudawud,1121,abudawud_1121.json
abudawud,1122,abudawud_1122.json
abudawud,1123,abudawud_1123.json
abudawud,1124,abudawud_1124.json
abudawud,1125,abudawud_1125.json
abudawud,1126,abudawud_1126.json
abudawud,1127,abudawud_1127.json
abudawud,1128,abudawud_1128.json
abudawud,1129,abudawud_1129.json
abudawud,113,abudawud_113.json
abudawud,1130,abudawud_1130.json
abudawud,1131,abudawud_1131.json
abudawud,1132,abudawud_1132.json
abudawud,1133,abudawud_1133.json
abudawud,1134,abudawud_1134.json
abudawud,1135,abudawud_1135.json
abudawud,1136,abudawud_1136.json
abudawud,1137,abudawud_1137.json
abudawud,1138,abudawud_1138.json
abudawud,1139,abudawud_1139.json
abudawud,114,abudawud_114.json
abudawud,1140,abudawud_1140.json
abudawud,1141,abudawud_1141.json
abudawud,1142,abudawud_1142.json
abudawud,1143,abudawud_1143.json
abudawud,1144,abudawud_1144.json
abudawud,1145,abudawud_1145.json
abudawud,1146,abudawud_1146.json
abudawud,1147,abudawud_1147.json
abudawud,1148,abudawud_1148.json
abudawud,1149,abudawud_1149.json
abudawud,115,abudawud_115.json
abudawud,1150,abudawud_1150.json
abudawud,1151,abudawud_1151.json
abudawud,1152,abudawud_1152.json
abudawud,1153,abudawud_1153.json
abudawud,1154,abudawud_1154.json
abudawud,1155,abudawud_1155.json
abudawud,1156,abudawud_1156.json
abudawud,1157,abudawud_1157.json
abudawud,1158,abudawud_1158.json
abudawud,1159,abudawud_1159.json
abudawud,116,abudawud_116.json
abudawud,1160,abudawud_1160.json
abudawud,1161,abudawud_1161.json
abudawud,1162,abudawud_1162.json
abudawud,1163,abudawud_1163.json
abudawud,1164,abudawud_1164.json
abudawud,1165,abudawud_1165.json
abudawud,1166,abudawud_1166.json
abudawud,1167,abudawud_1167.json
abudawud,1168,abudawud_1168.json
abudawud,1169,abudawud_1169.json
abudawud,117,abudawud_117.json
abudawud,1170,abudawud_1170.json
abudawud,1171,abudawud_1171.json
abudawud,1172,abudawud_1172.json
abudawud,1173,abudawud_1173.json
abudawud,1174,abudawud_1174.json
abudawud,1175,abudawud_1175.json
abudawud,1176,abudawud_1176.json
abudawud,1177,abudawud_1177.json
abudawud,1178,abudawud_1178.json
abudawud,1179,abudawud_1179.json
abudawud,118,abudawud_118.json
abudawud,1180,abudawud_1180.json
abudawud,1181,abudawud_1181.json
abudawud,1182,abudawud_1182.json
abudawud,1183,abudawud_1183.json
abudawud,1184,abudawud_1184.json
abudawud,1185,abudawud_1185.json
abudawud,1186,abudawud_1186.json
abudawud,1187,abudawud_1187.json
abudawud,1188,abudawud_1188.json
abudawud,1189,abudawud_1189.json
abudawud,119,abudawud_119.json
abudawud,1190,abudawud_1190.json
abudawud,1191,abudawud_1191.json
abudawud,1192,abudawud_1192.json
abudawud,1193,abudawud_1193.json
abudawud,1194,abudawud_1194.json
abudawud,1195,abudawud_1195.json
abudawud,1196,abudawud_1196.json
abudawud,1197,abudawud_1197.json
abudawud,1198,abudawud_1198.json
abudawud,1199,abudawud_1199.json
abudawud,12,abudawud_12.json
abudawud,120,abudawud_120.json
abudawud,1200,abudawud_1200.json
abudawud,1201,abudawud_1201.json
abudawud,1202,abudawud_1202.json
abudawud,1203,abudawud_1203.json
abudawud,1204,abudawud_1204.json
abudawud,1205,abudawud_1205.json
abudawud,1206,abudawud_1206.json
abudawud,1207,abudawud_1207.json
abudawud,1208,abudawud_1208.json
abudawud,1209,abudawud_1209.json
abudawud,121,abudawud_121.json
abudawud,1210,abudawud_1210.json
abudawud,1211,abudawud_1211.json
abudawud,1212,abudawud_1212.json
abudawud,1213,abudawud_1213.json
abudawud,1214,abudawud_1214.json
abudawud,1215,abudawud_1215.json
abudawud,1216,abudawud_1216.json
abudawud,1217,abudawud_1217.json
abudawud,1218,abudawud_1218.json
abudawud,1219,abudawud_1219.json
abudawud,122,abudawud_122.json
abudawud,1220,abudawud_1220.json
abudawud,1221,abudawud_1221.json
abudawud,1222,abudawud_1222.json
abudawud,1223,abudawud_1223.json
abudawud,1224,abudawud_1224.json
abudawud,1225,abudawud_1225.json
abudawud,1226,abudawud_1226.json
abudawud,1227,abudawud_1227.json
abudawud,1228,abudawud_1228.json
abudawud,1229,abudawud_1229.json
abudawud,123,abudawud_123.json
abudawud,1230,abudawud_1230.json
abudawud,1231,abudawud_1231.json
abudawud,1232,abudawud_1232.json
abudawud,1233,abudawud_1233.json
abudawud,1234,abudawud_1234.json
abudawud,1235,abudawud_1235.json
abudawud,1236,abudawud_1236.json
abudawud,1237,abudawud_1237.json
abudawud,1238,abudawud_1238.json
abudawud,1239,abudawud_1239.json
abudawud,124,abudawud_124.json
abudawud,1240,abudawud_1240.json
abudawud,1241,abudawud_1241.json
abudawud,1242,abudawud_1242.json
abudawud,1243,abudawud_1243.json
abudawud,1244,abudawud_1244.json
abudawud,1245,abudawud_1245.json
abudawud,1246,abudawud_1246.json
abudawud,1247,abudawud_1247.json
abudawud,1248,abudawud_1248.json
abudawud,1249,abudawud_1249.json
abudawud,125,abudawud_125.json
abudawud,1250,abudawud_1250.json
abudawud,1251,abudawud_1251.json
abudawud,1252,abudawud_1252.json
abudawud,1253,abudawud_1253.json
abudawud,1254,abudawud_1254.json
abudawud,1255,abudawud_1255.json
abudawud,1256,abudawud_1256.json
abudawud,1257,abudawud_1257.json
abudawud,1258,abudawud_1258.json
abudawud,1259,abudawud_1259.json
abudawud,126,abudawud_126.json
abudawud,1260,abudawud_1260.json
abudawud,1261,abudawud_1261.json
abudawud,1262,abudawud_1262.json
abudawud,1263,abudawud_1263.json
abudawud,1264,abudawud_1264.json
abudawud,1265,abudawud_1265.json
abudawud,1266,abudawud_1266.json
abudawud,1267,abudawud_1267.json
abudawud,1268,abudawud_1268.json
abudawud,1269,abudawud_1269.json
abudawud,127,abudawud_127.json
abudawud,1270,abudawud_1270.json
abudawud,1271,abudawud_1271.json
abudawud,1272,abudawud_1272.json
abudawud,1273,abudawud_1273.json
abudawud,1274,abudawud_1274.json
abudawud,1275,abudawud_1275.json
abudawud,1276,abudawud_1276.json
abudawud,1277,abudawud_1277.json
abudawud,1278,abudawud_1278.json
abudawud,1279,abudawud_1279.json
abudawud,128,abudawud_128.json
abudawud,1280,abudawud_1280.json
abudawud,1281,abudawud_1281.json
abudawud,1282,abudawud_1282.json
abudawud,1283,abudawud_1283.json
abudawud,1284,abudawud_1284.json
abudawud,1285,abudawud_1285.json
abudawud,1286,abudawud_1286.json
abudawud,1287,abudawud_1287.json
abudawud,1288,abudawud_1288.json
abudawud,1289,abudawud_1289.json
abudawud,129,abudawud_129.json
abudawud,1290,abudawud_1290.json
abudawud,1291,abudawud_1291.json
abudawud,1292,abudawud_1292.json
abudawud,1293,abudawud_1293.json
abudawud,1294,abudawud_1294.json
abudawud,1295,abudawud_1295.json
abudawud,1296,abudawud_1296.json
abudawud,1297,abudawud_1297.json
abudawud,1298,abudawud_1298.json
abudawud,1299,abudawud_1299.json
abudawud,13,abudawud_13.json
abudawud,130,abudawud_130.json
abudawud,1300,abudawud_1300.json
abudawud,1301,abudawud_1301.json
abudawud,1302,abudawud_1302.json
abudawud,1303,abudawud_1303.json
abudawud,1304,abudawud_1304.json
abudawud,1305,abudawud_1305.json
abudawud,1306,abudawud_1306.json
abudawud,1307,abudawud_1307.json
abudawud,1308,abudawud_1308.json
abudawud,1309,abudawud_1309.json
abudawud,131,abudawud_131.json
abudawud,1310,abudawud_1310.json
abudawud,1311,abudawud_1311.json
abudawud,1312,abudawud_1312.json
abudawud,1313,abudawud_1313.json
abudawud,1314,abudawud_1314.json
abudawud,1315,abudawud_1315.json
abudawud,1316,abudawud_1316.json
abudawud,1317,abudawud_1317.json
abudawud,1318,abudawud_1318.json
abudawud,1319,abudawud_1319.json
abudawud,132,abudawud_132.json
abudawud,1320,abudawud_1320.json
abudawud,1321,abudawud_1321.json
abudawud,1322,abudawud_1322.json
abudawud,1323,abudawud_1323.json
abudawud,1324,abudawud_1324.json
abudawud,1325,abudawud_1325.json
abudawud,1326,abudawud_1326.json
abudawud,1327,abudawud_1327.json
abudawud,1328,abudawud_1328.json
abudawud,1329,abudawud_1329.json
abudawud,133,abudawud_133.json
abudawud,1330,abudawud_1330.json
abudawud,1331,abudawud_1331.json
abudawud,1332,abudawud_1332.json
abudawud,1333,abudawud_1333.json
abudawud,1334,abudawud_1334.json
abudawud,1335,abudawud_1335.json
abudawud,1336,abudawud_1336.json
abudawud,1337,abudawud_1337.json
abudawud,1338,abudawud_1338.json
abudawud,1339,abudawud_1339.json
abudawud,134,abudawud_134.json
abudawud,1340,abudawud_1340.json
abudawud,1341,abudawud_1341.json
abudawud,1342,abudawud_1342.json
abudawud,1343,abudawud_1343.json
abudawud,1344,abudawud_1344.json
abudawud,1345,abudawud_1345.json
abudawud,1346,abudawud_1346.json
abudawud,1347,abudawud_1347.json
abudawud,1348,abudawud_1348.json
abudawud,1349,abudawud_1349.json
abudawud,135,abudawud_135.json
abudawud,1350,abudawud_1350.json
abudawud,1351,abudawud_1351.json
abudawud,1352,abudawud_1352.json
abudawud,1353,abudawud_1353.json
abudawud,1354,abudawud_1354.json
abudawud,1355,abudawud_1355.json
abudawud,1356,abudawud_1356.json
abudawud,1357,abudawud_1357.json
abudawud,1358,abudawud_1358.json
abudawud,1359,abudawud_1359.json
abudawud,136,abudawud_136.json
abudawud,1360,abudawud_1360.json
abudawud,1361,abudawud_1361.json
abudawud,1362,abudawud_1362.json
abudawud,1363,abudawud_1363.json
abudawud,1364,abudawud_1364.json
abudawud,1365,abudawud_1365.json
abudawud,1366,abudawud_1366.json
abudawud,1367,abudawud_1367.json
abudawud,1368,abudawud_1368.json
abudawud,1369,abudawud_1369.json
abudawud,137,abudawud_137.json
abudawud,1370,abudawud_1370.json
abudawud,1371,abudawud_1371.json
abudawud,1372,abudawud_1372.json
abudawud,1373,abudawud_1373.json
abudawud,1374,abudawud_1374.json
abudawud,1375,abudawud_1375.json
abudawud,1376,abudawud_1376.json
abudawud,1377,abudawud_1377.json
abudawud,1378,abudawud_1378.json
abudawud,1379,abudawud_1379.json
abudawud,138,abudawud_138.json
abudawud,1380,abudawud_1380.json
abudawud,1381,abudawud_1381.json
abudawud,1382,abudawud_1382.json
abudawud,1383,abudawud_1383.json
abudawud,1384,abudawud_1384.json
abudawud,1385,abudawud_1385.json
abudawud,1386,abudawud_1386.json
abudawud,1387,abudawud_1387.json
abudawud,1388,abudawud_1388.json
abudawud,1389,abudawud_1389.json
abudawud,139,abudawud_139.json
abudawud,1390,abudawud_1390.json
abudawud,1391,abudawud_1391.json
abudawud,1392,abudawud_1392.json
abudawud,1393,abudawud_1393.json
abudawud,1394,abudawud_1394.json
abudawud,1395,abudawud_1395.json
abudawud,1396,abudawud_1396.json
abudawud,1397,abudawud_1397.json
abudawud,1398,abudawud_1398.json
abudawud,1399,abudawud_1399.json
abudawud,14,abudawud_14.json
abudawud,140,abudawud_140.json
abudawud,1400,abudawud_1400.json
abudawud,1401,abudawud_1401.json
abudawud,1402,abudawud_1402.json
abudawud,1403,abudawud_1403.json
abudawud,1404,abudawud_1404.json
abudawud,1405,abudawud_1405.json
abudawud,1406,abudawud_1406.json
abudawud,1407,abudawud_1407.json
abudawud,1408,abudawud_1408.json
abudawud,1409,abudawud_1409.json
abudawud,141,abudawud_141.json
abudawud,1410,abudawud_1410.json
abudawud,1411,abudawud_1411.json
abudawud,1412,abudawud_1412.json
abudawud,1413,abudawud_1413.json
abudawud,1414,abudawud_1414.json
abudawud,1415,abudawud_1415.json
abudawud,1416,abudawud_1416.json
abudawud,1417,abudawud_1417.json
abudawud,1418,abudawud_1418.json
abudawud,1419,abudawud_1419.json
abudawud,142,abudawud_142.json
abudawud,1420,abudawud_1420.json
abudawud,1421,abudawud_1421.json
abudawud,1422,abudawud_1422.json
abudawud,1423,abudawud_1423.json
abudawud,1424,abudawud_1424.json
abudawud,1425,abudawud_1425.json
abudawud,1426,abudawud_1426.json
abudawud,1427,abudawud_1427.json
abudawud,1428,abudawud_1428.json
abudawud,1429,abudawud_1429.json
abudawud,143,abudawud_143.json
abudawud,1430,abudawud_1430.json
abudawud,1431,abudawud_1431.json
abudawud,1432,abudawud_1432.json
abudawud,1433,abudawud_1433.json
abudawud,1434,abudawud_1434.json
abudawud,1435,abudawud_1435.json
abudawud,1436,abudawud_1436.json
abudawud,1437,abudawud_1437.json
abudawud,1438,abudawud_1438.json
abudawud,1439,abudawud_1439.json
abudawud,144,abudawud_144.json
abudawud,1440,abudawud_1440.json
abudawud,1441,abudawud_1441.json
abudawud,1442,abudawud_1442.json
abudawud,1443,abudawud_1443.json
abudawud,1444,abudawud_1444.json
abudawud,1445,abudawud_1445.json
abudawud,1446,abudawud_1446.json
abudawud,1447,abudawud_1447.json
abudawud,1448,abudawud_1448.json
abudawud,1449,abudawud_1449.json
abudawud,145,abudawud_145.json
abudawud,1450,abudawud_1450.json
abudawud,1451,abudawud_1451.json
abudawud,1452,abudawud_1452.json
abudawud,1453,abudawud_1453.json
abudawud,1454,abudawud_1454.json
abudawud,1455,abudawud_1455.json
abudawud,1456,abudawud_1456.json
abudawud,1457,abudawud_1457.json
abudawud,1458,abudawud_1458.json
abudawud,1459,abudawud_1459.json
abudawud,146,abudawud_146.json
abudawud,1460,abudawud_1460.json
abudawud,1461,abudawud_1461.json
abudawud,1462,abudawud_1462.json
abudawud,1463,abudawud_1463.json
abudawud,1464,abudawud_1464.json
abudawud,1465,abudawud_1465.json
abudawud,1466,abudawud_1466.json
abudawud,1467,abudawud_1467.json
abudawud,1468,abudawud_1468.json
abudawud,1469,abudawud_1469.json
abudawud,147,abudawud_147.json
abudawud,1470,abudawud_1470.json
abudawud,1471,abudawud_1471.json
abudawud,1472,abudawud_1472.json
abudawud,1473,abudawud_1473.json
abudawud,1474,abudawud_1474.json
abudawud,1475,abudawud_1475.json
abudawud,1476,abudawud_1476.json
abudawud,1477,abudawud_1477.json
abudawud,1478,abudawud_1478.json
abudawud,1479,abudawud_1479.json
abudawud,148,abudawud_148.json
abudawud,1480,abudawud_1480.json
abudawud,1481,abudawud_1481.json
abudawud,1482,abudawud_1482.json
abudawud,1483,abudawud_1483.json
abudawud,1484,abudawud_1484.json
abudawud,1485,abudawud_1485.json
abudawud,1486,abudawud_1486.json
abudawud,1487,abudawud_1487.json
abudawud,1488,abudawud_1488.json
abudawud,1489,abudawud_1489.json
abudawud,149,abudawud_149.json
abudawud,1490,abudawud_1490.json
abudawud,1491,abudawud_1491.json
abudawud,1492,abudawud_1492.json
abudawud,1493,abudawud_1493.json
abudawud,1494,abudawud_1494.json
abudawud,1495,abudawud_1495.json
abudawud,1496,abudawud_1496.json
abudawud,1497,abudawud_1497.json
abudawud,1498,abudawud_1498.json
abudawud,1499,abudawud_1499.json
abudawud,15,abudawud_15.json
abudawud,150,abudawud_150.json
abudawud,1500,abudawud_1500.json
abudawud,1501,abudawud_1501.json
abudawud,1502,abudawud_1502.json
abudawud,1503,abudawud_1503.json
abudawud,1504,abudawud_1504.json
abudawud,1505,abudawud_1505.json
abudawud,1506,abudawud_1506.json
abudawud,1507,abudawud_1507.json
abudawud,1508,abudawud_1508.json
abudawud,1509,abudawud_1509.json
abudawud,151,abudawud_151.json
abudawud,1510,abudawud_1510.json
abudawud,1511,abudawud_1511.json
abudawud,1512,abudawud_1512.json
abudawud,1513,abudawud_1513.json
abudawud,1514,abudawud_1514.json
abudawud,1515,abudawud_1515.json
abudawud,1516,abudawud_1516.json
abudawud,1517,abudawud_1517.json
abudawud,1518,abudawud_1518.json
abudawud,1519,abudawud_1519.json
abudawud,152,abudawud_152.json
abudawud,1520,abudawud_1520.json
abudawud,1521,abudawud_1521.json
abudawud,1522,abudawud_1522.json
abudawud,1523,abudawud_1523.json
abudawud,1524,abudawud_1524.json
abudawud,1525,abudawud_1525.json
abudawud,1526,abudawud_1526.json
abudawud,1527,abudawud_1527.json
abudawud,1528,abudawud_1528.json
abudawud,1529,abudawud_1529.json
abudawud,153,abudawud_153.json
abudawud,1530,abudawud_1530.json
abudawud,1531,abudawud_1531.json
abudawud,1532,abudawud_1532.json
abudawud,1533,abudawud_1533.json
abudawud,1534,abudawud_1534.json
abudawud,1535,abudawud_1535.json
abudawud,1536,abudawud_1536.json
abudawud,1537,abudawud_1537.json
abudawud,1538,abudawud_1538.json
abudawud,1539,abudawud_1539.json
abudawud,154,abudawud_154.json
abudawud,1540,abudawud_1540.json
abudawud,1541,abudawud_1541.json
abudawud,1542,abudawud_1542.json
abudawud,1543,abudawud_1543.json
abudawud,1544,abudawud_1544.json
abudawud,1545,abudawud_1545.json
abudawud,1546,abudawud_1546.json
abudawud,1547,abudawud_1547.json
abudawud,1548,abudawud_1548.json
abudawud,1549,abudawud_1549.json
abudawud,155,abudawud_155.json
abudawud,1550,abudawud_1550.json
abudawud,1551,abudawud_1551.json
abudawud,1552,abudawud_1552.json
abudawud,1553,abudawud_1553.json
abudawud,1554,abudawud_1554.json
abudawud,1555,abudawud_1555.json
abudawud,1556,abudawud_1556.json
abudawud,1557,abudawud_1557.json
abudawud,1558,abudawud_1558.json
abudawud,1559,abudawud_1559.json
abudawud,156,abudawud_156.json
abudawud,1560,abudawud_1560.json
abudawud,1561,abudawud_1561.json
abudawud,1562,abudawud_1562.json
abudawud,1563,abudawud_1563.json
abudawud,1564,abudawud_1564.json
abudawud,1565,abudawud_1565.json
abudawud,1566,abudawud_1566.json
abudawud,1567,abudawud_1567.json
abudawud,1568,abudawud_1568.json
abudawud,1569,abudawud_1569.json
abudawud,157,abudawud_157.json
abudawud,1570,abudawud_1570.json
abudawud,1571,abudawud_1571.json
abudawud,1572,abudawud_1572.json
abudawud,1573,abudawud_1573.json
abudawud,1574,abudawud_1574.json
abudawud,1575,abudawud_1575.json
abudawud,1576,abudawud_1576.json
abudawud,1577,abudawud_1577.json
abudawud,1578,abudawud_1578.json
abudawud,1579,abudawud_1579.json
abudawud,158,abudawud_158.json
abudawud,1580,abudawud_1580.json
abudawud,1581,abudawud_1581.json
abudawud,1582,abudawud_1582.json
abudawud,1583,abudawud_1583.json
abudawud,1584,abudawud_1584.json
abudawud,1585,abudawud_1585.json
abudawud,1586,abudawud_1586.json
abudawud,1587,abudawud_1587.json
abudawud,1588,abudawud_1588.json
abudawud,1589,abudawud_1589.json
abudawud,159,abudawud_159.json
abudawud,1590,abudawud_1590.json
abudawud,1591,abudawud_1591.json
abudawud,1592,abudawud_1592.json
abudawud,1593,abudawud_1593.json
abudawud,1594,abudawud_1594.json
abudawud,1595,abudawud_1595.json
abudawud,1596,abudawud_1596.json
abudawud,1597,abudawud_1597.json
abudawud,1598,abudawud_1598.json
abudawud,1599,abudawud_1599.json
abudawud,16,abudawud_16.json
abudawud,160,abudawud_160.json
abudawud,1600,abudawud_1600.json
abudawud,1601,abudawud_1601.json
abudawud,1602,abudawud_1602.json
abudawud,1603,abudawud_1603.json
abudawud,1604,abudawud_1604.json
abudawud,1605,abudawud_1605.json
abudawud,1606,abudawud_1606.json
abudawud,1607,abudawud_1607.json
abudawud,1608,abudawud_1608.json
abudawud,1609,abudawud_1609.json
abudawud,161,abudawud_161.json
abudawud,1610,abudawud_1610.json
abudawud,1611,abudawud_1611.json
abudawud,1612,abudawud_1612.json
abudawud,1613,abudawud_1613.json
abudawud,1614,abudawud_1614.json
abudawud,1615,abudawud_1615.json
abudawud,1616,abudawud_1616.json
abudawud,1617,abudawud_1617.json
abudawud,1618,abudawud_1618.json
abudawud,1619,abudawud_1619.json
abudawud,162,abudawud_162.json
abudawud,1620,abudawud_1620.json
abudawud,1621,abudawud_1621.json
abudawud,1622,abudawud_1622.json
abudawud,1623,abudawud_1623.json
abudawud,1624,abudawud_1624.json
abudawud,1625,abudawud_1625.json
abudawud,1626,abudawud_1626.json
abudawud,1627,abudawud_1627.json
abudawud,1628,abudawud_1628.json
abudawud,1629,abudawud_1629.json
abudawud,163,abudawud_163.json
abudawud,1630,abudawud_1630.json
abudawud,1631,abudawud_1631.json
abudawud,1632,abudawud_1632.json
abudawud,1633,abudawud_1633.json
abudawud,1634,abudawud_1634.json
abudawud,1635,abudawud_1635.json
abudawud,1636,abudawud_1636.json
abudawud,1637,abudawud_1637.json
abudawud,1638,abudawud_1638.json
abudawud,1639,abudawud_1639.json
abudawud,164,abudawud_164.json
abudawud,1640,abudawud_1640.json
abudawud,1641,abudawud_1641.json
abudawud,1642,abudawud_1642.json
abudawud,1643,abudawud_1643.json
abudawud,1644,abudawud_1644.json
abudawud,1645,abudawud_1645.json
abudawud,1646,abudawud_1646.json
abudawud,1647,abudawud_1647.json
abudawud,1648,abudawud_1648.json
abudawud,1649,abudawud_1649.json
abudawud,165,abudawud_165.json
abudawud,1650,abudawud_1650.json
abudawud,1651,abudawud_1651.json
abudawud,1652,abudawud_1652.json
abudawud,1653,abudawud_1653.json
abudawud,1654,abudawud_1654.json
abudawud,1655,abudawud_1655.json
abudawud,1656,abudawud_1656.json
abudawud,1657,abudawud_1657.json
abudawud,1658,abudawud_1658.json
abudawud,1659,abudawud_1659.json
abudawud,166,abudawud_166.json
abudawud,1660,abudawud_1660.json
abudawud,1661,abudawud_1661.json
abudawud,1662,abudawud_1662.json
abudawud,1663,abudawud_1663.json
abudawud,1664,abudawud_1664.json
abudawud,1665,abudawud_1665.json
abudawud,1666,abudawud_1666.json
abudawud,1667,abudawud_1667.json
abudawud,1668,abudawud_1668.json
abudawud,1669,abudawud_1669.json
abudawud,167,abudawud_167.json
abudawud,1670,abudawud_1670.json
abudawud,1671,abudawud_1671.json
abudawud,1672,abudawud_1672.json
abudawud,1673,abudawud_1673.json
abudawud,1674,abudawud_1674.json
abudawud,1675,abudawud_1675.json
abudawud,1676,abudawud_1676.json
abudawud,1677,abudawud_1677.json
abudawud,1678,abudawud_1678.json
abudawud,1679,abudawud_1679.json
abudawud,168,abudawud_168.json
abudawud,1680,abudawud_1680.json
abudawud,1681,abudawud_1681.json
abudawud,1682,abudawud_1682.json
abudawud,1683,abudawud_1683.json
abudawud,1684,abudawud_1684.json
abudawud,1685,abudawud_1685.json
abudawud,1686,abudawud_1686.json
abudawud,1687,abudawud_1687.json
abudawud,1688,abudawud_1688.json
abudawud,1689,abudawud_1689.json
abudawud,169,abudawud_169.json
abudawud,1690,abudawud_1690.json
abudawud,1691,abudawud_1691.json
abudawud,1692,abudawud_1692.json
abudawud,1693,abudawud_1693.json
abudawud,1694,abudawud_1694.json
abudawud,1695,abudawud_1695.json
abudawud,1696,abudawud_1696.json
abudawud,1697,abudawud_1697.json
abudawud,1698,abudawud_1698.json
abudawud,1699,abudawud_1699.json
abudawud,17,abudawud_17.json
abudawud,170,abudawud_170.json
abudawud,1700,abudawud_1700.json
abudawud,1701,abudawud_1701.json
abudawud,1702,abudawud_1702.json
abudawud,1703,abudawud_1703.json
abudawud,1704,abudawud_1704.json
abudawud,1705,abudawud_1705.json
abudawud,1706,abudawud_1706.json
abudawud,1707,abudawud_1707.json
abudawud,1708,abudawud_1708.json
abudawud,1709,abudawud_1709.json
abudawud,171,abudawud_171.json
abudawud,1710,abudawud_1710.json
abudawud,1711,abudawud_1711.json
abudawud,1712,abudawud_1712.json
abudawud,1713,abudawud_1713.json
abudawud,1714,abudawud_1714.json
abudawud,1715,abudawud_1715.json
abudawud,1716,abudawud_1716.json
abudawud,1717,abudawud_1717.json
abudawud,1718,abudawud_1718.json
abudawud,1719,abudawud_1719.json
abudawud,172,abudawud_172.json
abudawud,1720,abudawud_1720.json
abudawud,1721,abudawud_1721.json
abudawud,1722,abudawud_1722.json
abudawud,1723,abudawud_1723.json
abudawud,1724,abudawud_1724.json
abudawud,1725,abudawud_1725.json
abudawud,1726,abudawud_1726.json
abudawud,1727,abudawud_1727.json
abudawud,1728,abudawud_1728.json
abudawud,1729,abudawud_1729.json
abudawud,173,abudawud_173.json
abudawud,1730,abudawud_1730.json
abudawud,1731,abudawud_1731.json
abudawud,1732,abudawud_1732.json
abudawud,1733,abudawud_1733.json
abudawud,1734,abudawud_1734.json
abudawud,1735,abudawud_1735.json
abudawud,1736,abudawud_1736.json
abudawud,1737,abudawud_1737.json
abudawud,1738,abudawud_1738.json
abudawud,1739,abudawud_1739.json
abudawud,174,abudawud_174.json
abudawud,1740,abudawud_1740.json
abudawud,1741,abudawud_1741.json
abudawud,1742,abudawud_1742.json
abudawud,1743,abudawud_1743.json
abudawud,1744,abudawud_1744.json
abudawud,1745,abudawud_1745.json
abudawud,1746,abudawud_1746.json
abudawud,1747,abudawud_1747.json
abudawud,1748,abudawud_1748.json
abudawud,1749,abudawud_1749.json
abudawud,175,abudawud_175.json
abudawud,1750,abudawud_1750.json
abudawud,1751,abudawud_1751.json
abudawud,1752,abudawud_1752.json
abudawud,1753,abudawud_1753.json
abudawud,1754,abudawud_1754.json
abudawud,1755,abudawud_1755.json
abudawud,1756,abudawud_1756.json
abudawud,1757,abudawud_1757.json
abudawud,1758,abudawud_1758.json
abudawud,1759,abudawud_1759.json
abudawud,176,abudawud_176.json
abudawud,1760,abudawud_1760.json
abudawud,1761,abudawud_1761.json
abudawud,1762,abudawud_1762.json
abudawud,1763,abudawud_1763.json
abudawud,1764,abudawud_1764.json
abudawud,1765,abudawud_1765.json
abudawud,1766,abudawud_1766.json
abudawud,1767,abudawud_1767.json
abudawud,1768,abudawud_1768.json
abudawud,1769,abudawud_1769.json
abudawud,177,abudawud_177.json
abudawud,1770,abudawud_1770.json
abudawud,1771,abudawud_1771.json
abudawud,1772,abudawud_1772.json
abudawud,1773,abudawud_1773.json
abudawud,1774,abudawud_1774.json
abudawud,1775,abudawud_1775.json
abudawud,1776,abudawud_1776.json
abudawud,1777,abudawud_1777.json
abudawud,1778,abudawud_1778.json
abudawud,1779,abudawud_1779.json
abudawud,178,abudawud_178.json
abudawud,1780,abudawud_1780.json
abudawud,1781,abudawud_1781.json
abudawud,1782,abudawud_1782.json
abudawud,1783,abudawud_1783.json
abudawud,1784,abudawud_1784.json
abudawud,1785,abudawud_1785.json
abudawud,1786,abudawud_1786.json
abudawud,1787,abudawud_1787.json
abudawud,1788,abudawud_1788.json
abudawud,1789,abudawud_1789.json
abudawud,179,abudawud_179.json
abudawud,1790,abudawud_1790.json
abudawud,1791,abudawud_1791.json
abudawud,1792,abudawud_1792.json
abudawud,1793,abudawud_1793.json
abudawud,1794,abudawud_1794.json
abudawud,1795,abudawud_1795.json
abudawud,1796,abudawud_1796.json
abudawud,1797,abudawud_1797.json
abudawud,1798,abudawud_1798.json
abudawud,1799,abudawud_1799.json
abudawud,18,abudawud_18.json
abudawud,180,abudawud_180.json
abudawud,1800,abudawud_1800.json
abudawud,1801,abudawud_1801.json
abudawud,1802,abudawud_1802.json
abudawud,1803,abudawud_1803.json
abudawud,1804,abudawud_1804.json
abudawud,1805,abudawud_1805.json
abudawud,1806,abudawud_1806.json
abudawud,1807,abudawud_1807.json
abudawud,1808,abudawud_1808.json
abudawud,1809,abudawud_1809.json
abudawud,181,abudawud_181.json
abudawud,1810,abudawud_1810.json
abudawud,1811,abudawud_1811.json
abudawud,1812,abudawud_1812.json
abudawud,1813,abudawud_1813.json
abudawud,1814,abudawud_1814.json
abudawud,1815,abudawud_1815.json
abudawud,1816,abudawud_1816.json
abudawud,1817,abudawud_1817.json
abudawud,1818,abudawud_1818.json
abudawud,1819,abudawud_1819.json
abudawud,182,abudawud_182.json
abudawud,1820,abudawud_1820.json
abudawud,1821,abudawud_1821.json
abudawud,1822,abudawud_1822.json
abudawud,1823,abudawud_1823.json
abudawud,1824,abudawud_1824.json
abudawud,1825,abudawud_1825.json
abudawud,1826,abudawud_1826.json
abudawud,1827,abudawud_1827.json
abudawud,1828,abudawud_1828.json
abudawud,1829,abudawud_1829.json
abudawud,183,abudawud_183.json
abudawud,1830,abudawud_1830.json
abudawud,1831,abudawud_1831.json
abudawud,1832,abudawud_1832.json
abudawud,1833,abudawud_1833.json
abudawud,1834,abudawud_1834.json
abudawud,1835,abudawud_1835.json
abudawud,1836,abudawud_1836.json
abudawud,1837,abudawud_1837.json
abudawud,1838,abudawud_1838.json
abudawud,1839,abudawud_1839.json
abudawud,184,abudawud_184.json
abudawud,1840,abudawud_1840.json
abudawud,1841,abudawud_1841.json
abudawud,1842,abudawud_1842.json
abudawud,1843,abudawud_1843.json
abudawud,1844,abudawud_1844.json
abudawud,1845,abudawud_1845.json
abudawud,1846,abudawud_1846.json
abudawud,1847,abudawud_1847.json
abudawud,1848,abudawud_1848.json
abudawud,1849,abudawud_1849.json
abudawud,185,abudawud_185.json
abudawud,1850,abudawud_1850.json
abudawud,1851,abudawud_1851.json
abudawud,1852,abudawud_1852.json
abudawud,1853,abudawud_1853.json
abudawud,1854,abudawud_1854.json
abudawud,1855,abudawud_1855.json
abudawud,1856,abudawud_1856.json
abudawud,1857,abudawud_1857.json
abudawud,1858,abudawud_1858.json
abudawud,1859,abudawud_1859.json
abudawud,186,abudawud_186.json
abudawud,1860,abudawud_1860.json
abudawud,1861,abudawud_1861.json
abudawud,1862,abudawud_1862.json
abudawud,1863,abudawud_1863.json
abudawud,1864,abudawud_1864.json
abudawud,1865,abudawud_1865.json
abudawud,1866,abudawud_1866.json
abudawud,1867,abudawud_1867.json
abudawud,1868,abudawud_1868.json
abudawud,1869,abudawud_1869.json
abudawud,187,abudawud_187.json
abudawud,1870,abudawud_1870.json
abudawud,1871,abudawud_1871.json
abudawud,1872,abudawud_1872.json
abudawud,1873,abudawud_1873.json
abudawud,1874,abudawud_1874.json
abudawud,1875,abudawud_1875.json
abudawud,1876,abudawud_1876.json
abudawud,1877,abudawud_1877.json
abudawud,1878,abudawud_1878.json
abudawud,1879,abudawud_1879.json
abudawud,188,abudawud_188.json
abudawud,1880,abudawud_1880.json
abudawud,1881,abudawud_1881.json
abudawud,1882,abudawud_1882.json
abudawud,1883,abudawud_1883.json
abudawud,1884,abudawud_1884.json
abudawud,1885,abudawud_1885.json
abudawud,1886,abudawud_1886.json
abudawud,1887,abudawud_1887.json
abudawud,1888,abudawud_1888.json
abudawud,1889,abudawud_1889.json
abudawud,189,abudawud_189.json
abudawud,1890,abudawud_1890.json
abudawud,1891,abudawud_1891.json
abudawud,1892,abudawud_1892.json
abudawud,1893,abudawud_1893.json
abudawud,1894,abudawud_1894.json
abudawud,1895,abudawud_1895.json
abudawud,1896,abudawud_1896.json
abudawud,1897,abudawud_1897.json
abudawud,1898,abudawud_1898.json
abudawud,1899,abudawud_1899.json
abudawud,19,abudawud_19.json
abudawud,190,abudawud_190.json
abudawud,1900,abudawud_1900.json
abudawud,1901,abudawud_1901.json
abudawud,1902,abudawud_1902.json
abudawud,1903,abudawud_1903.json
abudawud,1904,abudawud_1904.json
abudawud,1905,abudawud_1905.json
abudawud,1906,abudawud_1906.json
abudawud,1907,abudawud_1907.json
abudawud,1908,abudawud_1908.json
abudawud,1909,abudawud_1909.json
abudawud,191,abudawud_191.json
abudawud,1910,abudawud_1910.json
abudawud,1911,abudawud_1911.json
abudawud,1912,abudawud_1912.json
abudawud,1913,abudawud_1913.json
abudawud,1914,abudawud_1914.json
abudawud,1915,abudawud_1915.json
abudawud,1916,abudawud_1916.json
abudawud,1917,abudawud_1917.json
abudawud,1918,abudawud_1918.json
abudawud,1919,abudawud_1919.json
abudawud,192,abudawud_192.json
abudawud,1920,abudawud_1920.json
abudawud,1921,abudawud_1921.json
abudawud,1922,abudawud_1922.json
abudawud,1923,abudawud_1923.json
abudawud,1924,abudawud_1924.json
abudawud,1925,abudawud_1925.json
abudawud,1926,abudawud_1926.json
abudawud,1927,abudawud_1927.json
abudawud,1928,abudawud_1928.json
abudawud,1929,abudawud_1929.json
abudawud,193,abudawud_193.json
abudawud,1930,abudawud_1930.json
abudawud,1931,abudawud_1931.json
abudawud,1932,abudawud_1932.json
abudawud,1933,abudawud_1933.json
abudawud,1934,abudawud_1934.json
abudawud,1935,abudawud_1935.json
abudawud,1936,abudawud_1936.json
abudawud,1937,abudawud_1937.json
abudawud,1938,abudawud_1938.json
abudawud,1939,abudawud_1939.json
abudawud,194,abudawud_194.json
abudawud,1940,abudawud_1940.json
abudawud,1941,abudawud_1941.json
abudawud,1942,abudawud_1942.json
abudawud,1943,abudawud_1943.json
abudawud,1944,abudawud_1944.json
abudawud,1945,abudawud_1945.json
abudawud,1946,abudawud_1946.json
abudawud,1947,abudawud_1947.json
abudawud,1948,abudawud_1948.json
abudawud,1949,abudawud_1949.json
abudawud,195,abudawud_195.json
abudawud,1950,abudawud_1950.json
abudawud,1951,abudawud_1951.json
abudawud,1952,abudawud_1952.json
abudawud,1953,abudawud_1953.json
abudawud,1954,abudawud_1954.json
abudawud,1955,abudawud_1955.json
abudawud,1956,abudawud_1956.json
abudawud,1957,abudawud_1957.json
abudawud,1958,abudawud_1958.json
abudawud,1959,abudawud_1959.json
abudawud,196,abudawud_196.json
abudawud,1960,abudawud_1960.json
abudawud,1961,abudawud_1961.json
abudawud,1962,abudawud_1962.json
abudawud,1963,abudawud_1963.json
abudawud,1964,abudawud_1964.json
abudawud,1965,abudawud_1965.json
abudawud,1966,abudawud_1966.json
abudawud,1967,abudawud_1967.json
abudawud,1968,abudawud_1968.json
abudawud,1969,abudawud_1969.json
abudawud,197,abudawud_197.json
abudawud,1970,abudawud_1970.json
abudawud,1971,abudawud_1971.json
abudawud,1972,abudawud_1972.json
abudawud,1973,abudawud_1973.json
abudawud,1974,abudawud_1974.json
abudawud,1975,abudawud_1975.json
abudawud,1976,abudawud_1976.json
abudawud,1977,abudawud_1977.json
abudawud,1978,abudawud_1978.json
abudawud,1979,abudawud_1979.json
abudawud,198,abudawud_198.json
abudawud,1980,abudawud_1980.json
abudawud,1981,abudawud_1981.json
abudawud,1982,abudawud_1982.json
abudawud,1983,abudawud_1983.json
abudawud,1984,abudawud_1984.json
abudawud,1985,abudawud_1985.json
abudawud,1986,abudawud_1986.json
abudawud,1987,abudawud_1987.json
abudawud,1988,abudawud_1988.json
abudawud,1989,abudawud_1989.json
abudawud,199,abudawud_199.json
abudawud,1990,abudawud_1990.json
abudawud,1991,abudawud_1991.json
abudawud,1992,abudawud_1992.json
abudawud,1993,abudawud_1993.json
abudawud,1994,abudawud_1994.json
abudawud,1995,abudawud_1995.json
abudawud,1996,abudawud_1996.json
abudawud,1997,abudawud_1997.json
abudawud,1998,abudawud_1998.json
abudawud,1999,abudawud_1999.json
abudawud,2,abudawud_2.json
abudawud,20,abudawud_20.json
abudawud,200,abudawud_200.json
abudawud,2000,abudawud_2000.json
abudawud,2001,abudawud_2001.json
abudawud,2002,abudawud_2002.json
abudawud,2003,abudawud_2003.json
abudawud,2004,abudawud_2004.json
abudawud,2005,abudawud_2005.json
abudawud,2006,abudawud_2006.json
abudawud,2007,abudawud_2007.json
abudawud,2008,abudawud_2008.json
abudawud,2009,abudawud_2009.json
abudawud,201,abudawud_201.json
abudawud,2010,abudawud_2010.json
abudawud,2011,abudawud_2011.json
abudawud,2012,abudawud_2012.json
abudawud,2013,abudawud_2013.json
abudawud,2014,abudawud_2014.json
abudawud,2015,abudawud_2015.json
abudawud,2016,abudawud_2016.json
abudawud,2017,abudawud_2017.json
abudawud,2018,abudawud_2018.json
abudawud,2019,abudawud_2019.json
abudawud,202,abudawud_202.json
abudawud,2020,abudawud_2020.json
abudawud,2021,abudawud_2021.json
abudawud,2022,abudawud_2022.json
abudawud,2023,abudawud_2023.json
abudawud,2024,abudawud_2024.json
abudawud,2025,abudawud_2025.json
abudawud,2026,abudawud_2026.json
abudawud,2027,abudawud_2027.json
abudawud,2028,abudawud_2028.json
abudawud,2029,abudawud_2029.json
abudawud,203,abudawud_203.json
abudawud,2030,abudawud_2030.json
abudawud,2031,abudawud_2031.json
abudawud,2032,abudawud_2032.json
abudawud,2033,abudawud_2033.json
abudawud,2034,abudawud_2034.json
abudawud,2035,abudawud_2035.json
abudawud,2036,abudawud_2036.json
abudawud,2037,abudawud_2037.json
abudawud,2038,abudawud_2038.json
abudawud,2039,abudawud_2039.json
abudawud,204,abudawud_204.json
abudawud,2040,abudawud_2040.json
abudawud,2041,abudawud_2041.json
abudawud,2042,abudawud_2042.json
abudawud,2043,abudawud_2043.json
abudawud,2044,abudawud_2044.json
abudawud,2045,abudawud_2045.json
abudawud,2046,abudawud_2046.json
abudawud,2047,abudawud_2047.json
abudawud,2048,abudawud_2048.json
abudawud,2049,abudawud_2049.json
abudawud,205,abudawud_205.json
abudawud,2050,abudawud_2050.json
abudawud,2051,abudawud_2051.json
abudawud,2052,abudawud_2052.json
abudawud,2053,abudawud_2053.json
abudawud,2054,abudawud_2054.json
abudawud,2055,abudawud_2055.json
abudawud,2056,abudawud_2056.json
abudawud,2057,abudawud_2057.json
abudawud,2058,abudawud_2058.json
abudawud,2059,abudawud_2059.json
abudawud,206,abudawud_206.json
abudawud,2060,abudawud_2060.json
abudawud,2061,abudawud_2061.json
abudawud,2062,abudawud_2062.json
abudawud,2063,abudawud_2063.json
abudawud,2064,abudawud_2064.json
abudawud,2065,abudawud_2065.json
abudawud,2066,abudawud_2066.json
abudawud,2067,abudawud_2067.json
abudawud,2068,abudawud_2068.json
abudawud,2069,abudawud_2069.json
abudawud,207,abudawud_207.json
abudawud,2070,abudawud_2070.json
abudawud,2071,abudawud_2071.json
abudawud,2072,abudawud_2072.json
abudawud,2073,abudawud_2073.json
abudawud,2074,abudawud_2074.json
abudawud,2075,abudawud_2075.json
abudawud,2076,abudawud_2076.json
abudawud,2077,abudawud_2077.json
abudawud,2078,abudawud_2078.json
abudawud,2079,abudawud_2079.json
abudawud,208,abudawud_208.json
abudawud,2080,abudawud_2080.json
abudawud,2081,abudawud_2081.json
abudawud,2082,abudawud_2082.json
abudawud,2083,abudawud_2083.json
abudawud,2084,abudawud_2084.json
abudawud,2085,abudawud_2085.json
abudawud,2086,abudawud_2086.json
abudawud,2087,abudawud_2087.json
abudawud,2088,abudawud_2088.json
abudawud,2089,abudawud_2089.json
abudawud,209,abudawud_209.json
abudawud,2090,abudawud_2090.json
abudawud,2091,abudawud_2091.json
abudawud,2092,abudawud_2092.json
abudawud,2093,abudawud_2093.json
abudawud,2094,abudawud_2094.json
abudawud,2095,abudawud_2095.json
abudawud,2096,abudawud_2096.json
abudawud,2097,abudawud_2097.json
abudawud,2098,abudawud_2098.json
abudawud,2099,abudawud_2099.json
abudawud,21,abudawud_21.json
abudawud,210,abudawud_210.json
abudawud,2100,abudawud_2100.json
abudawud,2101,abudawud_2101.json
abudawud,2102,abudawud_2102.json
abudawud,2103,abudawud_2103.json
abudawud,2104,abudawud_2104.json
abudawud,2105,abudawud_2105.json
abudawud,2106,abudawud_2106.json
abudawud,2107,abudawud_2107.json
abudawud,2108,abudawud_2108.json
abudawud,2109,abudawud_2109.json
abudawud,211,abudawud_211.json
abudawud,2110,abudawud_2110.json
abudawud,2111,abudawud_2111.json
abudawud,2112,abudawud_2112.json
abudawud,2113,abudawud_2113.json
abudawud,2114,abudawud_2114.json
abudawud,2115,abudawud_2115.json
abudawud,2116,abudawud_2116.json
abudawud,2117,abudawud_2117.json
abudawud,2118,abudawud_2118.json
abudawud,2119,abudawud_2119.json
abudawud,212,abudawud_212.json
abudawud,2120,abudawud_2120.json
abudawud,2121,abudawud_2121.json
abudawud,2122,abudawud_2122.json
abudawud,2123,abudawud_2123.json
abudawud,2124,abudawud_2124.json
abudawud,2125,abudawud_2125.json
abudawud,2126,abudawud_2126.json
abudawud,2127,abudawud_2127.json
abudawud,2128,abudawud_2128.json
abudawud,2129,abudawud_2129.json
abudawud,213,abudawud_213.json
abudawud,2130,abudawud_2130.json
abudawud,2131,abudawud_2131.json
abudawud,2132,abudawud_2132.json
abudawud,2133,abudawud_2133.json
abudawud,2134,abudawud_2134.json
abudawud,2135,abudawud_2135.json
abudawud,2136,abudawud_2136.json
abudawud,2137,abudawud_2137.json
abudawud,2138,abudawud_2138.json
abudawud,2139,abudawud_2139.json
abudawud,214,abudawud_214.json
abudawud,2140,abudawud_2140.json
abudawud,2141,abudawud_2141.json
abudawud,2142,abudawud_2142.json
abudawud,2143,abudawud_2143.json
abudawud,2144,abudawud_2144.json
abudawud,2145,abudawud_2145.json
abudawud,2146,abudawud_2146.json
abudawud,2147,abudawud_2147.json
abudawud,2148,abudawud_2148.json
abudawud,2149,abudawud_2149.json
abudawud,215,abudawud_215.json
abudawud,2150,abudawud_2150.json
abudawud,2151,abudawud_2151.json
abudawud,2152,abudawud_2152.json
abudawud,2153,abudawud_2153.json
abudawud,2154,abudawud_2154.json
abudawud,2155,abudawud_2155.json
abudawud,2156,abudawud_2156.json
abudawud,2157,abudawud_2157.json
abudawud,2158,abudawud_2158.json
abudawud,2159,abudawud_2159.json
abudawud,216,abudawud_216.json
abudawud,2160,abudawud_2160.json
abudawud,2161,abudawud_2161.json
abudawud,2162,abudawud_2162.json
abudawud,2163,abudawud_2163.json
abudawud,2164,abudawud_2164.json
abudawud,2165,abudawud_2165.json
abudawud,2166,abudawud_2166.json
abudawud,2167,abudawud_2167.json
abudawud,2168,abudawud_2168.json
abudawud,2169,abudawud_2169.json
abudawud,217,abudawud_217.json
abudawud,2170,abudawud_2170.json
abudawud,2171,abudawud_2171.json
abudawud,2172,abudawud_2172.json
abudawud,2173,abudawud_2173.json
abudawud,2174,abudawud_2174.json
abudawud,2175,abudawud_2175.json
abudawud,2176,abudawud_2176.json
abudawud,2177,abudawud_2177.json
abudawud,2178,abudawud_2178.json
abudawud,2179,abudawud_2179.json
abudawud,218,abudawud_218.json
abudawud,2180,abudawud_2180.json
abudawud,2181,abudawud_2181.json
abudawud,2182,abudawud_2182.json
abudawud,2183,abudawud_2183.json
abudawud,2184,abudawud_2184.json
abudawud,2185,abudawud_2185.json
abudawud,2186,abudawud_2186.json
abudawud,2187,abudawud_2187.json
abudawud,2188,abudawud_2188.json
abudawud,2189,abudawud_2189.json
abudawud,219,abudawud_219.json
abudawud,2190,abudawud_2190.json
abudawud,2191,abudawud_2191.json
abudawud,2192,abudawud_2192.json
abudawud,2193,abudawud_2193.json
abudawud,2194,abudawud_2194.json
abudawud,2195,abudawud_2195.json
abudawud,2196,abudawud_2196.json
abudawud,2197,abudawud_2197.json
abudawud,2198,abudawud_2198.json
abudawud,2199,abudawud_2199.json
abudawud,22,abudawud_22.json
abudawud,220,abudawud_220.json
abudawud,2200,abudawud_2200.json
abudawud,2201,abudawud_2201.json
abudawud,2202,abudawud_2202.json
abudawud,2203,abudawud_2203.json
abudawud,2204,abudawud_2204.json
abudawud,2205,abudawud_2205.json
abudawud,2206,abudawud_2206.json
abudawud,2207,abudawud_2207.json
abudawud,2208,abudawud_2208.json
abudawud,2209,abudawud_2209.json
abudawud,221,abudawud_221.json
abudawud,2210,abudawud_2210.json
abudawud,2211,abudawud_2211.json
abudawud,2212,abudawud_2212.json
abudawud,2213,abudawud_2213.json
abudawud,2214,abudawud_2214.json
abudawud,2215,abudawud_2215.json
abudawud,2216,abudawud_2216.json
abudawud,2217,abudawud_2217.json
abudawud,2218,abudawud_2218.json
abudawud,2219,abudawud_2219.json
abudawud,222,abudawud_222.json
abudawud,2220,abudawud_2220.json
abudawud,2221,abudawud_2221.json
abudawud,2222,abudawud_2222.json
abudawud,2223,abudawud_2223.json
abudawud,2224,abudawud_2224.json
abudawud,2225,abudawud_2225.json
abudawud,2226,abudawud_2226.json
abudawud,2227,abudawud_2227.json
abudawud,2228,abudawud_2228.json
abudawud,2229,abudawud_2229.json
abudawud,223,abudawud_223.json
abudawud,2230,abudawud_2230.json
abudawud,2231,abudawud_2231.json
abudawud,2232,abudawud_2232.json
abudawud,2233,abudawud_2233.json
abudawud,2234,abudawud_2234.json
abudawud,2235,abudawud_2235.json
abudawud,2236,abudawud_2236.json
abudawud,2237,abudawud_2237.json
abudawud,2238,abudawud_2238.json
abudawud,2239,abudawud_2239.json
abudawud,224,abudawud_224.json
abudawud,2240,abudawud_2240.json
abudawud,2241,abudawud_2241.json
abudawud,2242,abudawud_2242.json
abudawud,2243,abudawud_2243.json
abudawud,2244,abudawud_2244.json
abudawud,2245,abudawud_2245.json
abudawud,2246,abudawud_2246.json
abudawud,2247,abudawud_2247.json
abudawud,2248,abudawud_2248.json
abudawud,2249,abudawud_2249.json
abudawud,225,abudawud_225.json
abudawud,2250,abudawud_2250.json
abudawud,2251,abudawud_2251.json
abudawud,2252,abudawud_2252.json
abudawud,2253,abudawud_2253.json
abudawud,2254,abudawud_2254.json
abudawud,2255,abudawud_2255.json
abudawud,2256,abudawud_2256.json
abudawud,2257,abudawud_2257.json
abudawud,2258,abudawud_2258.json
abudawud,2259,abudawud_2259.json
abudawud,226,abudawud_226.json
abudawud,2260,abudawud_2260.json
abudawud,2261,abudawud_2261.json
abudawud,2262,abudawud_2262.json
abudawud,2263,abudawud_2263.json
abudawud,2264,abudawud_2264.json
abudawud,2265,abudawud_2265.json
abudawud,2266,abudawud_2266.json
abudawud,2267,abudawud_2267.json
abudawud,2268,abudawud_2268.json
abudawud,2269,abudawud_2269.json
abudawud,227,abudawud_227.json
abudawud,2270,abudawud_2270.json
abudawud,2271,abudawud_2271.json
abudawud,2272,abudawud_2272.json
abudawud,2273,abudawud_2273.json
abudawud,2274,abudawud_2274.json
abudawud,2275,abudawud_2275.json
abudawud,2276,abudawud_2276.json
abudawud,2277,abudawud_2277.json
abudawud,2278,abudawud_2278.json
abudawud,2279,abudawud_2279.json
abudawud,228,abudawud_228.json
abudawud,2280,abudawud_2280.json
abudawud,2281,abudawud_2281.json
abudawud,2282,abudawud_2282.json
abudawud,2283,abudawud_2283.json
abudawud,2284,abudawud_2284.json
abudawud,2285,abudawud_2285.json
abudawud,2286,abudawud_2286.json
abudawud,2287,abudawud_2287.json
abudawud,2288,abudawud_2288.json
abudawud,2289,abudawud_2289.json
abudawud,229,abudawud_229.json
abudawud,2290,abudawud_2290.json
abudawud,2291,abudawud_2291.json
abudawud,2292,abudawud_2292.json
abudawud,2293,abudawud_2293.json
abudawud,2294,abudawud_2294.json
abudawud,2295,abudawud_2295.json
abudawud,2296,abudawud_2296.json
abudawud,2297,abudawud_2297.json
abudawud,2298,abudawud_2298.json
abudawud,2299,abudawud_2299.json
abudawud,23,abudawud_23.json
abudawud,230,abudawud_230.json
abudawud,2300,abudawud_2300.json
abudawud,2301,abudawud_2301.json
abudawud,2302,abudawud_2302.json
abudawud,2303,abudawud_2303.json
abudawud,2304,abudawud_2304.json
abudawud,2305,abudawud_2305.json
abudawud,2306,abudawud_2306.json
abudawud,2307,abudawud_2307.json
abudawud,2308,abudawud_2308.json
abudawud,2309,abudawud_2309.json
abudawud,231,abudawud_231.json
abudawud,2310,abudawud_2310.json
abudawud,2311,abudawud_2311.json
abudawud,2312,abudawud_2312.json
abudawud,2313,abudawud_2313.json
abudawud,2314,abudawud_2314.json
abudawud,2315,abudawud_2315.json
abudawud,2316,abudawud_2316.json
abudawud,2317,abudawud_2317.json
abudawud,2318,abudawud_2318.json
abudawud,2319,abudawud_2319.json
abudawud,232,abudawud_232.json
abudawud,2320,abudawud_2320.json
abudawud,2321,abudawud_2321.json
abudawud,2322,abudawud_2322.json
abudawud,2323,abudawud_2323.json
abudawud,2324,abudawud_2324.json
abudawud,2325,abudawud_2325.json
abudawud,2326,abudawud_2326.json
abudawud,2327,abudawud_2327.json
abudawud,2328,abudawud_2328.json
abudawud,2329,abudawud_2329.json
abudawud,233,abudawud_233.json
abudawud,2330,abudawud_2330.json
abudawud,2331,abudawud_2331.json
abudawud,2332,abudawud_2332.json
abudawud,2333,abudawud_2333.json
abudawud,2334,abudawud_2334.json
abudawud,2335,abudawud_2335.json
abudawud,2336,abudawud_2336.json
abudawud,2337,abudawud_2337.json
abudawud,2338,abudawud_2338.json
abudawud,2339,abudawud_2339.json
abudawud,234,abudawud_234.json
abudawud,2340,abudawud_2340.json
abudawud,2341,abudawud_2341.json
abudawud,2342,abudawud_2342.json
abudawud,2343,abudawud_2343.json
abudawud,2344,abudawud_2344.json
abudawud,2345,abudawud_2345.json
abudawud,2346,abudawud_2346.json
abudawud,2347,abudawud_2347.json
abudawud,2348,abudawud_2348.json
abudawud,2349,abudawud_2349.json
abudawud,235,abudawud_235.json
abudawud,2350,abudawud_2350.json
abudawud,2351,abudawud_2351.json
abudawud,2352,abudawud_2352.json
abudawud,2353,abudawud_2353.json
abudawud,2354,abudawud_2354.json
abudawud,2355,abudawud_2355.json
abudawud,2356,abudawud_2356.json
abudawud,2357,abudawud_2357.json
abudawud,2358,abudawud_2358.json
abudawud,2359,abudawud_2359.json
abudawud,236,abudawud_236.json
abudawud,2360,abudawud_2360.json
abudawud,2361,abudawud_2361.json
abudawud,2362,abudawud_2362.json
abudawud,2363,abudawud_2363.json
abudawud,2364,abudawud_2364.json
abudawud,2365,abudawud_2365.json
abudawud,2366,abudawud_2366.json
abudawud,2367,abudawud_2367.json
abudawud,2368,abudawud_2368.json
abudawud,2369,abudawud_2369.json
abudawud,237,abudawud_237.json
abudawud,2370,abudawud_2370.json
abudawud,2371,abudawud_2371.json
abudawud,2372,abudawud_2372.json
abudawud,2373,abudawud_2373.json
abudawud,2374,abudawud_2374.json
abudawud,2375,abudawud_2375.json
abudawud,2376,abudawud_2376.json
abudawud,2377,abudawud_2377.json
abudawud,2378,abudawud_2378.json
abudawud,2379,abudawud_2379.json
abudawud,238,abudawud_238.json
abudawud,2380,abudawud_2380.json
abudawud,2381,abudawud_2381.json
abudawud,2382,abudawud_2382.json
abudawud,2383,abudawud_2383.json
abudawud,2384,abudawud_2384.json
abudawud,2385,abudawud_2385.json
abudawud,2386,abudawud_2386.json
abudawud,2387,abudawud_2387.json
abudawud,2388,abudawud_2388.json
abudawud,2389,abudawud_2389.json
abudawud,239,abudawud_239.json
abudawud,2390,abudawud_2390.json
abudawud,2391,abudawud_2391.json
abudawud,2392,abudawud_2392.json
abudawud,2393,abudawud_2393.json
abudawud,2394,abudawud_2394.json
abudawud,2395,abudawud_2395.json
abudawud,2396,abudawud_2396.json
abudawud,2397,abudawud_2397.json
abudawud,2398,abudawud_2398.json
abudawud,2399,abudawud_2399.json
abudawud,24,abudawud_24.json
abudawud,240,abudawud_240.json
abudawud,2400,abudawud_2400.json
abudawud,2401,abudawud_2401.json
abudawud,2402,abudawud_2402.json
abudawud,2403,abudawud_2403.json
abudawud,2404,abudawud_2404.json
abudawud,2405,abudawud_2405.json
abudawud,2406,abudawud_2406.json
abudawud,2407,abudawud_2407.json
abudawud,2408,abudawud_2408.json
abudawud,2409,abudawud_2409.json
abudawud,241,abudawud_241.json
abudawud,2410,abudawud_2410.json
abudawud,2411,abudawud_2411.json
abudawud,2412,abudawud_2412.json
abudawud,2413,abudawud_2413.json
abudawud,2414,abudawud_2414.json
abudawud,2415,abudawud_2415.json
abudawud,2416,abudawud_2416.json
abudawud,2417,abudawud_2417.json
abudawud,2418,abudawud_2418.json
abudawud,2419,abudawud_2419.json
abudawud,242,abudawud_242.json
abudawud,2420,abudawud_2420.json
abudawud,2421,abudawud_2421.json
abudawud,2422,abudawud_2422.json
abudawud,2423,abudawud_2423.json
abudawud,2424,abudawud_2424.json
abudawud,2425,abudawud_2425.json
abudawud,2426,abudawud_2426.json
abudawud,2427,abudawud_2427.json
abudawud,2428,abudawud_2428.json
abudawud,2429,abudawud_2429.json
abudawud,243,abudawud_243.json
abudawud,2430,abudawud_2430.json
abudawud,2431,abudawud_2431.json
abudawud,2432,abudawud_2432.json
abudawud,2433,abudawud_2433.json
abudawud,2434,abudawud_2434.json
abudawud,2435,abudawud_2435.json
abudawud,2436,abudawud_2436.json
abudawud,2437,abudawud_2437.json
abudawud,2438,abudawud_2438.json
abudawud,2439,abudawud_2439.json
abudawud,244,abudawud_244.json
abudawud,2440,abudawud_2440.json
abudawud,2441,abudawud_2441.json
abudawud,2442,abudawud_2442.json
abudawud,2443,abudawud_2443.json
abudawud,2444,abudawud_2444.json
abudawud,2445,abudawud_2445.json
abudawud,2446,abudawud_2446.json
abudawud,2447,abudawud_2447.json
abudawud,2448,abudawud_2448.json
abudawud,2449,abudawud_2449.json
abudawud,245,abudawud_245.json
abudawud,2450,abudawud_2450.json
abudawud,2451,abudawud_2451.json
abudawud,2452,abudawud_2452.json
abudawud,2453,abudawud_2453.json
abudawud,2454,abudawud_2454.json
abudawud,2455,abudawud_2455.json
abudawud,2456,abudawud_2456.json
abudawud,2457,abudawud_2457.json
abudawud,2458,abudawud_2458.json
abudawud,2459,abudawud_2459.json
abudawud,246,abudawud_246.json
abudawud,2460,abudawud_2460.json
abudawud,2461,abudawud_2461.json
abudawud,2462,abudawud_2462.json
abudawud,2463,abudawud_2463.json
abudawud,2464,abudawud_2464.json
abudawud,2465,abudawud_2465.json
abudawud,2466,abudawud_2466.json
abudawud,2467,abudawud_2467.json
abudawud,2468,abudawud_2468.json
abudawud,2469,abudawud_2469.json
abudawud,247,abudawud_247.json
abudawud,2470,abudawud_2470.json
abudawud,2471,abudawud_2471.json
abudawud,2472,abudawud_2472.json
abudawud,2473,abudawud_2473.json
abudawud,2474,abudawud_2474.json
abudawud,2475,abudawud_2475.json
abudawud,2476,abudawud_2476.json
abudawud,2477,abudawud_2477.json
abudawud,2478,abudawud_2478.json
abudawud,2479,abudawud_2479.json
abudawud,248,abudawud_248.json
abudawud,2480,abudawud_2480.json
abudawud,2481,abudawud_2481.json
abudawud,2482,abudawud_2482.json
abudawud,2483,abudawud_2483.json
abudawud,2484,abudawud_2484.json
abudawud,2485,abudawud_2485.json
abudawud,2486,abudawud_2486.json
abudawud,2487,abudawud_2487.json
abudawud,2488,abudawud_2488.json
abudawud,2489,abudawud_2489.json
abudawud,249,abudawud_249.json
abudawud,2490,abudawud_2490.json
abudawud,2491,abudawud_2491.json
abudawud,2492,abudawud_2492.json
abudawud,2493,abudawud_2493.json
abudawud,2494,abudawud_2494.json
abudawud,2495,abudawud_2495.json
abudawud,2496,abudawud_2496.json
abudawud,2497,abudawud_2497.json
abudawud,2498,abudawud_2498.json
abudawud,2499,abudawud_2499.json
abudawud,25,abudawud_25.json
abudawud,250,abudawud_250.json
abudawud,2500,abudawud_2500.json
abudawud,2501,abudawud_2501.json
abudawud,2502,abudawud_2502.json
abudawud,2503,abudawud_2503.json
abudawud,2504,abudawud_2504.json
abudawud,2505,abudawud_2505.json
abudawud,2506,abudawud_2506.json
abudawud,2507,abudawud_2507.json
abudawud,2508,abudawud_2508.json
abudawud,2509,abudawud_2509.json
abudawud,251,abudawud_251.json
abudawud,2510,abudawud_2510.json
abudawud,2511,abudawud_2511.json
abudawud,2512,abudawud_2512.json
abudawud,2513,abudawud_2513.json
abudawud,2514,abudawud_2514.json
abudawud,2515,abudawud_2515.json
abudawud,2516,abudawud_2516.json
abudawud,2517,abudawud_2517.json
abudawud,2518,abudawud_2518.json
abudawud,2519,abudawud_2519.json
abudawud,252,abudawud_252.json
abudawud,2520,abudawud_2520.json
abudawud,2521,abudawud_2521.json
abudawud,2522,abudawud_2522.json
abudawud,2523,abudawud_2523.json
abudawud,2524,abudawud_2524.json
abudawud,2525,abudawud_2525.json
abudawud,2526,abudawud_2526.json
abudawud,2527,abudawud_2527.json
abudawud,2528,abudawud_2528.json
abudawud,2529,abudawud_2529.json
abudawud,253,abudawud_253.json
abudawud,2530,abudawud_2530.json
abudawud,2531,abudawud_2531.json
abudawud,2532,abudawud_2532.json
abudawud,2533,abudawud_2533.json
abudawud,2534,abudawud_2534.json
abudawud,2535,abudawud_2535.json
abudawud,2536,abudawud_2536.json
abudawud,2537,abudawud_2537.json
abudawud,2538,abudawud_2538.json
abudawud,2539,abudawud_2539.json
abudawud,254,abudawud_254.json
abudawud,2540,abudawud_2540.json
abudawud,2541,abudawud_2541.json
abudawud,2542,abudawud_2542.json
abudawud,2543,abudawud_2543.json
abudawud,2544,abudawud_2544.json
abudawud,2545,abudawud_2545.json
abudawud,2546,abudawud_2546.json
abudawud,2547,abudawud_2547.json
abudawud,2548,abudawud_2548.json
abudawud,2549,abudawud_2549.json
abudawud,255,abudawud_255.json
abudawud,2550,abudawud_2550.json
abudawud,2551,abudawud_2551.json
abudawud,2552,abudawud_2552.json
abudawud,2553,abudawud_2553.json
abudawud,2554,abudawud_2554.json
abudawud,2555,abudawud_2555.json
abudawud,2556,abudawud_2556.json
abudawud,2557,abudawud_2557.json
abudawud,2558,abudawud_2558.json
abudawud,2559,abudawud_2559.json
abudawud,256,abudawud_256.json
abudawud,2560,abudawud_2560.json
abudawud,2561,abudawud_2561.json
abudawud,2562,abudawud_2562.json
abudawud,2563,abudawud_2563.json
abudawud,2564,abudawud_2564.json
abudawud,2565,abudawud_2565.json
abudawud,2566,abudawud_2566.json
abudawud,2567,abudawud_2567.json
abudawud,2568,abudawud_2568.json
abudawud,2569,abudawud_2569.json
abudawud,257,abudawud_257.json
abudawud,2570,abudawud_2570.json
abudawud,2571,abudawud_2571.json
abudawud,2572,abudawud_2572.json
abudawud,2573,abudawud_2573.json
abudawud,2574,abudawud_2574.json
abudawud,2575,abudawud_2575.json
abudawud,2576,abudawud_2576.json
abudawud,2577,abudawud_2577.json
abudawud,2578,abudawud_2578.json
abudawud,2579,abudawud_2579.json
abudawud,258,abudawud_258.json
abudawud,2580,abudawud_2580.json
abudawud,2581,abudawud_2581.json
abudawud,2582,abudawud_2582.json
abudawud,2583,abudawud_2583.json
abudawud,2584,abudawud_2584.json
abudawud,2585,abudawud_2585.json
abudawud,2586,abudawud_2586.json
abudawud,2587,abudawud_2587.json
abudawud,2588,abudawud_2588.json
abudawud,2589,abudawud_2589.json
abudawud,259,abudawud_259.json
abudawud,2590,abudawud_2590.json
abudawud,2591,abudawud_2591.json
abudawud,2592,abudawud_2592.json
abudawud,2593,abudawud_2593.json
abudawud,2594,abudawud_2594.json
abudawud,2595,abudawud_2595.json
abudawud,2596,abudawud_2596.json
abudawud,2597,abudawud_2597.json
abudawud,2598,abudawud_2598.json
abudawud,2599,abudawud_2599.json
abudawud,26,abudawud_26.json
abudawud,260,abudawud_260.json
abudawud,2600,abudawud_2600.json
abudawud,2601,abudawud_2601.json
abudawud,2602,abudawud_2602.json
abudawud,2603,abudawud_2603.json
abudawud,2604,abudawud_2604.json
abudawud,2605,abudawud_2605.json
abudawud,2606,abudawud_2606.json
abudawud,2607,abudawud_2607.json
abudawud,2608,abudawud_2608.json
abudawud,2609,abudawud_2609.json
abudawud,261,abudawud_261.json
abudawud,2610,abudawud_2610.json
abudawud,2611,abudawud_2611.json
abudawud,2612,abudawud_2612.json
abudawud,2613,abudawud_2613.json
abudawud,2614,abudawud_2614.json
abudawud,2615,abudawud_2615.json
abudawud,2616,abudawud_2616.json
abudawud,2617,abudawud_2617.json
abudawud,2618,abudawud_2618.json
abudawud,2619,abudawud_2619.json
abudawud,262,abudawud_262.json
abudawud,2620,abudawud_2620.json
abudawud,2621,abudawud_2621.json
abudawud,2622,abudawud_2622.json
abudawud,2623,abudawud_2623.json
abudawud,2624,abudawud_2624.json
abudawud,2625,abudawud_2625.json
abudawud,2626,abudawud_2626.json
abudawud,2627,abudawud_2627.json
abudawud,2628,abudawud_2628.json
abudawud,2629,abudawud_2629.json
abudawud,263,abudawud_263.json
abudawud,2630,abudawud_2630.json
abudawud,2631,abudawud_2631.json
abudawud,2632,abudawud_2632.json
abudawud,2633,abudawud_2633.json
abudawud,2634,abudawud_2634.json
abudawud,2635,abudawud_2635.json
abudawud,2636,abudawud_2636.json
abudawud,2637,abudawud_2637.json
abudawud,2638,abudawud_2638.json
abudawud,2639,abudawud_2639.json
abudawud,264,abudawud_264.json
abudawud,2640,abudawud_2640.json
abudawud,2641,abudawud_2641.json
abudawud,2642,abudawud_2642.json
abudawud,2643,abudawud_2643.json
abudawud,2644,abudawud_2644.json
abudawud,2645,abudawud_2645.json
abudawud,2646,abudawud_2646.json
abudawud,2647,abudawud_2647.json
abudawud,2648,abudawud_2648.json
abudawud,2649,abudawud_2649.json
abudawud,265,abudawud_265.json
abudawud,2650,abudawud_2650.json
abudawud,2651,abudawud_2651.json
abudawud,2652,abudawud_2652.json
abudawud,2653,abudawud_2653.json
abudawud,2654,abudawud_2654.json
abudawud,2655,abudawud_2655.json
abudawud,2656,abudawud_2656.json
abudawud,2657,abudawud_2657.json
abudawud,2658,abudawud_2658.json
abudawud,2659,abudawud_2659.json
abudawud,266,abudawud_266.json
abudawud,2660,abudawud_2660.json
abudawud,2661,abudawud_2661.json
abudawud,2662,abudawud_2662.json
abudawud,2663,abudawud_2663.json
abudawud,2664,abudawud_2664.json
abudawud,2665,abudawud_2665.json
abudawud,2666,abudawud_2666.json
abudawud,2667,abudawud_2667.json
abudawud,2668,abudawud_2668.json
abudawud,2669,abudawud_2669.json
abudawud,267,abudawud_267.json
abudawud,2670,abudawud_2670.json
abudawud,2671,abudawud_2671.json
abudawud,2672,abudawud_2672.json
abudawud,2673,abudawud_2673.json
abudawud,2674,abudawud_2674.json
abudawud,2675,abudawud_2675.json
abudawud,2676,abudawud_2676.json
abudawud,2677,abudawud_2677.json
abudawud,2678,abudawud_2678.json
abudawud,2679,abudawud_2679.json
abudawud,268,abudawud_268.json
abudawud,2680,abudawud_2680.json
abudawud,2681,abudawud_2681.json
abudawud,2682,abudawud_2682.json
abudawud,2683,abudawud_2683.json
abudawud,2684,abudawud_2684.json
abudawud,2685,abudawud_2685.json
abudawud,2686,abudawud_2686.json
abudawud,2687,abudawud_2687.json
abudawud,2688,abudawud_2688.json
abudawud,2689,abudawud_2689.json
abudawud,269,abudawud_269.json
abudawud,2690,abudawud_2690.json
abudawud,2691,abudawud_2691.json
abudawud,2692,abudawud_2692.json
abudawud,2693,abudawud_2693.json
abudawud,2694,abudawud_2694.json
abudawud,2695,abudawud_2695.json
abudawud,2696,abudawud_2696.json
abudawud,2697,abudawud_2697.json
abudawud,2698,abudawud_2698.json
abudawud,2699,abudawud_2699.json
abudawud,27,abudawud_27.json
abudawud,270,abudawud_270.json
abudawud,2700,abudawud_2700.json
abudawud,2701,abudawud_2701.json
abudawud,2702,abudawud_2702.json
abudawud,2703,abudawud_2703.json
abudawud,2704,abudawud_2704.json
abudawud,2705,abudawud_2705.json
abudawud,2706,abudawud_2706.json
abudawud,2707,abudawud_2707.json
abudawud,2708,abudawud_2708.json
abudawud,2709,abudawud_2709.json
abudawud,271,abudawud_271.json
abudawud,2710,abudawud_2710.json
abudawud,2711,abudawud_2711.json
abudawud,2712,abudawud_2712.json
abudawud,2713,abudawud_2713.json
abudawud,2714,abudawud_2714.json
abudawud,2715,abudawud_2715.json
abudawud,2716,abudawud_2716.json
abudawud,2717,abudawud_2717.json
abudawud,2718,abudawud_2718.json
abudawud,2719,abudawud_2719.json
abudawud,272,abudawud_272.json
abudawud,2720,abudawud_2720.json
abudawud,2721,abudawud_2721.json
abudawud,2722,abudawud_2722.json
abudawud,2723,abudawud_2723.json
abudawud,2724,abudawud_2724.json
abudawud,2725,abudawud_2725.json
abudawud,2726,abudawud_2726.json
abudawud,2727,abudawud_2727.json
abudawud,2728,abudawud_2728.json
abudawud,2729,abudawud_2729.json
abudawud,273,abudawud_273.json
abudawud,2730,abudawud_2730.json
abudawud,2731,abudawud_2731.json
abudawud,2732,abudawud_2732.json
abudawud,2733,abudawud_2733.json
abudawud,2734,abudawud_2734.json
abudawud,2735,abudawud_2735.json
abudawud,2736,abudawud_2736.json
abudawud,2737,abudawud_2737.json
abudawud,2738,abudawud_2738.json
abudawud,2739,abudawud_2739.json
abudawud,274,abudawud_274.json
abudawud,2740,abudawud_2740.json
abudawud,2741,abudawud_2741.json
abudawud,2742,abudawud_2742.json
abudawud,2743,abudawud_2743.json
abudawud,2744,abudawud_2744.json
abudawud,2745,abudawud_2745.json
abudawud,2746,abudawud_2746.json
abudawud,2747,abudawud_2747.json
abudawud,2748,abudawud_2748.json
abudawud,2749,abudawud_2749.json
abudawud,275,abudawud_275.json
abudawud,2750,abudawud_2750.json
abudawud,2751,abudawud_2751.json
abudawud,2752,abudawud_2752.json
abudawud,2753,abudawud_2753.json
abudawud,2754,abudawud_2754.json
abudawud,2755,abudawud_2755.json
abudawud,2756,abudawud_2756.json
abudawud,2757,abudawud_2757.json
abudawud,2758,abudawud_2758.json
abudawud,2759,abudawud_2759.json
abudawud,276,abudawud_276.json
abudawud,2760,abudawud_2760.json
abudawud,2761,abudawud_2761.json
abudawud,2762,abudawud_2762.json
abudawud,2763,abudawud_2763.json
abudawud,2764,abudawud_2764.json
abudawud,2765,abudawud_2765.json
abudawud,2766,abudawud_2766.json
abudawud,2767,abudawud_2767.json
abudawud,2768,abudawud_2768.json
abudawud,2769,abudawud_2769.json
abudawud,277,abudawud_277.json
abudawud,2770,abudawud_2770.json
abudawud,2771,abudawud_2771.json
abudawud,2772,abudawud_2772.json
abudawud,2773,abudawud_2773.json
abudawud,2774,abudawud_2774.json
abudawud,2775,abudawud_2775.json
abudawud,2776,abudawud_2776.json
abudawud,2777,abudawud_2777.json
abudawud,2778,abudawud_2778.json
abudawud,2779,abudawud_2779.json
abudawud,278,abudawud_278.json
abudawud,2780,abudawud_2780.json
abudawud,2781,abudawud_2781.json
abudawud,2782,abudawud_2782.json
abudawud,2783,abudawud_2783.json
abudawud,2784,abudawud_2784.json
abudawud,2785,abudawud_2785.json
abudawud,2786,abudawud_2786.json
abudawud,2787,abudawud_2787.json
abudawud,2788,abudawud_2788.json
abudawud,2789,abudawud_2789.json
abudawud,279,abudawud_279.json
abudawud,2790,abudawud_2790.json
abudawud,2791,abudawud_2791.json
abudawud,2792,abudawud_2792.json
abudawud,2793,abudawud_2793.json
abudawud,2794,abudawud_2794.json
abudawud,2795,abudawud_2795.json
abudawud,2796,abudawud_2796.json
abudawud,2797,abudawud_2797.json
abudawud,2798,abudawud_2798.json
abudawud,2799,abudawud_2799.json
abudawud,28,abudawud_28.json
abudawud,280,abudawud_280.json
abudawud,2800,abudawud_2800.json
abudawud,2801,abudawud_2801.json
abudawud,2802,abudawud_2802.json
abudawud,2803,abudawud_2803.json
abudawud,2804,abudawud_2804.json
abudawud,2805,abudawud_2805.json
abudawud,2806,abudawud_2806.json
abudawud,2807,abudawud_2807.json
abudawud,2808,abudawud_2808.json
abudawud,2809,abudawud_2809.json
abudawud,281,abudawud_281.json
abudawud,2810,abudawud_2810.json
abudawud,2811,abudawud_2811.json
abudawud,2812,abudawud_2812.json
abudawud,2813,abudawud_2813.json
abudawud,2814,abudawud_2814.json
abudawud,2815,abudawud_2815.json
abudawud,2816,abudawud_2816.json
abudawud,2817,abudawud_2817.json
abudawud,2818,abudawud_2818.json
abudawud,2819,abudawud_2819.json
abudawud,282,abudawud_282.json
abudawud,2820,abudawud_2820.json
abudawud,2821,abudawud_2821.json
abudawud,2822,abudawud_2822.json
abudawud,2823,abudawud_2823.json
abudawud,2824,abudawud_2824.json
abudawud,2825,abudawud_2825.json
abudawud,2826,abudawud_2826.json
abudawud,2827,abudawud_2827.json
abudawud,2828,abudawud_2828.json
abudawud,2829,abudawud_2829.json
abudawud,283,abudawud_283.json
abudawud,2830,abudawud_2830.json
abudawud,2831,abudawud_2831.json
abudawud,2832,abudawud_2832.json
abudawud,2833,abudawud_2833.json
abudawud,2834,abudawud_2834.json
abudawud,2835,abudawud_2835.json
abudawud,2836,abudawud_2836.json
abudawud,2837,abudawud_2837.json
abudawud,2838,abudawud_2838.json
abudawud,2839,abudawud_2839.json
abudawud,284,abudawud_284.json
abudawud,2840,abudawud_2840.json
abudawud,2841,abudawud_2841.json
abudawud,2842,abudawud_2842.json
abudawud,2843,abudawud_2843.json
abudawud,2844,abudawud_2844.json
abudawud,2845,abudawud_2845.json
abudawud,2846,abudawud_2846.json
abudawud,2847,abudawud_2847.json
abudawud,2848,abudawud_2848.json
abudawud,2849,abudawud_2849.json
abudawud,285,abudawud_285.json
abudawud,2850,abudawud_2850.json
abudawud,2851,abudawud_2851.json
abudawud,2852,abudawud_2852.json
abudawud,2853,abudawud_2853.json
abudawud,2854,abudawud_2854.json
abudawud,2855,abudawud_2855.json
abudawud,2856,abudawud_2856.json
abudawud,2857,abudawud_2857.json
abudawud,2858,abudawud_2858.json
abudawud,2859,abudawud_2859.json
abudawud,286,abudawud_286.json
abudawud,2860,abudawud_2860.json
abudawud,2861,abudawud_2861.json
abudawud,2862,abudawud_2862.json
abudawud,2863,abudawud_2863.json
abudawud,2864,abudawud_2864.json
abudawud,2865,abudawud_2865.json
abudawud,2866,abudawud_2866.json
abudawud,2867,abudawud_2867.json
abudawud,2868,abudawud_2868.json
abudawud,2869,abudawud_2869.json
abudawud,287,abudawud_287.json
abudawud,2870,abudawud_2870.json
abudawud,2871,abudawud_2871.json
abudawud,2872,abudawud_2872.json
abudawud,2873,abudawud_2873.json
abudawud,2874,abudawud_2874.json
abudawud,2875,abudawud_2875.json
abudawud,2876,abudawud_2876.json
abudawud,2877,abudawud_2877.json
abudawud,2878,abudawud_2878.json
abudawud,2879,abudawud_2879.json
abudawud,288,abudawud_288.json
abudawud,2880,abudawud_2880.json
abudawud,2881,abudawud_2881.json
abudawud,2882,abudawud_2882.json
abudawud,2883,abudawud_2883.json
abudawud,2884,abudawud_2884.json
abudawud,2885,abudawud_2885.json
abudawud,2886,abudawud_2886.json
abudawud,2887,abudawud_2887.json
abudawud,2888,abudawud_2888.json
abudawud,2889,abudawud_2889.json
abudawud,289,abudawud_289.json
abudawud,2890,abudawud_2890.json
abudawud,2891,abudawud_2891.json
abudawud,2892,abudawud_2892.json
abudawud,2893,abudawud_2893.json
abudawud,2894,abudawud_2894.json
abudawud,2895,abudawud_2895.json
abudawud,2896,abudawud_2896.json
abudawud,2897,abudawud_2897.json
abudawud,2898,abudawud_2898.json
abudawud,2899,abudawud_2899.json
abudawud,29,abudawud_29.json
abudawud,290,abudawud_290.json
abudawud,2900,abudawud_2900.json
abudawud,2901,abudawud_2901.json
abudawud,2902,abudawud_2902.json
abudawud,2903,abudawud_2903.json
abudawud,2904,abudawud_2904.json
abudawud,2905,abudawud_2905.json
abudawud,2906,abudawud_2906.json
abudawud,2907,abudawud_2907.json
abudawud,2908,abudawud_2908.json
abudawud,2909,abudawud_2909.json
abudawud,291,abudawud_291.json
abudawud,2910,abudawud_2910.json
abudawud,2911,abudawud_2911.json
abudawud,2912,abudawud_2912.json
abudawud,2913,abudawud_2913.json
abudawud,2914,abudawud_2914.json
abudawud,2915,abudawud_2915.json
abudawud,2916,abudawud_2916.json
abudawud,2917,abudawud_2917.json
abudawud,2918,abudawud_2918.json
abudawud,2919,abudawud_2919.json
abudawud,292,abudawud_292.json
abudawud,2920,abudawud_2920.json
abudawud,2921,abudawud_2921.json
abudawud,2922,abudawud_2922.json
abudawud,2923,abudawud_2923.json
abudawud,2924,abudawud_2924.json
abudawud,2925,abudawud_2925.json
abudawud,2926,abudawud_2926.json
abudawud,2927,abudawud_2927.json
abudawud,2928,abudawud_2928.json
abudawud,2929,abudawud_2929.json
abudawud,293,abudawud_293.json
abudawud,2930,abudawud_2930.json
abudawud,2931,abudawud_2931.json
abudawud,2932,abudawud_2932.json
abudawud,2933,abudawud_2933.json
abudawud,2934,abudawud_2934.json
abudawud,2935,abudawud_2935.json
abudawud,2936,abudawud_2936.json
abudawud,2937,abudawud_2937.json
abudawud,2938,abudawud_2938.json
abudawud,2939,abudawud_2939.json
abudawud,294,abudawud_294.json
abudawud,2940,abudawud_2940.json
abudawud,2941,abudawud_2941.json
abudawud,2942,abudawud_2942.json
abudawud,2943,abudawud_2943.json
abudawud,2944,abudawud_2944.json
abudawud,2945,abudawud_2945.json
abudawud,2946,abudawud_2946.json
abudawud,2947,abudawud_2947.json
abudawud,2948,abudawud_2948.json
abudawud,2949,abudawud_2949.json
abudawud,295,abudawud_295.json
abudawud,2950,abudawud_2950.json
abudawud,2951,abudawud_2951.json
abudawud,2952,abudawud_2952.json
abudawud,2953,abudawud_2953.json
abudawud,2954,abudawud_2954.json
abudawud,2955,abudawud_2955.json
abudawud,2956,abudawud_2956.json
abudawud,2957,abudawud_2957.json
abudawud,2958,abudawud_2958.json
abudawud,2959,abudawud_2959.json
abudawud,296,abudawud_296.json
abudawud,2960,abudawud_2960.json
abudawud,2961,abudawud_2961.json
abudawud,2962,abudawud_2962.json
abudawud,2963,abudawud_2963.json
abudawud,2964,abudawud_2964.json
abudawud,2965,abudawud_2965.json
abudawud,2966,abudawud_2966.json
abudawud,2967,abudawud_2967.json
abudawud,2968,abudawud_2968.json
abudawud,2969,abudawud_2969.json
abudawud,297,abudawud_297.json
abudawud,2970,abudawud_2970.json
abudawud,2971,abudawud_2971.json
abudawud,2972,abudawud_2972.json
abudawud,2973,abudawud_2973.json
abudawud,2974,abudawud_2974.json
abudawud,2975,abudawud_2975.json
abudawud,2976,abudawud_2976.json
abudawud,2977,abudawud_2977.json
abudawud,2978,abudawud_2978.json
abudawud,2979,abudawud_2979.json
abudawud,298,abudawud_298.json
abudawud,2980,abudawud_2980.json
abudawud,2981,abudawud_2981.json
abudawud,2982,abudawud_2982.json
abudawud,2983,abudawud_2983.json
abudawud,2984,abudawud_2984.json
abudawud,2985,abudawud_2985.json
abudawud,2986,abudawud_2986.json
abudawud,2987,abudawud_2987.json
abudawud,2988,abudawud_2988.json
abudawud,2989,abudawud_2989.json
abudawud,299,abudawud_299.json
abudawud,2990,abudawud_2990.json
abudawud,2991,abudawud_2991.json
abudawud,2992,abudawud_2992.json
abudawud,2993,abudawud_2993.json
abudawud,2994,abudawud_2994.json
abudawud,2995,abudawud_2995.json
abudawud,2996,abudawud_2996.json
abudawud,2997,abudawud_2997.json
abudawud,2998,abudawud_2998.json
abudawud,2999,abudawud_2999.json
abudawud,3,abudawud_3.json
abudawud,30,abudawud_30.json
abudawud,300,abudawud_300.json
abudawud,3000,abudawud_3000.json
abudawud,3001,abudawud_3001.json
abudawud,3002,abudawud_3002.json
abudawud,3003,abudawud_3003.json
abudawud,3004,abudawud_3004.json
abudawud,3005,abudawud_3005.json
abudawud,3006,abudawud_3006.json
abudawud,3007,abudawud_3007.json
abudawud,3008,abudawud_3008.json
abudawud,3009,abudawud_3009.json
abudawud,301,abudawud_301.json
abudawud,3010,abudawud_3010.json
abudawud,3011,abudawud_3011.json
abudawud,3012,abudawud_3012.json
abudawud,3013,abudawud_3013.json
abudawud,3014,abudawud_3014.json
abudawud,3015,abudawud_3015.json
abudawud,3016,abudawud_3016.json
abudawud,3017,abudawud_3017.json
abudawud,3018,abudawud_3018.json
abudawud,3019,abudawud_3019.json
abudawud,302,abudawud_302.json
abudawud,3020,abudawud_3020.json
abudawud,3021,abudawud_3021.json
abudawud,3022,abudawud_3022.json
abudawud,3023,abudawud_3023.json
abudawud,3024,abudawud_3024.json
abudawud,3025,abudawud_3025.json
abudawud,3026,abudawud_3026.json
abudawud,3027,abudawud_3027.json
abudawud,3028,abudawud_3028.json
abudawud,3029,abudawud_3029.json
abudawud,303,abudawud_303.json
abudawud,3030,abudawud_3030.json
abudawud,3031,abudawud_3031.json
abudawud,3032,abudawud_3032.json
abudawud,3033,abudawud_3033.json
abudawud,3034,abudawud_3034.json
abudawud,3035,abudawud_3035.json
abudawud,3036,abudawud_3036.json
abudawud,3037,abudawud_3037.json
abudawud,3038,abudawud_3038.json
abudawud,3039,abudawud_3039.json
abudawud,304,abudawud_304.json
abudawud,3040,abudawud_3040.json
abudawud,3041,abudawud_3041.json
abudawud,3042,abudawud_3042.json
abudawud,3043,abudawud_3043.json
abudawud,3044,abudawud_3044.json
abudawud,3045,abudawud_3045.json
abudawud,3046,abudawud_3046.json
abudawud,3047,abudawud_3047.json
abudawud,3048,abudawud_3048.json
abudawud,3049,abudawud_3049.json
abudawud,305,abudawud_305.json
abudawud,3050,abudawud_3050.json
abudawud,3051,abudawud_3051.json
abudawud,3052,abudawud_3052.json
abudawud,3053,abudawud_3053.json
abudawud,3054,abudawud_3054.json
abudawud,3055,abudawud_3055.json
abudawud,3056,abudawud_3056.json
abudawud,3057,abudawud_3057.json
abudawud,3058,abudawud_3058.json
abudawud,3059,abudawud_3059.json
abudawud,306,abudawud_306.json
abudawud,3060,abudawud_3060.json
abudawud,3061,abudawud_3061.json
abudawud,3062,abudawud_3062.json
abudawud,3063,abudawud_3063.json
abudawud,3064,abudawud_3064.json
abudawud,3065,abudawud_3065.json
abudawud,3066,abudawud_3066.json
abudawud,3067,abudawud_3067.json
abudawud,3068,abudawud_3068.json
abudawud,3069,abudawud_3069.json
abudawud,307,abudawud_307.json
abudawud,3070,abudawud_3070.json
abudawud,3071,abudawud_3071.json
abudawud,3072,abudawud_3072.json
abudawud,3073,abudawud_3073.json
abudawud,3074,abudawud_3074.json
abudawud,3075,abudawud_3075.json
abudawud,3076,abudawud_3076.json
abudawud,3077,abudawud_3077.json
abudawud,3078,abudawud_3078.json
abudawud,3079,abudawud_3079.json
abudawud,308,abudawud_308.json
abudawud,3080,abudawud_3080.json
abudawud,3081,abudawud_3081.json
abudawud,3082,abudawud_3082.json
abudawud,3083,abudawud_3083.json
abudawud,3084,abudawud_3084.json
abudawud,3085,abudawud_3085.json
abudawud,3086,abudawud_3086.json
abudawud,3087,abudawud_3087.json
abudawud,3088,abudawud_3088.json
abudawud,3089,abudawud_3089.json
abudawud,309,abudawud_309.json
abudawud,3090,abudawud_3090.json
abudawud,3091,abudawud_3091.json
abudawud,3092,abudawud_3092.json
abudawud,3093,abudawud_3093.json
abudawud,3094,abudawud_3094.json
abudawud,3095,abudawud_3095.json
abudawud,3096,abudawud_3096.json
abudawud,3097,abudawud_3097.json
abudawud,3098,abudawud_3098.json
abudawud,3099,abudawud_3099.json
abudawud,31,abudawud_31.json
abudawud,310,abudawud_310.json
abudawud,3100,abudawud_3100.json
abudawud,3101,abudawud_3101.json
abudawud,3102,abudawud_3102.json
abudawud,3103,abudawud_3103.json
abudawud,3104,abudawud_3104.json
abudawud,3105,abudawud_3105.json
abudawud,3106,abudawud_3106.json
abudawud,3107,abudawud_3107.json
abudawud,3108,abudawud_3108.json
abudawud,3109,abudawud_3109.json
abudawud,311,abudawud_311.json
abudawud,3110,abudawud_3110.json
abudawud,3111,abudawud_3111.json
abudawud,3112,abudawud_3112.json
abudawud,3113,abudawud_3113.json
abudawud,3114,abudawud_3114.json
abudawud,3115,abudawud_3115.json
abudawud,3116,abudawud_3116.json
abudawud,3117,abudawud_3117.json
abudawud,3118,abudawud_3118.json
abudawud,3119,abudawud_3119.json
abudawud,312,abudawud_312.json
abudawud,3120,abudawud_3120.json
abudawud,3121,abudawud_3121.json
abudawud,3122,abudawud_3122.json
abudawud,3123,abudawud_3123.json
abudawud,3124,abudawud_3124.json
abudawud,3125,abudawud_3125.json
abudawud,3126,abudawud_3126.json
abudawud,3127,abudawud_3127.json
abudawud,3128,abudawud_3128.json
abudawud,3129,abudawud_3129.json
abudawud,313,abudawud_313.json
abudawud,3130,abudawud_3130.json
abudawud,3131,abudawud_3131.json
abudawud,3132,abudawud_3132.json
abudawud,3133,abudawud_3133.json
abudawud,3134,abudawud_3134.json
abudawud,3135,abudawud_3135.json
abudawud,3136,abudawud_3136.json
abudawud,3137,abudawud_3137.json
abudawud,3138,abudawud_3138.json
abudawud,3139,abudawud_3139.json
abudawud,314,abudawud_314.json
abudawud,3140,abudawud_3140.json
abudawud,3141,abudawud_3141.json
abudawud,3142,abudawud_3142.json
abudawud,3143,abudawud_3143.json
abudawud,3144,abudawud_3144.json
abudawud,3145,abudawud_3145.json
abudawud,3146,abudawud_3146.json
abudawud,3147,abudawud_3147.json
abudawud,3148,abudawud_3148.json
abudawud,3149,abudawud_3149.json
abudawud,315,abudawud_315.json
abudawud,3150,abudawud_3150.json
abudawud,3151,abudawud_3151.json
abudawud,3152,abudawud_3152.json
abudawud,3153,abudawud_3153.json
abudawud,3154,abudawud_3154.json
abudawud,3155,abudawud_3155.json
abudawud,3156,abudawud_3156.json
abudawud,3157,abudawud_3157.json
abudawud,3158,abudawud_3158.json
abudawud,3159,abudawud_3159.json
abudawud,316,abudawud_316.json
abudawud,3160,abudawud_3160.json
abudawud,3161,abudawud_3161.json
abudawud,3162,abudawud_3162.json
abudawud,3163,abudawud_3163.json
abudawud,3164,abudawud_3164.json
abudawud,3165,abudawud_3165.json
abudawud,3166,abudawud_3166.json
abudawud,3167,abudawud_3167.json
abudawud,3168,abudawud_3168.json
abudawud,3169,abudawud_3169.json
abudawud,317,abudawud_317.json
abudawud,3170,abudawud_3170.json
abudawud,3171,abudawud_3171.json
abudawud,3172,abudawud_3172.json
abudawud,3173,abudawud_3173.json
abudawud,3174,abudawud_3174.json
abudawud,3175,abudawud_3175.json
abudawud,3176,abudawud_3176.json
abudawud,3177,abudawud_3177.json
abudawud,3178,abudawud_3178.json
abudawud,3179,abudawud_3179.json
abudawud,318,abudawud_318.json
abudawud,3180,abudawud_3180.json
abudawud,3181,abudawud_3181.json
abudawud,3182,abudawud_3182.json
abudawud,3183,abudawud_3183.json
abudawud,3184,abudawud_3184.json
abudawud,3185,abudawud_3185.json
abudawud,3186,abudawud_3186.json
abudawud,3187,abudawud_3187.json
abudawud,3188,abudawud_3188.json
abudawud,3189,abudawud_3189.json
abudawud,319,abudawud_319.json
abudawud,3190,abudawud_3190.json
abudawud,3191,abudawud_3191.json
abudawud,3192,abudawud_3192.json
abudawud,3193,abudawud_3193.json
abudawud,3194,abudawud_3194.json
abudawud,3195,abudawud_3195.json
abudawud,3196,abudawud_3196.json
abudawud,3197,abudawud_3197.json
abudawud,3198,abudawud_3198.json
abudawud,3199,abudawud_3199.json
abudawud,32,abudawud_32.json
abudawud,320,abudawud_320.json
abudawud,3200,abudawud_3200.json
abudawud,3201,abudawud_3201.json
abudawud,3202,abudawud_3202.json
abudawud,3203,abudawud_3203.json
abudawud,3204,abudawud_3204.json
abudawud,3205,abudawud_3205.json
abudawud,3206,abudawud_3206.json
abudawud,3207,abudawud_3207.json
abudawud,3208,abudawud_3208.json
abudawud,3209,abudawud_3209.json
abudawud,321,abudawud_321.json
abudawud,3210,abudawud_3210.json
abudawud,3211,abudawud_3211.json
abudawud,3212,abudawud_3212.json
abudawud,3213,abudawud_3213.json
abudawud,3214,abudawud_3214.json
abudawud,3215,abudawud_3215.json
abudawud,3216,abudawud_3216.json
abudawud,3217,abudawud_3217.json
abudawud,3218,abudawud_3218.json
abudawud,3219,abudawud_3219.json
abudawud,322,abudawud_322.json
abudawud,3220,abudawud_3220.json
abudawud,3221,abudawud_3221.json
abudawud,3222,abudawud_3222.json
abudawud,3223,abudawud_3223.json
abudawud,3224,abudawud_3224.json
abudawud,3225,abudawud_3225.json
abudawud,3226,abudawud_3226.json
abudawud,3227,abudawud_3227.json
abudawud,3228,abudawud_3228.json
abudawud,3229,abudawud_3229.json
abudawud,323,abudawud_323.json
abudawud,3230,abudawud_3230.json
abudawud,3231,abudawud_3231.json
abudawud,3232,abudawud_3232.json
abudawud,3233,abudawud_3233.json
abudawud,3234,abudawud_3234.json
abudawud,3235,abudawud_3235.json
abudawud,3236,abudawud_3236.json
abudawud,3237,abudawud_3237.json
abudawud,3238,abudawud_3238.json
abudawud,3239,abudawud_3239.json
abudawud,324,abudawud_324.json
abudawud,3240,abudawud_3240.json
abudawud,3241,abudawud_3241.json
abudawud,3242,abudawud_3242.json
abudawud,3243,abudawud_3243.json
abudawud,3244,abudawud_3244.json
abudawud,3245,abudawud_3245.json
abudawud,3246,abudawud_3246.json
abudawud,3247,abudawud_3247.json
abudawud,3248,abudawud_3248.json
abudawud,3249,abudawud_3249.json
abudawud,325,abudawud_325.json
abudawud,3250,abudawud_3250.json
abudawud,3251,abudawud_3251.json
abudawud,3252,abudawud_3252.json
abudawud,3253,abudawud_3253.json
abudawud,3254,abudawud_3254.json
abudawud,3255,abudawud_3255.json
abudawud,3256,abudawud_3256.json
abudawud,3257,abudawud_3257.json
abudawud,3258,abudawud_3258.json
abudawud,3259,abudawud_3259.json
abudawud,326,abudawud_326.json
abudawud,3260,abudawud_3260.json
abudawud,3261,abudawud_3261.json
abudawud,3262,abudawud_3262.json
abudawud,3263,abudawud_3263.json
abudawud,3264,abudawud_3264.json
abudawud,3265,abudawud_3265.json
abudawud,3266,abudawud_3266.json
abudawud,3267,abudawud_3267.json
abudawud,3268,abudawud_3268.json
abudawud,3269,abudawud_3269.json
abudawud,327,abudawud_327.json
abudawud,3270,abudawud_3270.json
abudawud,3271,abudawud_3271.json
abudawud,3272,abudawud_3272.json
abudawud,3273,abudawud_3273.json
abudawud,3274,abudawud_3274.json
abudawud,3275,abudawud_3275.json
abudawud,3276,abudawud_3276.json
abudawud,3277,abudawud_3277.json
abudawud,3278,abudawud_3278.json
abudawud,3279,abudawud_3279.json
abudawud,328,abudawud_328.json
abudawud,3280,abudawud_3280.json
abudawud,3281,abudawud_3281.json
abudawud,3282,abudawud_3282.json
abudawud,3283,abudawud_3283.json
abudawud,3284,abudawud_3284.json
abudawud,3285,abudawud_3285.json
abudawud,3286,abudawud_3286.json
abudawud,3287,abudawud_3287.json
abudawud,3288,abudawud_3288.json
abudawud,3289,abudawud_3289.json
abudawud,329,abudawud_329.json
abudawud,3290,abudawud_3290.json
abudawud,3291,abudawud_3291.json
abudawud,3292,abudawud_3292.json
abudawud,3293,abudawud_3293.json
abudawud,3294,abudawud_3294.json
abudawud,3295,abudawud_3295.json
abudawud,3296,abudawud_3296.json
abudawud,3297,abudawud_3297.json
abudawud,3298,abudawud_3298.json
abudawud,3299,abudawud_3299.json
abudawud,33,abudawud_33.json
abudawud,330,abudawud_330.json
abudawud,3300,abudawud_3300.json
abudawud,3301,abudawud_3301.json
abudawud,3302,abudawud_3302.json
abudawud,3303,abudawud_3303.json
abudawud,3304,abudawud_3304.json
abudawud,3305,abudawud_3305.json
abudawud,3306,abudawud_3306.json
abudawud,3307,abudawud_3307.json
abudawud,3308,abudawud_3308.json
abudawud,3309,abudawud_3309.json
abudawud,331,abudawud_331.json
abudawud,3310,abudawud_3310.json
abudawud,3311,abudawud_3311.json
abudawud,3312,abudawud_3312.json
abudawud,3313,abudawud_3313.json
abudawud,3314,abudawud_3314.json
abudawud,3315,abudawud_3315.json
abudawud,3316,abudawud_3316.json
abudawud,3317,abudawud_3317.json
abudawud,3318,abudawud_3318.json
abudawud,3319,abudawud_3319.json
abudawud,332,abudawud_332.json
abudawud,3320,abudawud_3320.json
abudawud,3321,abudawud_3321.json
abudawud,3322,abudawud_3322.json
abudawud,3323,abudawud_3323.json
abudawud,3324,abudawud_3324.json
abudawud,3325,abudawud_3325.json
abudawud,3326,abudawud_3326.json
abudawud,3327,abudawud_3327.json
abudawud,3328,abudawud_3328.json
abudawud,3329,abudawud_3329.json
abudawud,333,abudawud_333.json
abudawud,3330,abudawud_3330.json
abudawud,3331,abudawud_3331.json
abudawud,3332,abudawud_3332.json
abudawud,3333,abudawud_3333.json
abudawud,3334,abudawud_3334.json
abudawud,3335,abudawud_3335.json
abudawud,3336,abudawud_3336.json
abudawud,3337,abudawud_3337.json
abudawud,3338,abudawud_3338.json
abudawud,3339,abudawud_3339.json
abudawud,334,abudawud_334.json
abudawud,3340,abudawud_3340.json
abudawud,3341,abudawud_3341.json
abudawud,3342,abudawud_3342.json
abudawud,3343,abudawud_3343.json
abudawud,3344,abudawud_3344.json
abudawud,3345,abudawud_3345.json
abudawud,3346,abudawud_3346.json
abudawud,3347,abudawud_3347.json
abudawud,3348,abudawud_3348.json
abudawud,3349,abudawud_3349.json
abudawud,335,abudawud_335.json
abudawud,3350,abudawud_3350.json
abudawud,3351,abudawud_3351.json
abudawud,3352,abudawud_3352.json
abudawud,3353,abudawud_3353.json
abudawud,3354,abudawud_3354.json
abudawud,3355,abudawud_3355.json
abudawud,3356,abudawud_3356.json
abudawud,3357,abudawud_3357.json
abudawud,3358,abudawud_3358.json
abudawud,3359,abudawud_3359.json
abudawud,336,abudawud_336.json
abudawud,3360,abudawud_3360.json
abudawud,3361,abudawud_3361.json
abudawud,3362,abudawud_3362.json
abudawud,3363,abudawud_3363.json
abudawud,3364,abudawud_3364.json
abudawud,3365,abudawud_3365.json
abudawud,3366,abudawud_3366.json
abudawud,3367,abudawud_3367.json
abudawud,3368,abudawud_3368.json
abudawud,3369,abudawud_3369.json
abudawud,337,abudawud_337.json
abudawud,3370,abudawud_3370.json
abudawud,3371,abudawud_3371.json
abudawud,3372,abudawud_3372.json
abudawud,3373,abudawud_3373.json
abudawud,3374,abudawud_3374.json
abudawud,3375,abudawud_3375.json
abudawud,3376,abudawud_3376.json
abudawud,3377,abudawud_3377.json
abudawud,3378,abudawud_3378.json
abudawud,3379,abudawud_3379.json
abudawud,338,abudawud_338.json
abudawud,3380,abudawud_3380.json
abudawud,3381,abudawud_3381.json
abudawud,3382,abudawud_3382.json
abudawud,3383,abudawud_3383.json
abudawud,3384,abudawud_3384.json
abudawud,3385,abudawud_3385.json
abudawud,3386,abudawud_3386.json
abudawud,3387,abudawud_3387.json
abudawud,3388,abudawud_3388.json
abudawud,3389,abudawud_3389.json
abudawud,339,abudawud_339.json
abudawud,3390,abudawud_3390.json
abudawud,3391,abudawud_3391.json
abudawud,3392,abudawud_3392.json
abudawud,3393,abudawud_3393.json
abudawud,3394,abudawud_3394.json
abudawud,3395,abudawud_3395.json
abudawud,3396,abudawud_3396.json
abudawud,3397,abudawud_3397.json
abudawud,3398,abudawud_3398.json
abudawud,3399,abudawud_3399.json
abudawud,34,abudawud_34.json
abudawud,340,abudawud_340.json
abudawud,3400,abudawud_3400.json
abudawud,3401,abudawud_3401.json
abudawud,3402,abudawud_3402.json
abudawud,3403,abudawud_3403.json
abudawud,3404,abudawud_3404.json
abudawud,3405,abudawud_3405.json
abudawud,3406,abudawud_3406.json
abudawud,3407,abudawud_3407.json
abudawud,3408,abudawud_3408.json
abudawud,3409,abudawud_3409.json
abudawud,341,abudawud_341.json
abudawud,3410,abudawud_3410.json
abudawud,3411,abudawud_3411.json
abudawud,3412,abudawud_3412.json
abudawud,3413,abudawud_3413.json
abudawud,3414,abudawud_3414.json
abudawud,3415,abudawud_3415.json
abudawud,3416,abudawud_3416.json
abudawud,3417,abudawud_3417.json
abudawud,3418,abudawud_3418.json
abudawud,3419,abudawud_3419.json
abudawud,342,abudawud_342.json
abudawud,3420,abudawud_3420.json
abudawud,3421,abudawud_3421.json
abudawud,3422,abudawud_3422.json
abudawud,3423,abudawud_3423.json
abudawud,3424,abudawud_3424.json
abudawud,3425,abudawud_3425.json
abudawud,3426,abudawud_3426.json
abudawud,3427,abudawud_3427.json
abudawud,3428,abudawud_3428.json
abudawud,3429,abudawud_3429.json
abudawud,343,abudawud_343.json
abudawud,3430,abudawud_3430.json
abudawud,3431,abudawud_3431.json
abudawud,3432,abudawud_3432.json
abudawud,3433,abudawud_3433.json
abudawud,3434,abudawud_3434.json
abudawud,3435,abudawud_3435.json
abudawud,3436,abudawud_3436.json
abudawud,3437,abudawud_3437.json
abudawud,3438,abudawud_3438.json
abudawud,3439,abudawud_3439.json
abudawud,344,abudawud_344.json
abudawud,3440,abudawud_3440.json
abudawud,3441,abudawud_3441.json
abudawud,3442,abudawud_3442.json
abudawud,3443,abudawud_3443.json
abudawud,3444,abudawud_3444.json
abudawud,3445,abudawud_3445.json
abudawud,3446,abudawud_3446.json
abudawud,3447,abudawud_3447.json
abudawud,3448,abudawud_3448.json
abudawud,3449,abudawud_3449.json
abudawud,345,abudawud_345.json
abudawud,3450,abudawud_3450.json
abudawud,3451,abudawud_3451.json
abudawud,3452,abudawud_3452.json
abudawud,3453,abudawud_3453.json
abudawud,3454,abudawud_3454.json
abudawud,3455,abudawud_3455.json
abudawud,3456,abudawud_3456.json
abudawud,3457,abudawud_3457.json
abudawud,3458,abudawud_3458.json
abudawud,3459,abudawud_3459.json
abudawud,346,abudawud_346.json
abudawud,3460,abudawud_3460.json
abudawud,3461,abudawud_3461.json
abudawud,3462,abudawud_3462.json
abudawud,3463,abudawud_3463.json
abudawud,3464,abudawud_3464.json
abudawud,3465,abudawud_3465.json
abudawud,3466,abudawud_3466.json
abudawud,3467,abudawud_3467.json
abudawud,3468,abudawud_3468.json
abudawud,3469,abudawud_3469.json
abudawud,347,abudawud_347.json
abudawud,3470,abudawud_3470.json
abudawud,3471,abudawud_3471.json
abudawud,3472,abudawud_3472.json
abudawud,3473,abudawud_3473.json
abudawud,3474,abudawud_3474.json
abudawud,3475,abudawud_3475.json
abudawud,3476,abudawud_3476.json
abudawud,3477,abudawud_3477.json
abudawud,3478,abudawud_3478.json
abudawud,3479,abudawud_3479.json
abudawud,348,abudawud_348.json
abudawud,3480,abudawud_3480.json
abudawud,3481,abudawud_3481.json
abudawud,3482,abudawud_3482.json
abudawud,3483,abudawud_3483.json
abudawud,3484,abudawud_3484.json
abudawud,3485,abudawud_3485.json
abudawud,3486,abudawud_3486.json
abudawud,3487,abudawud_3487.json
abudawud,3488,abudawud_3488.json
abudawud,3489,abudawud_3489.json
abudawud,349,abudawud_349.json
abudawud,3490,abudawud_3490.json
abudawud,3491,abudawud_3491.json
abudawud,3492,abudawud_3492.json
abudawud,3493,abudawud_3493.json
abudawud,3494,abudawud_3494.json
abudawud,3495,abudawud_3495.json
abudawud,3496,abudawud_3496.json
abudawud,3497,abudawud_3497.json
abudawud,3498,abudawud_3498.json
abudawud,3499,abudawud_3499.json
abudawud,35,abudawud_35.json
abudawud,350,abudawud_350.json
abudawud,3500,abudawud_3500.json
abudawud,3501,abudawud_3501.json
abudawud,3502,abudawud_3502.json
abudawud,3503,abudawud_3503.json
abudawud,3504,abudawud_3504.json
abudawud,3505,abudawud_3505.json
abudawud,3506,abudawud_3506.json
abudawud,3507,abudawud_3507.json
abudawud,3508,abudawud_3508.json
abudawud,3509,abudawud_3509.json
abudawud,351,abudawud_351.json
abudawud,3510,abudawud_3510.json
abudawud,3511,abudawud_3511.json
abudawud,3512,abudawud_3512.json
abudawud,3513,abudawud_3513.json
abudawud,3514,abudawud_3514.json
abudawud,3515,abudawud_3515.json
abudawud,3516,abudawud_3516.json
abudawud,3517,abudawud_3517.json
abudawud,3518,abudawud_3518.json
abudawud,3519,abudawud_3519.json
abudawud,352,abudawud_352.json
abudawud,3520,abudawud_3520.json
abudawud,3521,abudawud_3521.json
abudawud,3522,abudawud_3522.json
abudawud,3523,abudawud_3523.json
abudawud,3524,abudawud_3524.json
abudawud,3525,abudawud_3525.json
abudawud,3526,abudawud_3526.json
abudawud,3527,abudawud_3527.json
abudawud,3528,abudawud_3528.json
abudawud,3529,abudawud_3529.json
abudawud,353,abudawud_353.json
abudawud,3530,abudawud_3530.json
abudawud,3531,abudawud_3531.json
abudawud,3532,abudawud_3532.json
abudawud,3533,abudawud_3533.json
abudawud,3534,abudawud_3534.json
abudawud,3535,abudawud_3535.json
abudawud,3536,abudawud_3536.json
abudawud,3537,abudawud_3537.json
abudawud,3538,abudawud_3538.json
abudawud,3539,abudawud_3539.json
abudawud,354,abudawud_354.json
abudawud,3540,abudawud_3540.json
abudawud,3541,abudawud_3541.json
abudawud,3542,abudawud_3542.json
abudawud,3543,abudawud_3543.json
abudawud,3544,abudawud_3544.json
abudawud,3545,abudawud_3545.json
abudawud,3546,abudawud_3546.json
abudawud,3547,abudawud_3547.json
abudawud,3548,abudawud_3548.json
abudawud,3549,abudawud_3549.json
abudawud,355,abudawud_355.json
abudawud,3550,abudawud_3550.json
abudawud,3551,abudawud_3551.json
abudawud,3552,abudawud_3552.json
abudawud,3553,abudawud_3553.json
abudawud,3554,abudawud_3554.json
abudawud,3555,abudawud_3555.json
abudawud,3556,abudawud_3556.json
abudawud,3557,abudawud_3557.json
abudawud,3558,abudawud_3558.json
abudawud,3559,abudawud_3559.json
abudawud,356,abudawud_356.json
abudawud,3560,abudawud_3560.json
abudawud,3561,abudawud_3561.json
abudawud,3562,abudawud_3562.json
abudawud,3563,abudawud_3563.json
abudawud,3564,abudawud_3564.json
abudawud,3565,abudawud_3565.json
abudawud,3566,abudawud_3566.json
abudawud,3567,abudawud_3567.json
abudawud,3568,abudawud_3568.json
abudawud,3569,abudawud_3569.json
abudawud,357,abudawud_357.json
abudawud,3570,abudawud_3570.json
abudawud,3571,abudawud_3571.json
abudawud,3572,abudawud_3572.json
abudawud,3573,abudawud_3573.json
abudawud,3574,abudawud_3574.json
abudawud,3575,abudawud_3575.json
abudawud,3576,abudawud_3576.json
abudawud,3577,abudawud_3577.json
abudawud,3578,abudawud_3578.json
abudawud,3579,abudawud_3579.json
abudawud,358,abudawud_358.json
abudawud,3580,abudawud_3580.json
abudawud,3581,abudawud_3581.json
abudawud,3582,abudawud_3582.json
abudawud,3583,abudawud_3583.json
abudawud,3584,abudawud_3584.json
abudawud,3585,abudawud_3585.json
abudawud,3586,abudawud_3586.json
abudawud,3587,abudawud_3587.json
abudawud,3588,abudawud_3588.json
abudawud,3589,abudawud_3589.json
abudawud,359,abudawud_359.json
abudawud,3590,abudawud_3590.json
abudawud,3591,abudawud_3591.json
abudawud,3592,abudawud_3592.json
abudawud,3593,abudawud_3593.json
abudawud,3594,abudawud_3594.json
abudawud,3595,abudawud_3595.json
abudawud,3596,abudawud_3596.json
abudawud,3597,abudawud_3597.json
abudawud,3598,abudawud_3598.json
abudawud,3599,abudawud_3599.json
abudawud,36,abudawud_36.json
abudawud,360,abudawud_360.json
abudawud,3600,abudawud_3600.json
abudawud,3601,abudawud_3601.json
abudawud,3602,abudawud_3602.json
abudawud,3603,abudawud_3603.json
abudawud,3604,abudawud_3604.json
abudawud,3605,abudawud_3605.json
abudawud,3606,abudawud_3606.json
abudawud,3607,abudawud_3607.json
abudawud,3608,abudawud_3608.json
abudawud,3609,abudawud_3609.json
abudawud,361,abudawud_361.json
abudawud,3610,abudawud_3610.json
abudawud,3611,abudawud_3611.json
abudawud,3612,abudawud_3612.json
abudawud,3613,abudawud_3613.json
abudawud,3614,abudawud_3614.json
abudawud,3615,abudawud_3615.json
abudawud,3616,abudawud_3616.json
abudawud,3617,abudawud_3617.json
abudawud,3618,abudawud_3618.json
abudawud,3619,abudawud_3619.json
abudawud,362,abudawud_362.json
abudawud,3620,abudawud_3620.json
abudawud,3621,abudawud_3621.json
abudawud,3622,abudawud_3622.json
abudawud,3623,abudawud_3623.json
abudawud,3624,abudawud_3624.json
abudawud,3625,abudawud_3625.json
abudawud,3626,abudawud_3626.json
abudawud,3627,abudawud_3627.json
abudawud,3628,abudawud_3628.json
abudawud,3629,abudawud_3629.json
abudawud,363,abudawud_363.json
abudawud,3630,abudawud_3630.json
abudawud,3631,abudawud_3631.json
abudawud,3632,abudawud_3632.json
abudawud,3633,abudawud_3633.json
abudawud,3634,abudawud_3634.json
abudawud,3635,abudawud_3635.json
abudawud,3636,abudawud_3636.json
abudawud,3637,abudawud_3637.json
abudawud,3638,abudawud_3638.json
abudawud,3639,abudawud_3639.json
abudawud,364,abudawud_364.json
abudawud,3640,abudawud_3640.json
abudawud,3641,abudawud_3641.json
abudawud,3642,abudawud_3642.json
abudawud,3643,abudawud_3643.json
abudawud,3644,abudawud_3644.json
abudawud,3645,abudawud_3645.json
abudawud,3646,abudawud_3646.json
abudawud,3647,abudawud_3647.json
abudawud,3648,abudawud_3648.json
abudawud,3649,abudawud_3649.json
abudawud,365,abudawud_365.json
abudawud,3650,abudawud_3650.json
abudawud,3651,abudawud_3651.json
abudawud,3652,abudawud_3652.json
abudawud,3653,abudawud_3653.json
abudawud,3654,abudawud_3654.json
abudawud,3655,abudawud_3655.json
abudawud,3656,abudawud_3656.json
abudawud,3657,abudawud_3657.json
abudawud,3658,abudawud_3658.json
abudawud,3659,abudawud_3659.json
abudawud,366,abudawud_366.json
abudawud,3660,abudawud_3660.json
abudawud,3661,abudawud_3661.json
abudawud,3662,abudawud_3662.json
abudawud,3663,abudawud_3663.json
abudawud,3664,abudawud_3664.json
abudawud,3665,abudawud_3665.json
abudawud,3666,abudawud_3666.json
abudawud,3667,abudawud_3667.json
abudawud,3668,abudawud_3668.json
abudawud,3669,abudawud_3669.json
abudawud,367,abudawud_367.json
abudawud,3670,abudawud_3670.json
abudawud,3671,abudawud_3671.json
abudawud,3672,abudawud_3672.json
abudawud,3673,abudawud_3673.json
abudawud,3674,abudawud_3674.json
abudawud,3675,abudawud_3675.json
abudawud,3676,abudawud_3676.json
abudawud,3677,abudawud_3677.json
abudawud,3678,abudawud_3678.json
abudawud,3679,abudawud_3679.json
abudawud,368,abudawud_368.json
abudawud,3680,abudawud_3680.json
abudawud,3681,abudawud_3681.json
abudawud,3682,abudawud_3682.json
abudawud,3683,abudawud_3683.json
abudawud,3684,abudawud_3684.json
abudawud,3685,abudawud_3685.json
abudawud,3686,abudawud_3686.json
abudawud,3687,abudawud_3687.json
abudawud,3688,abudawud_3688.json
abudawud,3689,abudawud_3689.json
abudawud,369,abudawud_369.json
abudawud,3690,abudawud_3690.json
abudawud,3691,abudawud_3691.json
abudawud,3692,abudawud_3692.json
abudawud,3693,abudawud_3693.json
abudawud,3694,abudawud_3694.json
abudawud,3695,abudawud_3695.json
abudawud,3696,abudawud_3696.json
abudawud,3697,abudawud_3697.json
abudawud,3698,abudawud_3698.json
abudawud,3699,abudawud_3699.json
abudawud,37,abudawud_37.json
abudawud,370,abudawud_370.json
abudawud,3700,abudawud_3700.json
abudawud,3701,abudawud_3701.json
abudawud,3702,abudawud_3702.json
abudawud,3703,abudawud_3703.json
abudawud,3704,abudawud_3704.json
abudawud,3705,abudawud_3705.json
abudawud,3706,abudawud_3706.json
abudawud,3707,abudawud_3707.json
abudawud,3708,abudawud_3708.json
abudawud,3709,abudawud_3709.json
abudawud,371,abudawud_371.json
abudawud,3710,abudawud_3710.json
abudawud,3711,abudawud_3711.json
abudawud,3712,abudawud_3712.json
abudawud,3713,abudawud_3713.json
abudawud,3714,abudawud_3714.json
abudawud,3715,abudawud_3715.json
abudawud,3716,abudawud_3716.json
abudawud,3717,abudawud_3717.json
abudawud,3718,abudawud_3718.json
abudawud,3719,abudawud_3719.json
abudawud,372,abudawud_372.json
abudawud,3720,abudawud_3720.json
abudawud,3721,abudawud_3721.json
abudawud,3722,abudawud_3722.json
abudawud,3723,abudawud_3723.json
abudawud,3724,abudawud_3724.json
abudawud,3725,abudawud_3725.json
abudawud,3726,abudawud_3726.json
abudawud,3727,abudawud_3727.json
abudawud,3728,abudawud_3728.json
abudawud,3729,abudawud_3729.json
abudawud,373,abudawud_373.json
abudawud,3730,abudawud_3730.json
abudawud,3731,abudawud_3731.json
abudawud,3732,abudawud_3732.json
abudawud,3733,abudawud_3733.json
abudawud,3734,abudawud_3734.json
abudawud,3735,abudawud_3735.json
abudawud,3736,abudawud_3736.json
abudawud,3737,abudawud_3737.json
abudawud,3738,abudawud_3738.json
abudawud,3739,abudawud_3739.json
abudawud,374,abudawud_374.json
abudawud,3740,abudawud_3740.json
abudawud,3741,abudawud_3741.json
abudawud,3742,abudawud_3742.json
abudawud,3743,abudawud_3743.json
abudawud,3744,abudawud_3744.json
abudawud,3745,abudawud_3745.json
abudawud,3746,abudawud_3746.json
abudawud,3747,abudawud_3747.json
abudawud,3748,abudawud_3748.json
abudawud,3749,abudawud_3749.json
abudawud,375,abudawud_375.json
abudawud,3750,abudawud_3750.json
abudawud,3751,abudawud_3751.json
abudawud,3752,abudawud_3752.json
abudawud,3753,abudawud_3753.json
abudawud,3754,abudawud_3754.json
abudawud,3755,abudawud_3755.json
abudawud,3756,abudawud_3756.json
abudawud,3757,abudawud_3757.json
abudawud,3758,abudawud_3758.json
abudawud,3759,abudawud_3759.json
abudawud,376,abudawud_376.json
abudawud,3760,abudawud_3760.json
abudawud,3761,abudawud_3761.json
abudawud,3762,abudawud_3762.json
abudawud,3763,abudawud_3763.json
abudawud,3764,abudawud_3764.json
abudawud,3765,abudawud_3765.json
abudawud,3766,abudawud_3766.json
abudawud,3767,abudawud_3767.json
abudawud,3768,abudawud_3768.json
abudawud,3769,abudawud_3769.json
abudawud,377,abudawud_377.json
abudawud,3770,abudawud_3770.json
abudawud,3771,abudawud_3771.json
abudawud,3772,abudawud_3772.json
abudawud,3773,abudawud_3773.json
abudawud,3774,abudawud_3774.json
abudawud,3775,abudawud_3775.json
abudawud,3776,abudawud_3776.json
abudawud,3777,abudawud_3777.json
abudawud,3778,abudawud_3778.json
abudawud,3779,abudawud_3779.json
abudawud,378,abudawud_378.json
abudawud,3780,abudawud_3780.json
abudawud,3781,abudawud_3781.json
abudawud,3782,abudawud_3782.json
abudawud,3783,abudawud_3783.json
abudawud,3784,abudawud_3784.json
abudawud,3785,abudawud_3785.json
abudawud,3786,abudawud_3786.json
abudawud,3787,abudawud_3787.json
abudawud,3788,abudawud_3788.json
abudawud,3789,abudawud_3789.json
abudawud,379,abudawud_379.json
abudawud,3790,abudawud_3790.json
abudawud,3791,abudawud_3791.json
abudawud,3792,abudawud_3792.json
abudawud,3793,abudawud_3793.json
abudawud,3794,abudawud_3794.json
abudawud,3795,abudawud_3795.json
abudawud,3796,abudawud_3796.json
abudawud,3797,abudawud_3797.json
abudawud,3798,abudawud_3798.json
abudawud,3799,abudawud_3799.json
abudawud,38,abudawud_38.json
abudawud,380,abudawud_380.json
abudawud,3800,abudawud_3800.json
abudawud,3801,abudawud_3801.json
abudawud,3802,abudawud_3802.json
abudawud,3803,abudawud_3803.json
abudawud,3804,abudawud_3804.json
abudawud,3805,abudawud_3805.json
abudawud,3806,abudawud_3806.json
abudawud,3807,abudawud_3807.json
abudawud,3808,abudawud_3808.json
abudawud,3809,abudawud_3809.json
abudawud,381,abudawud_381.json
abudawud,3810,abudawud_3810.json
abudawud,3811,abudawud_3811.json
abudawud,3812,abudawud_3812.json
abudawud,3813,abudawud_3813.json
abudawud,3814,abudawud_3814.json
abudawud,3815,abudawud_3815.json
abudawud,3816,abudawud_3816.json
abudawud,3817,abudawud_3817.json
abudawud,3818,abudawud_3818.json
abudawud,3819,abudawud_3819.json
abudawud,382,abudawud_382.json
abudawud,3820,abudawud_3820.json
abudawud,3821,abudawud_3821.json
abudawud,3822,abudawud_3822.json
abudawud,3823,abudawud_3823.json
abudawud,3824,abudawud_3824.json
abudawud,3825,abudawud_3825.json
abudawud,3826,abudawud_3826.json
abudawud,3827,abudawud_3827.json
abudawud,3828,abudawud_3828.json
abudawud,3829,abudawud_3829.json
abudawud,383,abudawud_383.json
abudawud,3830,abudawud_3830.json
abudawud,3831,abudawud_3831.json
abudawud,3832,abudawud_3832.json
abudawud,3833,abudawud_3833.json
abudawud,3834,abudawud_3834.json
abudawud,3835,abudawud_3835.json
abudawud,3836,abudawud_3836.json
abudawud,3837,abudawud_3837.json
abudawud,3838,abudawud_3838.json
abudawud,3839,abudawud_3839.json
abudawud,384,abudawud_384.json
abudawud,3840,abudawud_3840.json
abudawud,3841,abudawud_3841.json
abudawud,3842,abudawud_3842.json
abudawud,3843,abudawud_3843.json
abudawud,3844,abudawud_3844.json
abudawud,3845,abudawud_3845.json
abudawud,3846,abudawud_3846.json
abudawud,3847,abudawud_3847.json
abudawud,3848,abudawud_3848.json
abudawud,3849,abudawud_3849.json
abudawud,385,abudawud_385.json
abudawud,3850,abudawud_3850.json
abudawud,3851,abudawud_3851.json
abudawud,3852,abudawud_3852.json
abudawud,3853,abudawud_3853.json
abudawud,3854,abudawud_3854.json
abudawud,3855,abudawud_3855.json
abudawud,3856,abudawud_3856.json
abudawud,3857,abudawud_3857.json
abudawud,3858,abudawud_3858.json
abudawud,3859,abudawud_3859.json
abudawud,386,abudawud_386.json
abudawud,3860,abudawud_3860.json
abudawud,3861,abudawud_3861.json
abudawud,3862,abudawud_3862.json
abudawud,3863,abudawud_3863.json
abudawud,3864,abudawud_3864.json
abudawud,3865,abudawud_3865.json
abudawud,3866,abudawud_3866.json
abudawud,3867,abudawud_3867.json
abudawud,3868,abudawud_3868.json
abudawud,3869,abudawud_3869.json
abudawud,387,abudawud_387.json
abudawud,3870,abudawud_3870.json
abudawud,3871,abudawud_3871.json
abudawud,3872,abudawud_3872.json
abudawud,3873,abudawud_3873.json
abudawud,3874,abudawud_3874.json
abudawud,3875,abudawud_3875.json
abudawud,3876,abudawud_3876.json
abudawud,3877,abudawud_3877.json
abudawud,3878,abudawud_3878.json
abudawud,3879,abudawud_3879.json
abudawud,388,abudawud_388.json
abudawud,3880,abudawud_3880.json
abudawud,3881,abudawud_3881.json
abudawud,3882,abudawud_3882.json
abudawud,3883,abudawud_3883.json
abudawud,3884,abudawud_3884.json
abudawud,3885,abudawud_3885.json
abudawud,3886,abudawud_3886.json
abudawud,3887,abudawud_3887.json
abudawud,3888,abudawud_3888.json
abudawud,3889,abudawud_3889.json
abudawud,389,abudawud_389.json
abudawud,3890,abudawud_3890.json
abudawud,3891,abudawud_3891.json
abudawud,3892,abudawud_3892.json
abudawud,3893,abudawud_3893.json
abudawud,3894,abudawud_3894.json
abudawud,3895,abudawud_3895.json
abudawud,3896,abudawud_3896.json
abudawud,3897,abudawud_3897.json
abudawud,3898,abudawud_3898.json
abudawud,3899,abudawud_3899.json
abudawud,39,abudawud_39.json
abudawud,390,abudawud_390.json
abudawud,3900,abudawud_3900.json
abudawud,3901,abudawud_3901.json
abudawud,3902,abudawud_3902.json
abudawud,3903,abudawud_3903.json
abudawud,3904,abudawud_3904.json
abudawud,3905,abudawud_3905.json
abudawud,3906,abudawud_3906.json
abudawud,3907,abudawud_3907.json
abudawud,3908,abudawud_3908.json
abudawud,3909,abudawud_3909.json
abudawud,391,abudawud_391.json
abudawud,3910,abudawud_3910.json
abudawud,3911,abudawud_3911.json
abudawud,3912,abudawud_3912.json
abudawud,3913,abudawud_3913.json
abudawud,3914,abudawud_3914.json
abudawud,3915,abudawud_3915.json
abudawud,3916,abudawud_3916.json
abudawud,3917,abudawud_3917.json
abudawud,3918,abudawud_3918.json
abudawud,3919,abudawud_3919.json
abudawud,392,abudawud_392.json
abudawud,3920,abudawud_3920.json
abudawud,3921,abudawud_3921.json
abudawud,3922,abudawud_3922.json
abudawud,3923,abudawud_3923.json
abudawud,3924,abudawud_3924.json
abudawud,3925,abudawud_3925.json
abudawud,3926,abudawud_3926.json
abudawud,3927,abudawud_3927.json
abudawud,3928,abudawud_3928.json
abudawud,3929,abudawud_3929.json
abudawud,393,abudawud_393.json
abudawud,3930,abudawud_3930.json
abudawud,3931,abudawud_3931.json
abudawud,3932,abudawud_3932.json
abudawud,3933,abudawud_3933.json
abudawud,3934,abudawud_3934.json
abudawud,3935,abudawud_3935.json
abudawud,3936,abudawud_3936.json
abudawud,3937,abudawud_3937.json
abudawud,3938,abudawud_3938.json
abudawud,3939,abudawud_3939.json
abudawud,394,abudawud_394.json
abudawud,3940,abudawud_3940.json
abudawud,3941,abudawud_3941.json
abudawud,3942,abudawud_3942.json
abudawud,3943,abudawud_3943.json
abudawud,3944,abudawud_3944.json
abudawud,3945,abudawud_3945.json
abudawud,3946,abudawud_3946.json
abudawud,3947,abudawud_3947.json
abudawud,3948,abudawud_3948.json
abudawud,3949,abudawud_3949.json
abudawud,395,abudawud_395.json
abudawud,3950,abudawud_3950.json
abudawud,3951,abudawud_3951.json
abudawud,3952,abudawud_3952.json
abudawud,3953,abudawud_3953.json
abudawud,3954,abudawud_3954.json
abudawud,3955,abudawud_3955.json
abudawud,3956,abudawud_3956.json
abudawud,3957,abudawud_3957.json
abudawud,3958,abudawud_3958.json
abudawud,3959,abudawud_3959.json
abudawud,396,abudawud_396.json
abudawud,3960,abudawud_3960.json
abudawud,3961,abudawud_3961.json
abudawud,3962,abudawud_3962.json
abudawud,3963,abudawud_3963.json
abudawud,3964,abudawud_3964.json
abudawud,3965,abudawud_3965.json
abudawud,3966,abudawud_3966.json
abudawud,3967,abudawud_3967.json
abudawud,3968,abudawud_3968.json
abudawud,3969,abudawud_3969.json
abudawud,397,abudawud_397.json
abudawud,3970,abudawud_3970.json
abudawud,3971,abudawud_3971.json
abudawud,3972,abudawud_3972.json
abudawud,3973,abudawud_3973.json
abudawud,3974,abudawud_3974.json
abudawud,3975,abudawud_3975.json
abudawud,3976,abudawud_3976.json
abudawud,3977,abudawud_3977.json
abudawud,3978,abudawud_3978.json
abudawud,3979,abudawud_3979.json
abudawud,398,abudawud_398.json
abudawud,3980,abudawud_3980.json
abudawud,3981,abudawud_3981.json
abudawud,3982,abudawud_3982.json
abudawud,3983,abudawud_3983.json
abudawud,3984,abudawud_3984.json
abudawud,3985,abudawud_3985.json
abudawud,3986,abudawud_3986.json
abudawud,3987,abudawud_3987.json
abudawud,3988,abudawud_3988.json
abudawud,3989,abudawud_3989.json
abudawud,399,abudawud_399.json
abudawud,3990,abudawud_3990.json
abudawud,3991,abudawud_3991.json
abudawud,3992,abudawud_3992.json
abudawud,3993,abudawud_3993.json
abudawud,3994,abudawud_3994.json
abudawud,3995,abudawud_3995.json
abudawud,3996,abudawud_3996.json
abudawud,3997,abudawud_3997.json
abudawud,3998,abudawud_3998.json
abudawud,3999,abudawud_3999.json
abudawud,4,abudawud_4.json
abudawud,40,abudawud_40.json
abudawud,400,abudawud_400.json
abudawud,4000,abudawud_4000.json
abudawud,4001,abudawud_4001.json
abudawud,4002,abudawud_4002.json
abudawud,4003,abudawud_4003.json
abudawud,4004,abudawud_4004.json
abudawud,4005,abudawud_4005.json
abudawud,4006,abudawud_4006.json
abudawud,4007,abudawud_4007.json
abudawud,4008,abudawud_4008.json
abudawud,4009,abudawud_4009.json
abudawud,401,abudawud_401.json
abudawud,4010,abudawud_4010.json
abudawud,4011,abudawud_4011.json
abudawud,4012,abudawud_4012.json
abudawud,4013,abudawud_4013.json
abudawud,4014,abudawud_4014.json
abudawud,4015,abudawud_4015.json
abudawud,4016,abudawud_4016.json
abudawud,4017,abudawud_4017.json
abudawud,4018,abudawud_4018.json
abudawud,4019,abudawud_4019.json
abudawud,402,abudawud_402.json
abudawud,4020,abudawud_4020.json
abudawud,4021,abudawud_4021.json
abudawud,4022,abudawud_4022.json
abudawud,4023,abudawud_4023.json
abudawud,4024,abudawud_4024.json
abudawud,4025,abudawud_4025.json
abudawud,4026,abudawud_4026.json
abudawud,4027,abudawud_4027.json
abudawud,4028,abudawud_4028.json
abudawud,4029,abudawud_4029.json
abudawud,403,abudawud_403.json
abudawud,4030,abudawud_4030.json
abudawud,4031,abudawud_4031.json
abudawud,4032,abudawud_4032.json
abudawud,4033,abudawud_4033.json
abudawud,4034,abudawud_4034.json
abudawud,4035,abudawud_4035.json
abudawud,4036,abudawud_4036.json
abudawud,4037,abudawud_4037.json
abudawud,4038,abudawud_4038.json
abudawud,4039,abudawud_4039.json
abudawud,404,abudawud_404.json
abudawud,4040,abudawud_4040.json
abudawud,4041,abudawud_4041.json
abudawud,4042,abudawud_4042.json
abudawud,4043,abudawud_4043.json
abudawud,4044,abudawud_4044.json
abudawud,4045,abudawud_4045.json
abudawud,4046,abudawud_4046.json
abudawud,4047,abudawud_4047.json
abudawud,4048,abudawud_4048.json
abudawud,4049,abudawud_4049.json
abudawud,405,abudawud_405.json
abudawud,4050,abudawud_4050.json
abudawud,4051,abudawud_4051.json
abudawud,4052,abudawud_4052.json
abudawud,4053,abudawud_4053.json
abudawud,4054,abudawud_4054.json
abudawud,4055,abudawud_4055.json
abudawud,4056,abudawud_4056.json
abudawud,4057,abudawud_4057.json
abudawud,4058,abudawud_4058.json
abudawud,4059,abudawud_4059.json
abudawud,406,abudawud_406.json
abudawud,4060,abudawud_4060.json
abudawud,4061,abudawud_4061.json
abudawud,4062,abudawud_4062.json
abudawud,4063,abudawud_4063.json
abudawud,4064,abudawud_4064.json
abudawud,4065,abudawud_4065.json
abudawud,4066,abudawud_4066.json
abudawud,4067,abudawud_4067.json
abudawud,4068,abudawud_4068.json
abudawud,4069,abudawud_4069.json
abudawud,407,abudawud_407.json
abudawud,4070,abudawud_4070.json
abudawud,4071,abudawud_4071.json
abudawud,4072,abudawud_4072.json
abudawud,4073,abudawud_4073.json
abudawud,4074,abudawud_4074.json
abudawud,4075,abudawud_4075.json
abudawud,4076,abudawud_4076.json
abudawud,4077,abudawud_4077.json
abudawud,4078,abudawud_4078.json
abudawud,4079,abudawud_4079.json
abudawud,408,abudawud_408.json
abudawud,4080,abudawud_4080.json
abudawud,4081,abudawud_4081.json
abudawud,4082,abudawud_4082.json
abudawud,4083,abudawud_4083.json
abudawud,4084,abudawud_4084.json
abudawud,4085,abudawud_4085.json
abudawud,4086,abudawud_4086.json
abudawud,4087,abudawud_4087.json
abudawud,4088,abudawud_4088.json
abudawud,4089,abudawud_4089.json
abudawud,409,abudawud_409.json
abudawud,4090,abudawud_4090.json
abudawud,4091,abudawud_4091.json
abudawud,4092,abudawud_4092.json
abudawud,4093,abudawud_4093.json
abudawud,4094,abudawud_4094.json
abudawud,4095,abudawud_4095.json
abudawud,4096,abudawud_4096.json
abudawud,4097,abudawud_4097.json
abudawud,4098,abudawud_4098.json
abudawud,4099,abudawud_4099.json
abudawud,41,abudawud_41.json
abudawud,410,abudawud_410.json
abudawud,4100,abudawud_4100.json
abudawud,4101,abudawud_4101.json
abudawud,4102,abudawud_4102.json
abudawud,4103,abudawud_4103.json
abudawud,4104,abudawud_4104.json
abudawud,4105,abudawud_4105.json
abudawud,4106,abudawud_4106.json
abudawud,4107,abudawud_4107.json
abudawud,4108,abudawud_4108.json
abudawud,4109,abudawud_4109.json
abudawud,411,abudawud_411.json
abudawud,4110,abudawud_4110.json
abudawud,4111,abudawud_4111.json
abudawud,4112,abudawud_4112.json
abudawud,4113,abudawud_4113.json
abudawud,4114,abudawud_4114.json
abudawud,4115,abudawud_4115.json
abudawud,4116,abudawud_4116.json
abudawud,4117,abudawud_4117.json
abudawud,4118,abudawud_4118.json
abudawud,4119,abudawud_4119.json
abudawud,412,abudawud_412.json
abudawud,4120,abudawud_4120.json
abudawud,4121,abudawud_4121.json
abudawud,4122,abudawud_4122.json
abudawud,4123,abudawud_4123.json
abudawud,4124,abudawud_4124.json
abudawud,4125,abudawud_4125.json
abudawud,4126,abudawud_4126.json
abudawud,4127,abudawud_4127.json
abudawud,4128,abudawud_4128.json
abudawud,4129,abudawud_4129.json
abudawud,413,abudawud_413.json
abudawud,4130,abudawud_4130.json
abudawud,4131,abudawud_4131.json
abudawud,4132,abudawud_4132.json
abudawud,4133,abudawud_4133.json
abudawud,4134,abudawud_4134.json
abudawud,4135,abudawud_4135.json
abudawud,4136,abudawud_4136.json
abudawud,4137,abudawud_4137.json
abudawud,4138,abudawud_4138.json
abudawud,4139,abudawud_4139.json
abudawud,414,abudawud_414.json
abudawud,4140,abudawud_4140.json
abudawud,4141,abudawud_4141.json
abudawud,4142,abudawud_4142.json
abudawud,4143,abudawud_4143.json
abudawud,4144,abudawud_4144.json
abudawud,4145,abudawud_4145.json
abudawud,4146,abudawud_4146.json
abudawud,4147,abudawud_4147.json
abudawud,4148,abudawud_4148.json
abudawud,4149,abudawud_4149.json
abudawud,415,abudawud_415.json
abudawud,4150,abudawud_4150.json
abudawud,4151,abudawud_4151.json
abudawud,4152,abudawud_4152.json
abudawud,4153,abudawud_4153.json
abudawud,4154,abudawud_4154.json
abudawud,4155,abudawud_4155.json
abudawud,4156,abudawud_4156.json
abudawud,4157,abudawud_4157.json
abudawud,4158,abudawud_4158.json
abudawud,4159,abudawud_4159.json
abudawud,416,abudawud_416.json
abudawud,4160,abudawud_4160.json
abudawud,4161,abudawud_4161.json
abudawud,4162,abudawud_4162.json
abudawud,4163,abudawud_4163.json
abudawud,4164,abudawud_4164.json
abudawud,4165,abudawud_4165.json
abudawud,4166,abudawud_4166.json
abudawud,4167,abudawud_4167.json
abudawud,4168,abudawud_4168.json
abudawud,4169,abudawud_4169.json
abudawud,417,abudawud_417.json
abudawud,4170,abudawud_4170.json
abudawud,4171,abudawud_4171.json
abudawud,4172,abudawud_4172.json
abudawud,4173,abudawud_4173.json
abudawud,4174,abudawud_4174.json
abudawud,4175,abudawud_4175.json
abudawud,4176,abudawud_4176.json
abudawud,4177,abudawud_4177.json
abudawud,4178,abudawud_4178.json
abudawud,4179,abudawud_4179.json
abudawud,418,abudawud_418.json
abudawud,4180,abudawud_4180.json
abudawud,4181,abudawud_4181.json
abudawud,4182,abudawud_4182.json
abudawud,4183,abudawud_4183.json
abudawud,4184,abudawud_4184.json
abudawud,4185,abudawud_4185.json
abudawud,4186,abudawud_4186.json
abudawud,4187,abudawud_4187.json
abudawud,4188,abudawud_4188.json
abudawud,4189,abudawud_4189.json
abudawud,419,abudawud_419.json
abudawud,4190,abudawud_4190.json
abudawud,4191,abudawud_4191.json
abudawud,4192,abudawud_4192.json
abudawud,4193,abudawud_4193.json
abudawud,4194,abudawud_4194.json
abudawud,4195,abudawud_4195.json
abudawud,4196,abudawud_4196.json
abudawud,4197,abudawud_4197.json
abudawud,4198,abudawud_4198.json
abudawud,4199,abudawud_4199.json
abudawud,42,abudawud_42.json
abudawud,420,abudawud_420.json
abudawud,4200,abudawud_4200.json
abudawud,4201,abudawud_4201.json
abudawud,4202,abudawud_4202.json
abudawud,4203,abudawud_4203.json
abudawud,4204,abudawud_4204.json
abudawud,4205,abudawud_4205.json
abudawud,4206,abudawud_4206.json
abudawud,4207,abudawud_4207.json
abudawud,4208,abudawud_4208.json
abudawud,4209,abudawud_4209.json
abudawud,421,abudawud_421.json
abudawud,4210,abudawud_4210.json
abudawud,4211,abudawud_4211.json
abudawud,4212,abudawud_4212.json
abudawud,4213,abudawud_4213.json
abudawud,4214,abudawud_4214.json
abudawud,4215,abudawud_4215.json
abudawud,4216,abudawud_4216.json
abudawud,4217,abudawud_4217.json
abudawud,4218,abudawud_4218.json
abudawud,4219,abudawud_4219.json
abudawud,422,abudawud_422.json
abudawud,4220,abudawud_4220.json
abudawud,4221,abudawud_4221.json
abudawud,4222,abudawud_4222.json
abudawud,4223,abudawud_4223.json
abudawud,4224,abudawud_4224.json
abudawud,4225,abudawud_4225.json
abudawud,4226,abudawud_4226.json
abudawud,4227,abudawud_4227.json
abudawud,4228,abudawud_4228.json
abudawud,4229,abudawud_4229.json
abudawud,423,abudawud_423.json
abudawud,4230,abudawud_4230.json
abudawud,4231,abudawud_4231.json
abudawud,4232,abudawud_4232.json
abudawud,4233,abudawud_4233.json
abudawud,4234,abudawud_4234.json
abudawud,4235,abudawud_4235.json
abudawud,4236,abudawud_4236.json
abudawud,4237,abudawud_4237.json
abudawud,4238,abudawud_4238.json
abudawud,4239,abudawud_4239.json
abudawud,424,abudawud_424.json
abudawud,4240,abudawud_4240.json
abudawud,4241,abudawud_4241.json
abudawud,4242,abudawud_4242.json
abudawud,4243,abudawud_4243.json
abudawud,4244,abudawud_4244.json
abudawud,4245,abudawud_4245.json
abudawud,4246,abudawud_4246.json
abudawud,4247,abudawud_4247.json
abudawud,4248,abudawud_4248.json
abudawud,4249,abudawud_4249.json
abudawud,425,abudawud_425.json
abudawud,4250,abudawud_4250.json
abudawud,4251,abudawud_4251.json
abudawud,4252,abudawud_4252.json
abudawud,4253,abudawud_4253.json
abudawud,4254,abudawud_4254.json
abudawud,4255,abudawud_4255.json
abudawud,4256,abudawud_4256.json
abudawud,4257,abudawud_4257.json
abudawud,4258,abudawud_4258.json
abudawud,4259,abudawud_4259.json
abudawud,426,abudawud_426.json
abudawud,4260,abudawud_4260.json
abudawud,4261,abudawud_4261.json
abudawud,4262,abudawud_4262.json
abudawud,4263,abudawud_4263.json
abudawud,4264,abudawud_4264.json
abudawud,4265,abudawud_4265.json
abudawud,4266,abudawud_4266.json
abudawud,4267,abudawud_4267.json
abudawud,4268,abudawud_4268.json
abudawud,4269,abudawud_4269.json
abudawud,427,abudawud_427.json
abudawud,4270,abudawud_4270.json
abudawud,4271,abudawud_4271.json
abudawud,4272,abudawud_4272.json
abudawud,4273,abudawud_4273.json
abudawud,4274,abudawud_4274.json
abudawud,4275,abudawud_4275.json
abudawud,4276,abudawud_4276.json
abudawud,4277,abudawud_4277.json
abudawud,4278,abudawud_4278.json
abudawud,4279,abudawud_4279.json
abudawud,428,abudawud_428.json
abudawud,4280,abudawud_4280.json
abudawud,4281,abudawud_4281.json
abudawud,4282,abudawud_4282.json
abudawud,4283,abudawud_4283.json
abudawud,4284,abudawud_4284.json
abudawud,4285,abudawud_4285.json
abudawud,4286,abudawud_4286.json
abudawud,4287,abudawud_4287.json
abudawud,4288,abudawud_4288.json
abudawud,4289,abudawud_4289.json
abudawud,429,abudawud_429.json
abudawud,4290,abudawud_4290.json
abudawud,4291,abudawud_4291.json
abudawud,4292,abudawud_4292.json
abudawud,4293,abudawud_4293.json
abudawud,4294,abudawud_4294.json
abudawud,4295,abudawud_4295.json
abudawud,4296,abudawud_4296.json
abudawud,4297,abudawud_4297.json
abudawud,4298,abudawud_4298.json
abudawud,4299,abudawud_4299.json
abudawud,43,abudawud_43.json
abudawud,430,abudawud_430.json
abudawud,4300,abudawud_4300.json
abudawud,4301,abudawud_4301.json
abudawud,4302,abudawud_4302.json
abudawud,4303,abudawud_4303.json
abudawud,4304,abudawud_4304.json
abudawud,4305,abudawud_4305.json
abudawud,4306,abudawud_4306.json
abudawud,4307,abudawud_4307.json
abudawud,4308,abudawud_4308.json
abudawud,4309,abudawud_4309.json
abudawud,431,abudawud_431.json
abudawud,4310,abudawud_4310.json
abudawud,4311,abudawud_4311.json
abudawud,4312,abudawud_4312.json
abudawud,4313,abudawud_4313.json
abudawud,4314,abudawud_4314.json
abudawud,4315,abudawud_4315.json
abudawud,4316,abudawud_4316.json
abudawud,4317,abudawud_4317.json
abudawud,4318,abudawud_4318.json
abudawud,4319,abudawud_4319.json
abudawud,432,abudawud_432.json
abudawud,4320,abudawud_4320.json
abudawud,4321,abudawud_4321.json
abudawud,4322,abudawud_4322.json
abudawud,4323,abudawud_4323.json
abudawud,4324,abudawud_4324.json
abudawud,4325,abudawud_4325.json
abudawud,4326,abudawud_4326.json
abudawud,4327,abudawud_4327.json
abudawud,4328,abudawud_4328.json
abudawud,4329,abudawud_4329.json
abudawud,433,abudawud_433.json
abudawud,4330,abudawud_4330.json
abudawud,4331,abudawud_4331.json
abudawud,4332,abudawud_4332.json
abudawud,4333,abudawud_4333.json
abudawud,4334,abudawud_4334.json
abudawud,4335,abudawud_4335.json
abudawud,4336,abudawud_4336.json
abudawud,4337,abudawud_4337.json
abudawud,4338,abudawud_4338.json
abudawud,4339,abudawud_4339.json
abudawud,434,abudawud_434.json
abudawud,4340,abudawud_4340.json
abudawud,4341,abudawud_4341.json
abudawud,4342,abudawud_4342.json
abudawud,4343,abudawud_4343.json
abudawud,4344,abudawud_4344.json
abudawud,4345,abudawud_4345.json
abudawud,4346,abudawud_4346.json
abudawud,4347,abudawud_4347.json
abudawud,4348,abudawud_4348.json
abudawud,4349,abudawud_4349.json
abudawud,435,abudawud_435.json
abudawud,4350,abudawud_4350.json
abudawud,4351,abudawud_4351.json
abudawud,4352,abudawud_4352.json
abudawud,4353,abudawud_4353.json
abudawud,4354,abudawud_4354.json
abudawud,4355,abudawud_4355.json
abudawud,4356,abudawud_4356.json
abudawud,4357,abudawud_4357.json
abudawud,4358,abudawud_4358.json
abudawud,4359,abudawud_4359.json
abudawud,436,abudawud_436.json
abudawud,4360,abudawud_4360.json
abudawud,4361,abudawud_4361.json
abudawud,4362,abudawud_4362.json
abudawud,4363,abudawud_4363.json
abudawud,4364,abudawud_4364.json
abudawud,4365,abudawud_4365.json
abudawud,4366,abudawud_4366.json
abudawud,4367,abudawud_4367.json
abudawud,4368,abudawud_4368.json
abudawud,4369,abudawud_4369.json
abudawud,437,abudawud_437.json
abudawud,4370,abudawud_4370.json
abudawud,4371,abudawud_4371.json
abudawud,4372,abudawud_4372.json
abudawud,4373,abudawud_4373.json
abudawud,4374,abudawud_4374.json
abudawud,4375,abudawud_4375.json
abudawud,4376,abudawud_4376.json
abudawud,4377,abudawud_4377.json
abudawud,4378,abudawud_4378.json
abudawud,4379,abudawud_4379.json
abudawud,438,abudawud_438.json
abudawud,4380,abudawud_4380.json
abudawud,4381,abudawud_4381.json
abudawud,4382,abudawud_4382.json
abudawud,4383,abudawud_4383.json
abudawud,4384,abudawud_4384.json
abudawud,4385,abudawud_4385.json
abudawud,4386,abudawud_4386.json
abudawud,4387,abudawud_4387.json
abudawud,4388,abudawud_4388.json
abudawud,4389,abudawud_4389.json
abudawud,439,abudawud_439.json
abudawud,4390,abudawud_4390.json
abudawud,4391,abudawud_4391.json
abudawud,4392,abudawud_4392.json
abudawud,4393,abudawud_4393.json
abudawud,4394,abudawud_4394.json
abudawud,4395,abudawud_4395.json
abudawud,4396,abudawud_4396.json
abudawud,4397,abudawud_4397.json
abudawud,4398,abudawud_4398.json
abudawud,4399,abudawud_4399.json
abudawud,44,abudawud_44.json
abudawud,440,abudawud_440.json
abudawud,4400,abudawud_4400.json
abudawud,4401,abudawud_4401.json
abudawud,4402,abudawud_4402.json
abudawud,4403,abudawud_4403.json
abudawud,4404,abudawud_4404.json
abudawud,4405,abudawud_4405.json
abudawud,4406,abudawud_4406.json
abudawud,4407,abudawud_4407.json
abudawud,4408,abudawud_4408.json
abudawud,4409,abudawud_4409.json
abudawud,441,abudawud_441.json
abudawud,4410,abudawud_4410.json
abudawud,4411,abudawud_4411.json
abudawud,4412,abudawud_4412.json
abudawud,4413,abudawud_4413.json
abudawud,4414,abudawud_4414.json
abudawud,4415,abudawud_4415.json
abudawud,4416,abudawud_4416.json
abudawud,4417,abudawud_4417.json
abudawud,4418,abudawud_4418.json
abudawud,4419,abudawud_4419.json
abudawud,442,abudawud_442.json
abudawud,4420,abudawud_4420.json
abudawud,4421,abudawud_4421.json
abudawud,4422,abudawud_4422.json
abudawud,4423,abudawud_4423.json
abudawud,4424,abudawud_4424.json
abudawud,4425,abudawud_4425.json
abudawud,4426,abudawud_4426.json
abudawud,4427,abudawud_4427.json
abudawud,4428,abudawud_4428.json
abudawud,4429,abudawud_4429.json
abudawud,443,abudawud_443.json
abudawud,4430,abudawud_4430.json
abudawud,4431,abudawud_4431.json
abudawud,4432,abudawud_4432.json
abudawud,4433,abudawud_4433.json
abudawud,4434,abudawud_4434.json
abudawud,4435,abudawud_4435.json
abudawud,4436,abudawud_4436.json
abudawud,4437,abudawud_4437.json
abudawud,4438,abudawud_4438.json
abudawud,4439,abudawud_4439.json
abudawud,444,abudawud_444.json
abudawud,4440,abudawud_4440.json
abudawud,4441,abudawud_4441.json
abudawud,4442,abudawud_4442.json
abudawud,4443,abudawud_4443.json
abudawud,4444,abudawud_4444.json
abudawud,4445,abudawud_4445.json
abudawud,4446,abudawud_4446.json
abudawud,4447,abudawud_4447.json
abudawud,4448,abudawud_4448.json
abudawud,4449,abudawud_4449.json
abudawud,445,abudawud_445.json
abudawud,4450,abudawud_4450.json
abudawud,4451,abudawud_4451.json
abudawud,4452,abudawud_4452.json
abudawud,4453,abudawud_4453.json
abudawud,4454,abudawud_4454.json
abudawud,4455,abudawud_4455.json
abudawud,4456,abudawud_4456.json
abudawud,4457,abudawud_4457.json
abudawud,4458,abudawud_4458.json
abudawud,4459,abudawud_4459.json
abudawud,446,abudawud_446.json
abudawud,4460,abudawud_4460.json
abudawud,4461,abudawud_4461.json
abudawud,4462,abudawud_4462.json
abudawud,4463,abudawud_4463.json
abudawud,4464,abudawud_4464.json
abudawud,4465,abudawud_4465.json
abudawud,4466,abudawud_4466.json
abudawud,4467,abudawud_4467.json
abudawud,4468,abudawud_4468.json
abudawud,4469,abudawud_4469.json
abudawud,447,abudawud_447.json
abudawud,4470,abudawud_4470.json
abudawud,4471,abudawud_4471.json
abudawud,4472,abudawud_4472.json
abudawud,4473,abudawud_4473.json
abudawud,4474,abudawud_4474.json
abudawud,4475,abudawud_4475.json
abudawud,4476,abudawud_4476.json
abudawud,4477,abudawud_4477.json
abudawud,4478,abudawud_4478.json
abudawud,4479,abudawud_4479.json
abudawud,448,abudawud_448.json
abudawud,4480,abudawud_4480.json
abudawud,4481,abudawud_4481.json
abudawud,4482,abudawud_4482.json
abudawud,4483,abudawud_4483.json
abudawud,4484,abudawud_4484.json
abudawud,4485,abudawud_4485.json
abudawud,4486,abudawud_4486.json
abudawud,4487,abudawud_4487.json
abudawud,4488,abudawud_4488.json
abudawud,4489,abudawud_4489.json
abudawud,449,abudawud_449.json
abudawud,4490,abudawud_4490.json
abudawud,4491,abudawud_4491.json
abudawud,4492,abudawud_4492.json
abudawud,4493,abudawud_4493.json
abudawud,4494,abudawud_4494.json
abudawud,4495,abudawud_4495.json
abudawud,4496,abudawud_4496.json
abudawud,4497,abudawud_4497.json
abudawud,4498,abudawud_4498.json
abudawud,4499,abudawud_4499.json
abudawud,45,abudawud_45.json
abudawud,450,abudawud_450.json
abudawud,4500,abudawud_4500.json
abudawud,4501,abudawud_4501.json
abudawud,4502,abudawud_4502.json
abudawud,4503,abudawud_4503.json
abudawud,4504,abudawud_4504.json
abudawud,4505,abudawud_4505.json
abudawud,4506,abudawud_4506.json
abudawud,4507,abudawud_4507.json
abudawud,4508,abudawud_4508.json
abudawud,4509,abudawud_4509.json
abudawud,451,abudawud_451.json
abudawud,4510,abudawud_4510.json
abudawud,4511,abudawud_4511.json
abudawud,4512,abudawud_4512.json
abudawud,4513,abudawud_4513.json
abudawud,4514,abudawud_4514.json
abudawud,4515,abudawud_4515.json
abudawud,4516,abudawud_4516.json
abudawud,4517,abudawud_4517.json
abudawud,4518,abudawud_4518.json
abudawud,4519,abudawud_4519.json
abudawud,452,abudawud_452.json
abudawud,4520,abudawud_4520.json
abudawud,4521,abudawud_4521.json
abudawud,4522,abudawud_4522.json
abudawud,4523,abudawud_4523.json
abudawud,4524,abudawud_4524.json
abudawud,4525,abudawud_4525.json
abudawud,4526,abudawud_4526.json
abudawud,4527,abudawud_4527.json
abudawud,4528,abudawud_4528.json
abudawud,4529,abudawud_4529.json
abudawud,453,abudawud_453.json
abudawud,4530,abudawud_4530.json
abudawud,4531,abudawud_4531.json
abudawud,4532,abudawud_4532.json
abudawud,4533,abudawud_4533.json
abudawud,4534,abudawud_4534.json
abudawud,4535,abudawud_4535.json
abudawud,4536,abudawud_4536.json
abudawud,4537,abudawud_4537.json
abudawud,4538,abudawud_4538.json
abudawud,4539,abudawud_4539.json
abudawud,454,abudawud_454.json
abudawud,4540,abudawud_4540.json
abudawud,4541,abudawud_4541.json
abudawud,4542,abudawud_4542.json
abudawud,4543,abudawud_4543.json
abudawud,4544,abudawud_4544.json
abudawud,4545,abudawud_4545.json
abudawud,4546,abudawud_4546.json
abudawud,4547,abudawud_4547.json
abudawud,4548,abudawud_4548.json
abudawud,4549,abudawud_4549.json
abudawud,455,abudawud_455.json
abudawud,4550,abudawud_4550.json
abudawud,4551,abudawud_4551.json
abudawud,4552,abudawud_4552.json
abudawud,4553,abudawud_4553.json
abudawud,4554,abudawud_4554.json
abudawud,4555,abudawud_4555.json
abudawud,4556,abudawud_4556.json
abudawud,4557,abudawud_4557.json
abudawud,4558,abudawud_4558.json
abudawud,4559,abudawud_4559.json
abudawud,456,abudawud_456.json
abudawud,4560,abudawud_4560.json
abudawud,4561,abudawud_4561.json
abudawud,4562,abudawud_4562.json
abudawud,4563,abudawud_4563.json
abudawud,4564,abudawud_4564.json
abudawud,4565,abudawud_4565.json
abudawud,4566,abudawud_4566.json
abudawud,4567,abudawud_4567.json
abudawud,4568,abudawud_4568.json
abudawud,4569,abudawud_4569.json
abudawud,457,abudawud_457.json
abudawud,4570,abudawud_4570.json
abudawud,4571,abudawud_4571.json
abudawud,4572,abudawud_4572.json
abudawud,4573,abudawud_4573.json
abudawud,4574,abudawud_4574.json
abudawud,4575,abudawud_4575.json
abudawud,4576,abudawud_4576.json
abudawud,4577,abudawud_4577.json
abudawud,4578,abudawud_4578.json
abudawud,4579,abudawud_4579.json
abudawud,458,abudawud_458.json
abudawud,4580,abudawud_4580.json
abudawud,4581,abudawud_4581.json
abudawud,4582,abudawud_4582.json
abudawud,4583,abudawud_4583.json
abudawud,4584,abudawud_4584.json
abudawud,4585,abudawud_4585.json
abudawud,4586,abudawud_4586.json
abudawud,4587,abudawud_4587.json
abudawud,4588,abudawud_4588.json
abudawud,4589,abudawud_4589.json
abudawud,459,abudawud_459.json
abudawud,4590,abudawud_4590.json
abudawud,4591,abudawud_4591.json
abudawud,4592,abudawud_4592.json
abudawud,4593,abudawud_4593.json
abudawud,4594,abudawud_4594.json
abudawud,4595,abudawud_4595.json
abudawud,4596,abudawud_4596.json
abudawud,4597,abudawud_4597.json
abudawud,4598,abudawud_4598.json
abudawud,4599,abudawud_4599.json
abudawud,46,abudawud_46.json
abudawud,460,abudawud_460.json
abudawud,4600,abudawud_4600.json
abudawud,4601,abudawud_4601.json
abudawud,4602,abudawud_4602.json
abudawud,4603,abudawud_4603.json
abudawud,4604,abudawud_4604.json
abudawud,4605,abudawud_4605.json
abudawud,4606,abudawud_4606.json
abudawud,4607,abudawud_4607.json
abudawud,4608,abudawud_4608.json
abudawud,4609,abudawud_4609.json
abudawud,461,abudawud_461.json
abudawud,4610,abudawud_4610.json
abudawud,4611,abudawud_4611.json
abudawud,4612,abudawud_4612.json
abudawud,4613,abudawud_4613.json
abudawud,4614,abudawud_4614.json
abudawud,4615,abudawud_4615.json
abudawud,4616,abudawud_4616.json
abudawud,4617,abudawud_4617.json
abudawud,4618,abudawud_4618.json
abudawud,4619,abudawud_4619.json
abudawud,462,abudawud_462.json
abudawud,4620,abudawud_4620.json
abudawud,4621,abudawud_4621.json
abudawud,4622,abudawud_4622.json
abudawud,4623,abudawud_4623.json
abudawud,4624,abudawud_4624.json
abudawud,4625,abudawud_4625.json
abudawud,4626,abudawud_4626.json
abudawud,4627,abudawud_4627.json
abudawud,4628,abudawud_4628.json
abudawud,4629,abudawud_4629.json
abudawud,463,abudawud_463.json
abudawud,4630,abudawud_4630.json
abudawud,4631,abudawud_4631.json
abudawud,4632,abudawud_4632.json
abudawud,4633,abudawud_4633.json
abudawud,4634,abudawud_4634.json
abudawud,4635,abudawud_4635.json
abudawud,4636,abudawud_4636.json
abudawud,4637,abudawud_4637.json
abudawud,4638,abudawud_4638.json
abudawud,4639,abudawud_4639.json
abudawud,464,abudawud_464.json
abudawud,4640,abudawud_4640.json
abudawud,4641,abudawud_4641.json
abudawud,4642,abudawud_4642.json
abudawud,4643,abudawud_4643.json
abudawud,4644,abudawud_4644.json
abudawud,4645,abudawud_4645.json
abudawud,4646,abudawud_4646.json
abudawud,4647,abudawud_4647.json
abudawud,4648,abudawud_4648.json
abudawud,4649,abudawud_4649.json
abudawud,465,abudawud_465.json
abudawud,4650,abudawud_4650.json
abudawud,4651,abudawud_4651.json
abudawud,4652,abudawud_4652.json
abudawud,4653,abudawud_4653.json
abudawud,4654,abudawud_4654.json
abudawud,4655,abudawud_4655.json
abudawud,4656,abudawud_4656.json
abudawud,4657,abudawud_4657.json
abudawud,4658,abudawud_4658.json
abudawud,4659,abudawud_4659.json
abudawud,466,abudawud_466.json
abudawud,4660,abudawud_4660.json
abudawud,4661,abudawud_4661.json
abudawud,4662,abudawud_4662.json
abudawud,4663,abudawud_4663.json
abudawud,4664,abudawud_4664.json
abudawud,4665,abudawud_4665.json
abudawud,4666,abudawud_4666.json
abudawud,4667,abudawud_4667.json
abudawud,4668,abudawud_4668.json
abudawud,4669,abudawud_4669.json
abudawud,467,abudawud_467.json
abudawud,4670,abudawud_4670.json
abudawud,4671,abudawud_4671.json
abudawud,4672,abudawud_4672.json
abudawud,4673,abudawud_4673.json
abudawud,4674,abudawud_4674.json
abudawud,4675,abudawud_4675.json
abudawud,4676,abudawud_4676.json
abudawud,4677,abudawud_4677.json
abudawud,4678,abudawud_4678.json
abudawud,4679,abudawud_4679.json
abudawud,468,abudawud_468.json
abudawud,4680,abudawud_4680.json
abudawud,4681,abudawud_4681.json
abudawud,4682,abudawud_4682.json
abudawud,4683,abudawud_4683.json
abudawud,4684,abudawud_4684.json
abudawud,4685,abudawud_4685.json
abudawud,4686,abudawud_4686.json
abudawud,4687,abudawud_4687.json
abudawud,4688,abudawud_4688.json
abudawud,4689,abudawud_4689.json
abudawud,469,abudawud_469.json
abudawud,4690,abudawud_4690.json
abudawud,4691,abudawud_4691.json
abudawud,4692,abudawud_4692.json
abudawud,4693,abudawud_4693.json
abudawud,4694,abudawud_4694.json
abudawud,4695,abudawud_4695.json
abudawud,4696,abudawud_4696.json
abudawud,4697,abudawud_4697.json
abudawud,4698,abudawud_4698.json
abudawud,4699,abudawud_4699.json
abudawud,47,abudawud_47.json
abudawud,470,abudawud_470.json
abudawud,4700,abudawud_4700.json
abudawud,4701,abudawud_4701.json
abudawud,4702,abudawud_4702.json
abudawud,4703,abudawud_4703.json
abudawud,4704,abudawud_4704.json
abudawud,4705,abudawud_4705.json
abudawud,4706,abudawud_4706.json
abudawud,4707,abudawud_4707.json
abudawud,4708,abudawud_4708.json
abudawud,4709,abudawud_4709.json
abudawud,471,abudawud_471.json
abudawud,4710,abudawud_4710.json
abudawud,4711,abudawud_4711.json
abudawud,4712,abudawud_4712.json
abudawud,4713,abudawud_4713.json
abudawud,4714,abudawud_4714.json
abudawud,4715,abudawud_4715.json
abudawud,4716,abudawud_4716.json
abudawud,4717,abudawud_4717.json
abudawud,4718,abudawud_4718.json
abudawud,4719,abudawud_4719.json
abudawud,472,abudawud_472.json
abudawud,4720,abudawud_4720.json
abudawud,4721,abudawud_4721.json
abudawud,4722,abudawud_4722.json
abudawud,4723,abudawud_4723.json
abudawud,4724,abudawud_4724.json
abudawud,4725,abudawud_4725.json
abudawud,4726,abudawud_4726.json
abudawud,4727,abudawud_4727.json
abudawud,4728,abudawud_4728.json
abudawud,4729,abudawud_4729.json
abudawud,473,abudawud_473.json
abudawud,4730,abudawud_4730.json
abudawud,4731,abudawud_4731.json
abudawud,4732,abudawud_4732.json
abudawud,4733,abudawud_4733.json
abudawud,4734,abudawud_4734.json
abudawud,4735,abudawud_4735.json
abudawud,4736,abudawud_4736.json
abudawud,4737,abudawud_4737.json
abudawud,4738,abudawud_4738.json
abudawud,4739,abudawud_4739.json
abudawud,474,abudawud_474.json
abudawud,4740,abudawud_4740.json
abudawud,4741,abudawud_4741.json
abudawud,4742,abudawud_4742.json
abudawud,4743,abudawud_4743.json
abudawud,4744,abudawud_4744.json
abudawud,4745,abudawud_4745.json
abudawud,4746,abudawud_4746.json
abudawud,4747,abudawud_4747.json
abudawud,4748,abudawud_4748.json
abudawud,4749,abudawud_4749.json
abudawud,475,abudawud_475.json
abudawud,4750,abudawud_4750.json
abudawud,4751,abudawud_4751.json
abudawud,4752,abudawud_4752.json
abudawud,4753,abudawud_4753.json
abudawud,4754,abudawud_4754.json
abudawud,4755,abudawud_4755.json
abudawud,4756,abudawud_4756.json
abudawud,4757,abudawud_4757.json
abudawud,4758,abudawud_4758.json
abudawud,4759,abudawud_4759.json
abudawud,476,abudawud_476.json
abudawud,4760,abudawud_4760.json
abudawud,4761,abudawud_4761.json
abudawud,4762,abudawud_4762.json
abudawud,4763,abudawud_4763.json
abudawud,4764,abudawud_4764.json
abudawud,4765,abudawud_4765.json
abudawud,4766,abudawud_4766.json
abudawud,4767,abudawud_4767.json
abudawud,4768,abudawud_4768.json
abudawud,4769,abudawud_4769.json
abudawud,477,abudawud_477.json
abudawud,4770,abudawud_4770.json
abudawud,4771,abudawud_4771.json
abudawud,4772,abudawud_4772.json
abudawud,4773,abudawud_4773.json
abudawud,4774,abudawud_4774.json
abudawud,4775,abudawud_4775.json
abudawud,4776,abudawud_4776.json
abudawud,4777,abudawud_4777.json
abudawud,4778,abudawud_4778.json
abudawud,4779,abudawud_4779.json
abudawud,478,abudawud_478.json
abudawud,4780,abudawud_4780.json
abudawud,4781,abudawud_4781.json
abudawud,4782,abudawud_4782.json
abudawud,4783,abudawud_4783.json
abudawud,4784,abudawud_4784.json
abudawud,4785,abudawud_4785.json
abudawud,4786,abudawud_4786.json
abudawud,4787,abudawud_4787.json
abudawud,4788,abudawud_4788.json
abudawud,4789,abudawud_4789.json
abudawud,479,abudawud_479.json
abudawud,4790,abudawud_4790.json
abudawud,4791,abudawud_4791.json
abudawud,4792,abudawud_4792.json
abudawud,4793,abudawud_4793.json
abudawud,4794,abudawud_4794.json
abudawud,4795,abudawud_4795.json
abudawud,4796,abudawud_4796.json
abudawud,4797,abudawud_4797.json
abudawud,4798,abudawud_4798.json
abudawud,4799,abudawud_4799.json
abudawud,48,abudawud_48.json
abudawud,480,abudawud_480.json
abudawud,4800,abudawud_4800.json
abudawud,4801,abudawud_4801.json
abudawud,4802,abudawud_4802.json
abudawud,4803,abudawud_4803.json
abudawud,4804,abudawud_4804.json
abudawud,4805,abudawud_4805.json
abudawud,4806,abudawud_4806.json
abudawud,4807,abudawud_4807.json
abudawud,4808,abudawud_4808.json
abudawud,4809,abudawud_4809.json
abudawud,481,abudawud_481.json
abudawud,4810,abudawud_4810.json
abudawud,4811,abudawud_4811.json
abudawud,4812,abudawud_4812.json
abudawud,4813,abudawud_4813.json
abudawud,4814,abudawud_4814.json
abudawud,4815,abudawud_4815.json
abudawud,4816,abudawud_4816.json
abudawud,4817,abudawud_4817.json
abudawud,4818,abudawud_4818.json
abudawud,4819,abudawud_4819.json
abudawud,482,abudawud_482.json
abudawud,4820,abudawud_4820.json
abudawud,4821,abudawud_4821.json
abudawud,4822,abudawud_4822.json
abudawud,4823,abudawud_4823.json
abudawud,4824,abudawud_4824.json
abudawud,4825,abudawud_4825.json
abudawud,4826,abudawud_4826.json
abudawud,4827,abudawud_4827.json
abudawud,4828,abudawud_4828.json
abudawud,4829,abudawud_4829.json
abudawud,483,abudawud_483.json
abudawud,4830,abudawud_4830.json
abudawud,4831,abudawud_4831.json
abudawud,4832,abudawud_4832.json
abudawud,4833,abudawud_4833.json
abudawud,4834,abudawud_4834.json
abudawud,4835,abudawud_4835.json
abudawud,4836,abudawud_4836.json
abudawud,4837,abudawud_4837.json
abudawud,4838,abudawud_4838.json
abudawud,4839,abudawud_4839.json
abudawud,484,abudawud_484.json
abudawud,4840,abudawud_4840.json
abudawud,4841,abudawud_4841.json
abudawud,4842,abudawud_4842.json
abudawud,4843,abudawud_4843.json
abudawud,4844,abudawud_4844.json
abudawud,4845,abudawud_4845.json
abudawud,4846,abudawud_4846.json
abudawud,4847,abudawud_4847.json
abudawud,4848,abudawud_4848.json
abudawud,4849,abudawud_4849.json
abudawud,485,abudawud_485.json
abudawud,4850,abudawud_4850.json
abudawud,4851,abudawud_4851.json
abudawud,4852,abudawud_4852.json
abudawud,4853,abudawud_4853.json
abudawud,4854,abudawud_4854.json
abudawud,4855,abudawud_4855.json
abudawud,4856,abudawud_4856.json
abudawud,4857,abudawud_4857.json
abudawud,4858,abudawud_4858.json
abudawud,4859,abudawud_4859.json
abudawud,486,abudawud_486.json
abudawud,4860,abudawud_4860.json
abudawud,4861,abudawud_4861.json
abudawud,4862,abudawud_4862.json
abudawud,4863,abudawud_4863.json
abudawud,4864,abudawud_4864.json
abudawud,4865,abudawud_4865.json
abudawud,4866,abudawud_4866.json
abudawud,4867,abudawud_4867.json
abudawud,4868,abudawud_4868.json
abudawud,4869,abudawud_4869.json
abudawud,487,abudawud_487.json
abudawud,4870,abudawud_4870.json
abudawud,4871,abudawud_4871.json
abudawud,4872,abudawud_4872.json
abudawud,4873,abudawud_4873.json
abudawud,4874,abudawud_4874.json
abudawud,4875,abudawud_4875.json
abudawud,4876,abudawud_4876.json
abudawud,4877,abudawud_4877.json
abudawud,4878,abudawud_4878.json
abudawud,4879,abudawud_4879.json
abudawud,488,abudawud_488.json
abudawud,4880,abudawud_4880.json
abudawud,4881,abudawud_4881.json
abudawud,4882,abudawud_4882.json
abudawud,4883,abudawud_4883.json
abudawud,4884,abudawud_4884.json
abudawud,4885,abudawud_4885.json
abudawud,4886,abudawud_4886.json
abudawud,4887,abudawud_4887.json
abudawud,4888,abudawud_4888.json
abudawud,4889,abudawud_4889.json
abudawud,489,abudawud_489.json
abudawud,4890,abudawud_4890.json
abudawud,4891,abudawud_4891.json
abudawud,4892,abudawud_4892.json
abudawud,4893,abudawud_4893.json
abudawud,4894,abudawud_4894.json
abudawud,4895,abudawud_4895.json
abudawud,4896,abudawud_4896.json
abudawud,4897,abudawud_4897.json
abudawud,4898,abudawud_4898.json
abudawud,4899,abudawud_4899.json
abudawud,49,abudawud_49.json
abudawud,490,abudawud_490.json
abudawud,4900,abudawud_4900.json
abudawud,4901,abudawud_4901.json
abudawud,4902,abudawud_4902.json
abudawud,4903,abudawud_4903.json
abudawud,4904,abudawud_4904.json
abudawud,4905,abudawud_4905.json
abudawud,4906,abudawud_4906.json
abudawud,4907,abudawud_4907.json
abudawud,4908,abudawud_4908.json
abudawud,4909,abudawud_4909.json
abudawud,491,abudawud_491.json
abudawud,4910,abudawud_4910.json
abudawud,4911,abudawud_4911.json
abudawud,4912,abudawud_4912.json
abudawud,4913,abudawud_4913.json
abudawud,4914,abudawud_4914.json
abudawud,4915,abudawud_4915.json
abudawud,4916,abudawud_4916.json
abudawud,4917,abudawud_4917.json
abudawud,4918,abudawud_4918.json
abudawud,4919,abudawud_4919.json
abudawud,492,abudawud_492.json
abudawud,4920,abudawud_4920.json
abudawud,4921,abudawud_4921.json
abudawud,4922,abudawud_4922.json
abudawud,4923,abudawud_4923.json
abudawud,4924,abudawud_4924.json
abudawud,4925,abudawud_4925.json
abudawud,4926,abudawud_4926.json
abudawud,4927,abudawud_4927.json
abudawud,4928,abudawud_4928.json
abudawud,4929,abudawud_4929.json
abudawud,493,abudawud_493.json
abudawud,4930,abudawud_4930.json
abudawud,4931,abudawud_4931.json
abudawud,4932,abudawud_4932.json
abudawud,4933,abudawud_4933.json
abudawud,4934,abudawud_4934.json
abudawud,4935,abudawud_4935.json
abudawud,4936,abudawud_4936.json
abudawud,4937,abudawud_4937.json
abudawud,4938,abudawud_4938.json
abudawud,4939,abudawud_4939.json
abudawud,494,abudawud_494.json
abudawud,4940,abudawud_4940.json
abudawud,4941,abudawud_4941.json
abudawud,4942,abudawud_4942.json
abudawud,4943,abudawud_4943.json
abudawud,4944,abudawud_4944.json
abudawud,4945,abudawud_4945.json
abudawud,4946,abudawud_4946.json
abudawud,4947,abudawud_4947.json
abudawud,4948,abudawud_4948.json
abudawud,4949,abudawud_4949.json
abudawud,495,abudawud_495.json
abudawud,4950,abudawud_4950.json
abudawud,4951,abudawud_4951.json
abudawud,4952,abudawud_4952.json
abudawud,4953,abudawud_4953.json
abudawud,4954,abudawud_4954.json
abudawud,4955,abudawud_4955.json
abudawud,4956,abudawud_4956.json
abudawud,4957,abudawud_4957.json
abudawud,4958,abudawud_4958.json
abudawud,4959,abudawud_4959.json
abudawud,496,abudawud_496.json
abudawud,4960,abudawud_4960.json
abudawud,4961,abudawud_4961.json
abudawud,4962,abudawud_4962.json
abudawud,4963,abudawud_4963.json
abudawud,4964,abudawud_4964.json
abudawud,4965,abudawud_4965.json
abudawud,4966,abudawud_4966.json
abudawud,4967,abudawud_4967.json
abudawud,4968,abudawud_4968.json
abudawud,4969,abudawud_4969.json
abudawud,497,abudawud_497.json
abudawud,4970,abudawud_4970.json
abudawud,4971,abudawud_4971.json
abudawud,4972,abudawud_4972.json
abudawud,4973,abudawud_4973.json
abudawud,4974,abudawud_4974.json
abudawud,4975,abudawud_4975.json
abudawud,4976,abudawud_4976.json
abudawud,4977,abudawud_4977.json
abudawud,4978,abudawud_4978.json
abudawud,4979,abudawud_4979.json
abudawud,498,abudawud_498.json
abudawud,4980,abudawud_4980.json
abudawud,4981,abudawud_4981.json
abudawud,4982,abudawud_4982.json
abudawud,4983,abudawud_4983.json
abudawud,4984,abudawud_4984.json
abudawud,4985,abudawud_4985.json
abudawud,4986,abudawud_4986.json
abudawud,4987,abudawud_4987.json
abudawud,4988,abudawud_4988.json
abudawud,4989,abudawud_4989.json
abudawud,499,abudawud_499.json
abudawud,4990,abudawud_4990.json
abudawud,4991,abudawud_4991.json
abudawud,4992,abudawud_4992.json
abudawud,4993,abudawud_4993.json
abudawud,4994,abudawud_4994.json
abudawud,4995,abudawud_4995.json
abudawud,4996,abudawud_4996.json
abudawud,4997,abudawud_4997.json
abudawud,4998,abudawud_4998.json
abudawud,4999,abudawud_4999.json
abudawud,5,abudawud_5.json
abudawud,50,abudawud_50.json
abudawud,500,abudawud_500.json
abudawud,5000,abudawud_5000.json
abudawud,5001,abudawud_5001.json
abudawud,5002,abudawud_5002.json
abudawud,5003,abudawud_5003.json
abudawud,5004,abudawud_5004.json
abudawud,5005,abudawud_5005.json
abudawud,5006,abudawud_5006.json
abudawud,5007,abudawud_5007.json
abudawud,5008,abudawud_5008.json
abudawud,5009,abudawud_5009.json
abudawud,501,abudawud_501.json
abudawud,5010,abudawud_5010.json
abudawud,5011,abudawud_5011.json
abudawud,5012,abudawud_5012.json
abudawud,5013,abudawud_5013.json
abudawud,5014,abudawud_5014.json
abudawud,5015,abudawud_5015.json
abudawud,5016,abudawud_5016.json
abudawud,5017,abudawud_5017.json
abudawud,5018,abudawud_5018.json
abudawud,5019,abudawud_5019.json
abudawud,502,abudawud_502.json
abudawud,5020,abudawud_5020.json
abudawud,5021,abudawud_5021.json
abudawud,5022,abudawud_5022.json
abudawud,5023,abudawud_5023.json
abudawud,5024,abudawud_5024.json
abudawud,5025,abudawud_5025.json
abudawud,5026,abudawud_5026.json
abudawud,5027,abudawud_5027.json
abudawud,5028,abudawud_5028.json
abudawud,5029,abudawud_5029.json
abudawud,503,abudawud_503.json
abudawud,5030,abudawud_5030.json
abudawud,5031,abudawud_5031.json
abudawud,5032,abudawud_5032.json
abudawud,5033,abudawud_5033.json
abudawud,5034,abudawud_5034.json
abudawud,5035,abudawud_5035.json
abudawud,5036,abudawud_5036.json
abudawud,5037,abudawud_5037.json
abudawud,5038,abudawud_5038.json
abudawud,5039,abudawud_5039.json
abudawud,504,abudawud_504.json
abudawud,5040,abudawud_5040.json
abudawud,5041,abudawud_5041.json
abudawud,5042,abudawud_5042.json
abudawud,5043,abudawud_5043.json
abudawud,5044,abudawud_5044.json
abudawud,5045,abudawud_5045.json
abudawud,5046,abudawud_5046.json
abudawud,5047,abudawud_5047.json
abudawud,5048,abudawud_5048.json
abudawud,5049,abudawud_5049.json
abudawud,505,abudawud_505.json
abudawud,5050,abudawud_5050.json
abudawud,5051,abudawud_5051.json
abudawud,5052,abudawud_5052.json
abudawud,5053,abudawud_5053.json
abudawud,5054,abudawud_5054.json
abudawud,5055,abudawud_5055.json
abudawud,5056,abudawud_5056.json
abudawud,5057,abudawud_5057.json
abudawud,5058,abudawud_5058.json
abudawud,5059,abudawud_5059.json
abudawud,506,abudawud_506.json
abudawud,5060,abudawud_5060.json
abudawud,5061,abudawud_5061.json
abudawud,5062,abudawud_5062.json
abudawud,5063,abudawud_5063.json
abudawud,5064,abudawud_5064.json
abudawud,5065,abudawud_5065.json
abudawud,5066,abudawud_5066.json
abudawud,5067,abudawud_5067.json
abudawud,5068,abudawud_5068.json
abudawud,5069,abudawud_5069.json
abudawud,507,abudawud_507.json
abudawud,5070,abudawud_5070.json
abudawud,5071,abudawud_5071.json
abudawud,5072,abudawud_5072.json
abudawud,5073,abudawud_5073.json
abudawud,5074,abudawud_5074.json
abudawud,5075,abudawud_5075.json
abudawud,5076,abudawud_5076.json
abudawud,5077,abudawud_5077.json
abudawud,5078,abudawud_5078.json
abudawud,5079,abudawud_5079.json
abudawud,508,abudawud_508.json
abudawud,5080,abudawud_5080.json
abudawud,5081,abudawud_5081.json
abudawud,5082,abudawud_5082.json
abudawud,5083,abudawud_5083.json
abudawud,5084,abudawud_5084.json
abudawud,5085,abudawud_5085.json
abudawud,5086,abudawud_5086.json
abudawud,5087,abudawud_5087.json
abudawud,5088,abudawud_5088.json
abudawud,5089,abudawud_5089.json
abudawud,509,abudawud_509.json
abudawud,5090,abudawud_5090.json
abudawud,5091,abudawud_5091.json
abudawud,5092,abudawud_5092.json
abudawud,5093,abudawud_5093.json
abudawud,5094,abudawud_5094.json
abudawud,5095,abudawud_5095.json
abudawud,5096,abudawud_5096.json
abudawud,5097,abudawud_5097.json
abudawud,5098,abudawud_5098.json
abudawud,5099,abudawud_5099.json
abudawud,51,abudawud_51.json
abudawud,510,abudawud_510.json
abudawud,5100,abudawud_5100.json
abudawud,5101,abudawud_5101.json
abudawud,5102,abudawud_5102.json
abudawud,5103,abudawud_5103.json
abudawud,5104,abudawud_5104.json
abudawud,5105,abudawud_5105.json
abudawud,5106,abudawud_5106.json
abudawud,5107,abudawud_5107.json
abudawud,5108,abudawud_5108.json
abudawud,5109,abudawud_5109.json
abudawud,511,abudawud_511.json
abudawud,5110,abudawud_5110.json
abudawud,5111,abudawud_5111.json
abudawud,5112,abudawud_5112.json
abudawud,512,abudawud_512.json
abudawud,513,abudawud_513.json
abudawud,514,abudawud_514.json
abudawud,515,abudawud_515.json
abudawud,516,abudawud_516.json
abudawud,517,abudawud_517.json
abudawud,518,abudawud_518.json
abudawud,519,abudawud_519.json
abudawud,52,abudawud_52.json
abudawud,520,abudawud_520.json
abudawud,521,abudawud_521.json
abudawud,522,abudawud_522.json
abudawud,523,abudawud_523.json
abudawud,524,abudawud_524.json
abudawud,525,abudawud_525.json
abudawud,526,abudawud_526.json
abudawud,527,abudawud_527.json
abudawud,528,abudawud_528.json
abudawud,529,abudawud_529.json
abudawud,53,abudawud_53.json
abudawud,530,abudawud_530.json
abudawud,531,abudawud_531.json
abudawud,532,abudawud_532.json
abudawud,533,abudawud_533.json
abudawud,534,abudawud_534.json
abudawud,535,abudawud_535.json
abudawud,536,abudawud_536.json
abudawud,537,abudawud_537.json
abudawud,538,abudawud_538.json
abudawud,539,abudawud_539.json
abudawud,54,abudawud_54.json
abudawud,540,abudawud_540.json
abudawud,541,abudawud_541.json
abudawud,542,abudawud_542.json
abudawud,543,abudawud_543.json
abudawud,544,abudawud_544.json
abudawud,545,abudawud_545.json
abudawud,546,abudawud_546.json
abudawud,547,abudawud_547.json
abudawud,548,abudawud_548.json
abudawud,549,abudawud_549.json
abudawud,55,abudawud_55.json
abudawud,550,abudawud_550.json
abudawud,551,abudawud_551.json
abudawud,552,abudawud_552.json
abudawud,553,abudawud_553.json
abudawud,554,abudawud_554.json
abudawud,555,abudawud_555.json
abudawud,556,abudawud_556.json
abudawud,557,abudawud_557.json
abudawud,558,abudawud_558.json
abudawud,559,abudawud_559.json
abudawud,56,abudawud_56.json
abudawud,560,abudawud_560.json
abudawud,561,abudawud_561.json
abudawud,562,abudawud_562.json
abudawud,563,abudawud_563.json
abudawud,564,abudawud_564.json
abudawud,565,abudawud_565.json
abudawud,566,abudawud_566.json
abudawud,567,abudawud_567.json
abudawud,568,abudawud_568.json
abudawud,569,abudawud_569.json
abudawud,57,abudawud_57.json
abudawud,570,abudawud_570.json
abudawud,571,abudawud_571.json
abudawud,572,abudawud_572.json
abudawud,573,abudawud_573.json
abudawud,574,abudawud_574.json
abudawud,575,abudawud_575.json
abudawud,576,abudawud_576.json
abudawud,577,abudawud_577.json
abudawud,578,abudawud_578.json
abudawud,579,abudawud_579.json
abudawud,58,abudawud_58.json
abudawud,580,abudawud_580.json
abudawud,581,abudawud_581.json
abudawud,582,abudawud_582.json
abudawud,583,abudawud_583.json
abudawud,584,abudawud_584.json
abudawud,585,abudawud_585.json
abudawud,586,abudawud_586.json
abudawud,587,abudawud_587.json
abudawud,588,abudawud_588.json
abudawud,589,abudawud_589.json
abudawud,59,abudawud_59.json
abudawud,590,abudawud_590.json
abudawud,591,abudawud_591.json
abudawud,592,abudawud_592.json
abudawud,593,abudawud_593.json
abudawud,594,abudawud_594.json
abudawud,595,abudawud_595.json
abudawud,596,abudawud_596.json
abudawud,597,abudawud_597.json
abudawud,598,abudawud_598.json
abudawud,599,abudawud_599.json
abudawud,6,abudawud_6.json
abudawud,60,abudawud_60.json
abudawud,600,abudawud_600.json
abudawud,601,abudawud_601.json
abudawud,602,abudawud_602.json
abudawud,603,abudawud_603.json
abudawud,604,abudawud_604.json
abudawud,605,abudawud_605.json
abudawud,606,abudawud_606.json
abudawud,607,abudawud_607.json
abudawud,608,abudawud_608.json
abudawud,609,abudawud_609.json
abudawud,61,abudawud_61.json
abudawud,610,abudawud_610.json
abudawud,611,abudawud_611.json
abudawud,612,abudawud_612.json
abudawud,613,abudawud_613.json
abudawud,614,abudawud_614.json
abudawud,615,abudawud_615.json
abudawud,616,abudawud_616.json
abudawud,617,abudawud_617.json
abudawud,618,abudawud_618.json
abudawud,619,abudawud_619.json
abudawud,62,abudawud_62.json
abudawud,620,abudawud_620.json
abudawud,621,abudawud_621.json
abudawud,622,abudawud_622.json
abudawud,623,abudawud_623.json
abudawud,624,abudawud_624.json
abudawud,625,abudawud_625.json
abudawud,626,abudawud_626.json
abudawud,627,abudawud_627.json
abudawud,628,abudawud_628.json
abudawud,629,abudawud_629.json
abudawud,63,abudawud_63.json
abudawud,630,abudawud_630.json
abudawud,631,abudawud_631.json
abudawud,632,abudawud_632.json
abudawud,633,abudawud_633.json
abudawud,634,abudawud_634.json
abudawud,635,abudawud_635.json
abudawud,636,abudawud_636.json
abudawud,637,abudawud_637.json
abudawud,638,abudawud_638.json
abudawud,639,abudawud_639.json
abudawud,64,abudawud_64.json
abudawud,640,abudawud_640.json
abudawud,641,abudawud_641.json
abudawud,642,abudawud_642.json
abudawud,643,abudawud_643.json
abudawud,644,abudawud_644.json
abudawud,645,abudawud_645.json
abudawud,646,abudawud_646.json
abudawud,647,abudawud_647.json
abudawud,648,abudawud_648.json
abudawud,649,abudawud_649.json
abudawud,65,abudawud_65.json
abudawud,650,abudawud_650.json
abudawud,651,abudawud_651.json
abudawud,652,abudawud_652.json
abudawud,653,abudawud_653.json
abudawud,654,abudawud_654.json
abudawud,655,abudawud_655.json
abudawud,656,abudawud_656.json
abudawud,657,abudawud_657.json
abudawud,658,abudawud_658.json
abudawud,659,abudawud_659.json
abudawud,66,abudawud_66.json
abudawud,660,abudawud_660.json
abudawud,661,abudawud_661.json
abudawud,662,abudawud_662.json
abudawud,663,abudawud_663.json
abudawud,664,abudawud_664.json
abudawud,665,abudawud_665.json
abudawud,666,abudawud_666.json
abudawud,667,abudawud_667.json
abudawud,668,abudawud_668.json
abudawud,669,abudawud_669.json
abudawud,67,abudawud_67.json
abudawud,670,abudawud_670.json
abudawud,671,abudawud_671.json
abudawud,672,abudawud_672.json
abudawud,673,abudawud_673.json
abudawud,674,abudawud_674.json
abudawud,675,abudawud_675.json
abudawud,676,abudawud_676.json
abudawud,677,abudawud_677.json
abudawud,678,abudawud_678.json
abudawud,679,abudawud_679.json
abudawud,68,abudawud_68.json
abudawud,680,abudawud_680.json
abudawud,681,abudawud_681.json
abudawud,682,abudawud_682.json
abudawud,683,abudawud_683.json
abudawud,684,abudawud_684.json
abudawud,685,abudawud_685.json
abudawud,686,abudawud_686.json
abudawud,687,abudawud_687.json
abudawud,688,abudawud_688.json
abudawud,689,abudawud_689.json
abudawud,69,abudawud_69.json
abudawud,690,abudawud_690.json
abudawud,691,abudawud_691.json
abudawud,692,abudawud_692.json
abudawud,693,abudawud_693.json
abudawud,694,abudawud_694.json
abudawud,695,abudawud_695.json
abudawud,696,abudawud_696.json
abudawud,697,abudawud_697.json
abudawud,698,abudawud_698.json
abudawud,699,abudawud_699.json
abudawud,7,abudawud_7.json
abudawud,70,abudawud_70.json
abudawud,700,abudawud_700.json
abudawud,701,abudawud_701.json
abudawud,702,abudawud_702.json
abudawud,703,abudawud_703.json
abudawud,704,abudawud_704.json
abudawud,705,abudawud_705.json
abudawud,706,abudawud_706.json
abudawud,707,abudawud_707.json
abudawud,708,abudawud_708.json
abudawud,709,abudawud_709.json
abudawud,71,abudawud_71.json
abudawud,710,abudawud_710.json
abudawud,711,abudawud_711.json
abudawud,712,abudawud_712.json
abudawud,713,abudawud_713.json
abudawud,714,abudawud_714.json
abudawud,715,abudawud_715.json
abudawud,716,abudawud_716.json
abudawud,717,abudawud_717.json
abudawud,718,abudawud_718.json
abudawud,719,abudawud_719.json
abudawud,72,abudawud_72.json
abudawud,720,abudawud_720.json
abudawud,721,abudawud_721.json
abudawud,722,abudawud_722.json
abudawud,723,abudawud_723.json
abudawud,724,abudawud_724.json
abudawud,725,abudawud_725.json
abudawud,726,abudawud_726.json
abudawud,727,abudawud_727.json
abudawud,728,abudawud_728.json
abudawud,729,abudawud_729.json
abudawud,73,abudawud_73.json
abudawud,730,abudawud_730.json
abudawud,731,abudawud_731.json
abudawud,732,abudawud_732.json
abudawud,733,abudawud_733.json
abudawud,734,abudawud_734.json
abudawud,735,abudawud_735.json
abudawud,736,abudawud_736.json
abudawud,737,abudawud_737.json
abudawud,738,abudawud_738.json
abudawud,739,abudawud_739.json
abudawud,74,abudawud_74.json
abudawud,740,abudawud_740.json
abudawud,741,abudawud_741.json
abudawud,742,abudawud_742.json
abudawud,743,abudawud_743.json
abudawud,744,abudawud_744.json
abudawud,745,abudawud_745.json
abudawud,746,abudawud_746.json
abudawud,747,abudawud_747.json
abudawud,748,abudawud_748.json
abudawud,749,abudawud_749.json
abudawud,75,abudawud_75.json
abudawud,750,abudawud_750.json
abudawud,751,abudawud_751.json
abudawud,752,abudawud_752.json
abudawud,753,abudawud_753.json
abudawud,754,abudawud_754.json
abudawud,755,abudawud_755.json
abudawud,756,abudawud_756.json
abudawud,757,abudawud_757.json
abudawud,758,abudawud_758.json
abudawud,759,abudawud_759.json
abudawud,76,abudawud_76.json
abudawud,760,abudawud_760.json
abudawud,761,abudawud_761.json
abudawud,762,abudawud_762.json
abudawud,763,abudawud_763.json
abudawud,764,abudawud_764.json
abudawud,765,abudawud_765.json
abudawud,766,abudawud_766.json
abudawud,767,abudawud_767.json
abudawud,768,abudawud_768.json
abudawud,769,abudawud_769.json
abudawud,77,abudawud_77.json
abudawud,770,abudawud_770.json
abudawud,771,abudawud_771.json
abudawud,772,abudawud_772.json
abudawud,773,abudawud_773.json
abudawud,774,abudawud_774.json
abudawud,775,abudawud_775.json
abudawud,776,abudawud_776.json
abudawud,777,abudawud_777.json
abudawud,778,abudawud_778.json
abudawud,779,abudawud_779.json
abudawud,78,abudawud_78.json
abudawud,780,abudawud_780.json
abudawud,781,abudawud_781.json
abudawud,782,abudawud_782.json
abudawud,783,abudawud_783.json
abudawud,784,abudawud_784.json
abudawud,785,abudawud_785.json
abudawud,786,abudawud_786.json
abudawud,787,abudawud_787.json
abudawud,788,abudawud_788.json
abudawud,789,abudawud_789.json
abudawud,79,abudawud_79.json
abudawud,790,abudawud_790.json
abudawud,791,abudawud_791.json
abudawud,792,abudawud_792.json
abudawud,793,abudawud_793.json
abudawud,794,abudawud_794.json
abudawud,795,abudawud_795.json
abudawud,796,abudawud_796.json
abudawud,797,abudawud_797.json
abudawud,798,abudawud_798.json
abudawud,799,abudawud_799.json
abudawud,8,abudawud_8.json
abudawud,80,abudawud_80.json
abudawud,800,abudawud_800.json
abudawud,801,abudawud_801.json
abudawud,802,abudawud_802.json
abudawud,803,abudawud_803.json
abudawud,804,abudawud_804.json
abudawud,805,abudawud_805.json
abudawud,806,abudawud_806.json
abudawud,807,abudawud_807.json
abudawud,808,abudawud_808.json
abudawud,809,abudawud_809.json
abudawud,81,abudawud_81.json
abudawud,810,abudawud_810.json
abudawud,811,abudawud_811.json
abudawud,812,abudawud_812.json
abudawud,813,abudawud_813.json
abudawud,814,abudawud_814.json
abudawud,815,abudawud_815.json
abudawud,816,abudawud_816.json
abudawud,817,abudawud_817.json
abudawud,818,abudawud_818.json
abudawud,819,abudawud_819.json
abudawud,82,abudawud_82.json
abudawud,820,abudawud_820.json
abudawud,821,abudawud_821.json
abudawud,822,abudawud_822.json
abudawud,823,abudawud_823.json
abudawud,824,abudawud_824.json
abudawud,825,abudawud_825.json
abudawud,826,abudawud_826.json
abudawud,827,abudawud_827.json
abudawud,828,abudawud_828.json
abudawud,829,abudawud_829.json
abudawud,83,abudawud_83.json
abudawud,830,abudawud_830.json
abudawud,831,abudawud_831.json
abudawud,832,abudawud_832.json
abudawud,833,abudawud_833.json
abudawud,834,abudawud_834.json
abudawud,835,abudawud_835.json
abudawud,836,abudawud_836.json
abudawud,837,abudawud_837.json
abudawud,838,abudawud_838.json
abudawud,839,abudawud_839.json
abudawud,84,abudawud_84.json
abudawud,840,abudawud_840.json
abudawud,841,abudawud_841.json
abudawud,842,abudawud_842.json
abudawud,843,abudawud_843.json
abudawud,844,abudawud_844.json
abudawud,845,abudawud_845.json
abudawud,846,abudawud_846.json
abudawud,847,abudawud_847.json
abudawud,848,abudawud_848.json
abudawud,849,abudawud_849.json
abudawud,85,abudawud_85.json
abudawud,850,abudawud_850.json
abudawud,851,abudawud_851.json
abudawud,852,abudawud_852.json
abudawud,853,abudawud_853.json
abudawud,854,abudawud_854.json
abudawud,855,abudawud_855.json
abudawud,856,abudawud_856.json
abudawud,857,abudawud_857.json
abudawud,858,abudawud_858.json
abudawud,859,abudawud_859.json
abudawud,86,abudawud_86.json
abudawud,860,abudawud_860.json
abudawud,861,abudawud_861.json
abudawud,862,abudawud_862.json
abudawud,863,abudawud_863.json
abudawud,864,abudawud_864.json
abudawud,865,abudawud_865.json
abudawud,866,abudawud_866.json
abudawud,867,abudawud_867.json
abudawud,868,abudawud_868.json
abudawud,869,abudawud_869.json
abudawud,87,abudawud_87.json
abudawud,870,abudawud_870.json
abudawud,871,abudawud_871.json
abudawud,872,abudawud_872.json
abudawud,873,abudawud_873.json
abudawud,874,abudawud_874.json
abudawud,875,abudawud_875.json
abudawud,876,abudawud_876.json
abudawud,877,abudawud_877.json
abudawud,878,abudawud_878.json
abudawud,879,abudawud_879.json
abudawud,88,abudawud_88.json
abudawud,880,abudawud_880.json
abudawud,881,abudawud_881.json
abudawud,882,abudawud_882.json
abudawud,883,abudawud_883.json
abudawud,884,abudawud_884.json
abudawud,885,abudawud_885.json
abudawud,886,abudawud_886.json
abudawud,887,abudawud_887.json
abudawud,888,abudawud_888.json
abudawud,889,abudawud_889.json
abudawud,89,abudawud_89.json
abudawud,890,abudawud_890.json
abudawud,891,abudawud_891.json
abudawud,892,abudawud_892.json
abudawud,893,abudawud_893.json
abudawud,894,abudawud_894.json
abudawud,895,abudawud_895.json
abudawud,896,abudawud_896.json
abudawud,897,abudawud_897.json
abudawud,898,abudawud_898.json
abudawud,899,abudawud_899.json
abudawud,9,abudawud_9.json
abudawud,90,abudawud_90.json
abudawud,900,abudawud_900.json
abudawud,901,abudawud_901.json
abudawud,902,abudawud_902.json
abudawud,903,abudawud_903.json
abudawud,904,abudawud_904.json
abudawud,905,abudawud_905.json
abudawud,906,abudawud_906.json
abudawud,907,abudawud_907.json
abudawud,908,abudawud_908.json
abudawud,909,abudawud_909.json
abudawud,91,abudawud_91.json
abudawud,910,abudawud_910.json
abudawud,911,abudawud_911.json
abudawud,912,abudawud_912.json
abudawud,913,abudawud_913.json
abudawud,914,abudawud_914.json
abudawud,915,abudawud_915.json
abudawud,916,abudawud_916.json
abudawud,917,abudawud_917.json
abudawud,918,abudawud_918.json
abudawud,919,abudawud_919.json
abudawud,92,abudawud_92.json
abudawud,920,abudawud_920.json
abudawud,921,abudawud_921.json
abudawud,922,abudawud_922.json
abudawud,923,abudawud_923.json
abudawud,924,abudawud_924.json
abudawud,925,abudawud_925.json
abudawud,926,abudawud_926.json
abudawud,927,abudawud_927.json
abudawud,928,abudawud_928.json
abudawud,929,abudawud_929.json
abudawud,93,abudawud_93.json
abudawud,930,abudawud_930.json
abudawud,931,abudawud_931.json
abudawud,932,abudawud_932.json
abudawud,933,abudawud_933.json
abudawud,934,abudawud_934.json
abudawud,935,abudawud_935.json
abudawud,936,abudawud_936.json
abudawud,937,abudawud_937.json
abudawud,938,abudawud_938.json
abudawud,939,abudawud_939.json
abudawud,94,abudawud_94.json
abudawud,940,abudawud_940.json
abudawud,941,abudawud_941.json
abudawud,942,abudawud_942.json
abudawud,943,abudawud_943.json
abudawud,944,abudawud_944.json
abudawud,945,abudawud_945.json
abudawud,946,abudawud_946.json
abudawud,947,abudawud_947.json
abudawud,948,abudawud_948.json
abudawud,949,abudawud_949.json
abudawud,95,abudawud_95.json
abudawud,950,abudawud_950.json
abudawud,951,abudawud_951.json
abudawud,952,abudawud_952.json
abudawud,953,abudawud_953.json
abudawud,954,abudawud_954.json
abudawud,955,abudawud_955.json
abudawud,956,abudawud_956.json
abudawud,957,abudawud_957.json
abudawud,958,abudawud_958.json
abudawud,959,abudawud_959.json
abudawud,96,abudawud_96.json
abudawud,960,abudawud_960.json
abudawud,961,abudawud_961.json
abudawud,962,abudawud_962.json
abudawud,963,abudawud_963.json
abudawud,964,abudawud_964.json
abudawud,965,abudawud_965.json
abudawud,966,abudawud_966.json
abudawud,967,abudawud_967.json
abudawud,968,abudawud_968.json
abudawud,969,abudawud_969.json
abudawud,97,abudawud_97.json
abudawud,970,abudawud_970.json
abudawud,971,abudawud_971.json
abudawud,972,abudawud_972.json
abudawud,973,abudawud_973.json
abudawud,974,abudawud_974.json
abudawud,975,abudawud_975.json
abudawud,976,abudawud_976.json
abudawud,977,abudawud_977.json
abudawud,978,abudawud_978.json
abudawud,979,abudawud_979.json
abudawud,98,abudawud_98.json
abudawud,980,abudawud_980.json
abudawud,981,abudawud_981.json
abudawud,982,abudawud_982.json
abudawud,983,abudawud_983.json
abudawud,984,abudawud_984.json
abudawud,985,abudawud_985.json
abudawud,986,abudawud_986.json
abudawud,987,abudawud_987.json
abudawud,988,abudawud_988.json
abudawud,989,abudawud_989.json
abudawud,99,abudawud_99.json
abudawud,990,abudawud_990.json
abudawud,991,abudawud_991.json
abudawud,992,abudawud_992.json
abudawud,993,abudawud_993.json
abudawud,994,abudawud_994.json
abudawud,995,abudawud_995.json
abudawud,996,abudawud_996.json
abudawud,997,abudawud_997.json
abudawud,998,abudawud_998.json
abudawud,999,abudawud_999.json
bukhari,1,bukhari_1.json
bukhari,10,bukhari_10.json
bukhari,11,bukhari_11.json
bukhari,12,bukhari_12.json
bukhari,13,bukhari_13.json
bukhari,137,bukhari_137.json
bukhari,2,bukhari_2.json
bukhari,3,bukhari_3.json
bukhari,4,bukhari_4.json
bukhari,5,bukhari_5.json
bukhari,6,bukhari_6.json
bukhari,7,bukhari_7.json
bukhari,8,bukhari_8.json
bukhari,9,bukhari_9.json
muslim,1,muslim_1.json
nawawi,1,nawawi_1.json
nawawi,2,nawawi_2.json
nawawi,3,nawawi_3.json
nawawi,4,nawawi_4.json
nawawi,5,nawawi_5.json
