book_id,anchor_id,lidwa_id,lidwa_hnum
bukhari,1,1,
bukhari,5,4,
bukhari,8,7,
bukhari,9,8,
bukhari,10,9,
bukhari,11,10,
bukhari,12,11,
bukhari,13,12,
bukhari,15,14,
bukhari,16,15,
bukhari,17,16,
bukhari,20,19,
bukhari,21,20,
bukhari,22,21,
bukhari,23,22,
bukhari,24,23,
bukhari,25,24,
bukhari,26,25,
bukhari,28,27,
bukhari,30,29,
bukhari,33,32,
bukhari,34,33,
bukhari,36,35,
bukhari,39,38,
bukhari,40,39,
bukhari,42,40,
bukhari,44,42,
bukhari,45,43,
bukhari,46,44,
bukhari,47,45,
bukhari,48,46,
bukhari,49,47,
bukhari,50,48,
bukhari,51,49,
bukhari,52,50,
bukhari,53,51,
bukhari,54,52,
bukhari,55,53,
bukhari,56,54,
bukhari,58,56,
bukhari,59,57,
bukhari,60,58,
bukhari,65,63,
bukhari,67,65,
bukhari,68,66,
bukhari,69,67,
bukhari,72,70,
bukhari,73,71,
bukhari,75,73,
bukhari,76,74,
bukhari,77,75,
bukhari,78,76,
bukhari,79,77,
bukhari,80,78,
bukhari,81,79,
bukhari,83,81,
bukhari,85,83,
bukhari,86,84,
bukhari,88,86,
bukhari,89,87,
bukhari,90,88,
bukhari,91,89,
bukhari,94,92,
bukhari,95,93,
bukhari,96,94,
bukhari,97,95,
bukhari,98,96,
bukhari,99,97,
bukhari,100,98,
bukhari,101,99,
bukhari,103,100,
bukhari,104,101,
bukhari,106,103,
bukhari,107,104,
bukhari,109,106,
bukhari,110,107,
bukhari,111,108,
bukhari,112,109,
bukhari,115,112,
bukhari,118,115,
bukhari,119,116,
bukhari,120,117,
bukhari,121,118,
bukhari,122,119,
bukhari,123,120,
bukhari,125,122,
bukhari,127,124,
bukhari,128,125,
bukhari,129,126,
bukhari,130,127,
bukhari,132,129,
bukhari,133,130,
bukhari,134,131,
bukhari,135,132,
bukhari,137,134,
bukhari,139,136,
bukhari,140,137,
bukhari,141,138,
bukhari,142,139,
bukhari,146,143,
bukhari,149,145,
bukhari,151,147,
bukhari,153,149,
bukhari,154,150,
bukhari,155,151,
bukhari,156,152,
bukhari,157,153,
bukhari,158,154,
bukhari,159,524,
bukhari,163,158,
bukhari,165,160,
bukhari,166,161,
bukhari,167,162,
bukhari,168,163,
bukhari,170,165,
bukhari,171,166,
bukhari,172,167,
bukhari,173,168,
bukhari,175,169,
bukhari,176,170,
bukhari,177,171,
bukhari,178,172,
bukhari,180,174,
bukhari,181,175,
bukhari,182,176,
bukhari,183,177,
bukhari,184,178,
bukhari,185,179,
bukhari,186,180,
bukhari,187,181,
bukhari,191,184,
bukhari,192,185,
bukhari,194,187,
bukhari,195,188,
bukhari,196,189,
bukhari,197,190,
bukhari,200,193,
bukhari,201,194,
bukhari,202,195,
bukhari,203,196,
bukhari,205,198,
bukhari,206,199,
bukhari,207,200,
bukhari,210,203,
bukhari,211,204,
bukhari,213,206,
bukhari,214,207,
bukhari,216,209,
bukhari,217,210,
bukhari,218,211,
bukhari,219,212,
bukhari,224,217,
bukhari,226,219,
bukhari,227,220,
bukhari,228,221,
bukhari,229,222,
bukhari,230,223,
bukhari,231,224,
bukhari,232,225,
bukhari,234,227,
bukhari,235,228,
bukhari,236,229,
bukhari,237,230,
bukhari,239,232,
bukhari,241,234,
bukhari,243,236,
bukhari,244,237,
bukhari,249,241,
bukhari,250,868,
bukhari,251,243,
bukhari,252,244,
bukhari,253,245,
bukhari,254,246,
bukhari,256,248,
bukhari,257,249,
bukhari,258,250,
bukhari,259,251,
bukhari,260,252,
bukhari,261,253,
bukhari,262,254,
bukhari,263,255,
bukhari,264,256,
bukhari,265,257,
bukhari,266,258,
bukhari,267,259,
bukhari,268,260,
bukhari,269,261,
bukhari,270,262,
bukhari,271,263,
bukhari,273,264,
bukhari,274,265,
bukhari,276,267,
bukhari,277,268,
bukhari,279,270,
bukhari,280,271,
bukhari,281,272,
bukhari,283,274,
bukhari,284,275,
bukhari,285,276,
bukhari,286,277,
bukhari,287,278,
bukhari,288,279,
bukhari,291,282,
bukhari,292,283,
bukhari,293,284,
bukhari,294,285,
bukhari,295,286,
bukhari,297,288,
bukhari,298,289,
bukhari,301,290,
bukhari,302,291,
bukhari,303,292,
bukhari,305,294,
bukhari,308,297,
bukhari,309,298,
bukhari,310,299,
bukhari,311,300,
bukhari,312,301,
bukhari,314,303,
bukhari,315,304,
bukhari,316,305,
bukhari,318,307,
bukhari,320,309,
bukhari,321,310,
bukhari,322,311,
bukhari,324,313,
bukhari,325,314,
bukhari,326,315,
bukhari,327,316,
bukhari,331,319,
bukhari,332,320,
bukhari,333,321,
bukhari,335,323,
bukhari,337,325,
bukhari,338,326,
bukhari,339,327,
bukhari,340,328,
bukhari,341,329,
bukhari,343,330,
bukhari,344,331,
bukhari,345,332,
bukhari,347,334,
bukhari,348,335,
bukhari,350,337,
bukhari,351,338,
bukhari,352,339,
bukhari,353,340,
bukhari,354,341,
bukhari,355,342,
bukhari,357,344,
bukhari,359,346,
bukhari,360,523,
bukhari,362,349,
bukhari,363,350,
bukhari,364,351,
bukhari,366,353,
bukhari,367,354,
bukhari,368,355,
bukhari,369,356,
bukhari,370,357,
bukhari,371,358,
bukhari,373,360,
bukhari,375,362,
bukhari,377,364,
bukhari,378,365,
bukhari,379,366,
bukhari,381,368,
bukhari,383,370,
bukhari,384,371,
bukhari,385,372,
bukhari,386,373,
bukhari,387,374,
bukhari,388,375,
bukhari,389,376,
bukhari,391,378,
bukhari,392,379,
bukhari,396,381,
bukhari,397,382,
bukhari,398,383,
bukhari,399,384,
bukhari,400,385,
bukhari,401,386,
bukhari,402.2,387,
bukhari,403,388,
bukhari,404,389,
bukhari,405,390,
bukhari,409,393,
bukhari,412,395,
bukhari,414,397,
bukhari,415,398,
bukhari,416,399,
bukhari,417,400,
bukhari,419,402,
bukhari,424,406,
bukhari,426,408,
bukhari,427,409,
bukhari,428,410,
bukhari,429,411,
bukhari,430,412,
bukhari,432,414,
bukhari,434,416,
bukhari,436,417,
bukhari,437,418,
bukhari,438,419,
bukhari,441,422,
bukhari,442,423,
bukhari,443,424,
bukhari,446,427,
bukhari,447,428,
bukhari,449,430,
bukhari,451,432,
bukhari,453,434,
bukhari,456,436,
bukhari,457,437,
bukhari,461,441,
bukhari,462,442,
bukhari,463,443,
bukhari,464,444,
bukhari,465,445,
bukhari,466,446,
bukhari,467,447,
bukhari,468,448,
bukhari,469,449,
bukhari,470,450,
bukhari,471,451,
bukhari,472,452,
bukhari,475,455,
bukhari,477,457,
bukhari,479,458,
bukhari,481,459,
bukhari,482,460,
bukhari,483,461,
bukhari,492,462,
bukhari,494,464,
bukhari,495,465,
bukhari,496,466,
bukhari,498,1025,
bukhari,499,469,
bukhari,500,470,
bukhari,501,471,
bukhari,503,473,
bukhari,504,474,
bukhari,506,476,
bukhari,511,481,
bukhari,513,483,
bukhari,514,484,
bukhari,515,485,
bukhari,516,486,
bukhari,517,487,
bukhari,518,488,
bukhari,519,489,
bukhari,520,490,
bukhari,522,491,
bukhari,523,492,
bukhari,524,493,
bukhari,525,494,
bukhari,526,495,
bukhari,529,498,
bukhari,530,499,
bukhari,531,500,
bukhari,532,501,
bukhari,534,502,
bukhari,537,504,
bukhari,538,505,
bukhari,539,506,
bukhari,542,509,
bukhari,543,510,
bukhari,544,511,
bukhari,545,512,
bukhari,546,513,
bukhari,553,520,
bukhari,554,521,
bukhari,555,522,
bukhari,558,525,
bukhari,559,526,
bukhari,561,528,
bukhari,562,529,
bukhari,563,530,
bukhari,564,531,
bukhari,565,532,
bukhari,567,534,
bukhari,568,535,
bukhari,569,536,
bukhari,571,537,
bukhari,572,538,
bukhari,573,539,
bukhari,574,540,
bukhari,576,542,
bukhari,577,543,
bukhari,578,544,
bukhari,581,547,
bukhari,583,548,
bukhari,585,550,
bukhari,587,552,
bukhari,588,553,
bukhari,590,555,
bukhari,591,556,
bukhari,593,558,
bukhari,594,559,
bukhari,595,560,
bukhari,597,562,
bukhari,598,563,
bukhari,599,564,
bukhari,600,565,
bukhari,602,567,
bukhari,604,569,
bukhari,605,570,
bukhari,606,571,
bukhari,609,574,
bukhari,610,575,
bukhari,613,578,
bukhari,614,579,
bukhari,616,581,
bukhari,621,586,
bukhari,623,587,
bukhari,627,591,
bukhari,629,593,
bukhari,630,594,
bukhari,631,595,
bukhari,632,596,
bukhari,633,597,
bukhari,634,598,
bukhari,636,600,
bukhari,637,601,
bukhari,640,604,
bukhari,641,605,
bukhari,642,606,
bukhari,643,607,
bukhari,646,610,
bukhari,647,611,
bukhari,656,616,
bukhari,658,618,
bukhari,661,621,
bukhari,662,622,
bukhari,663,623,
bukhari,664,624,
bukhari,665,625,
bukhari,666,626,
bukhari,667,627,
bukhari,668,921,
bukhari,670,630,
bukhari,671,631,
bukhari,675,634,
bukhari,676,635,
bukhari,678,637,
bukhari,682,641,
bukhari,683,642,
bukhari,684,643,
bukhari,687,646,
bukhari,690,649,
bukhari,691,650,
bukhari,692,904,
bukhari,693,652,
bukhari,694,653,
bukhari,695,654,
bukhari,696,655,
bukhari,697,656,
bukhari,698,657,
bukhari,699,658,
bukhari,700,659,
bukhari,701,660,
bukhari,702,661,
bukhari,704,663,
bukhari,705,664,
bukhari,706,665,
bukhari,707,666,
bukhari,708,667,
bukhari,709,668,
bukhari,710,669,
bukhari,712,671,
bukhari,713,672,
bukhari,714,673,
bukhari,715,674,
bukhari,716,675,
bukhari,717,676,
bukhari,719,678,
bukhari,722,680,
bukhari,723,681,
bukhari,724,682,
bukhari,725,683,
bukhari,726,684,
bukhari,727,685,
bukhari,728,686,
bukhari,729,687,
bukhari,730,688,
bukhari,733,691,
bukhari,734,692,
bukhari,737,695,
bukhari,739,697,
bukhari,740,698,
bukhari,742,700,
bukhari,744,702,
bukhari,745,703,
bukhari,746,704,
bukhari,747,705,
bukhari,749,707,
bukhari,750,708,
bukhari,751,709,
bukhari,752,710,
bukhari,753,711,
bukhari,754,712,
bukhari,755,713,
bukhari,756,714,
bukhari,757,715,
bukhari,758,716,
bukhari,759,717,
bukhari,760,718,
bukhari,761,719,
bukhari,762,720,
bukhari,764,722,
bukhari,766,724,
bukhari,767,725,
bukhari,768,726,
bukhari,769,727,
bukhari,770,728,
bukhari,771,729,
bukhari,772,730,
bukhari,774,732,
bukhari,775,733,
bukhari,776,734,
bukhari,777,735,
bukhari,778,736,
bukhari,779,737,
bukhari,783,741,
bukhari,784,742,
bukhari,786,744,
bukhari,787,745,
bukhari,788,746,
bukhari,790,748,
bukhari,791,749,
bukhari,792,750,
bukhari,793,751,
bukhari,794,752,
bukhari,795,753,
bukhari,796,754,
bukhari,797,755,
bukhari,798,756,
bukhari,800,758,
bukhari,801,759,
bukhari,803,761,
bukhari,804,762,
bukhari,805,763,
bukhari,807,765,
bukhari,809,767,
bukhari,810,768,
bukhari,811,769,
bukhari,812,770,
bukhari,813,771,
bukhari,814,772,
bukhari,815,773,
bukhari,816,774,
bukhari,817,775,
bukhari,820,777,
bukhari,821,778,
bukhari,822,779,
bukhari,823,780,
bukhari,824,781,
bukhari,825,782,
bukhari,826,783,
bukhari,827,784,
bukhari,828,785,
bukhari,830,787,
bukhari,831,788,
bukhari,834,790,
bukhari,835,791,
bukhari,836,792,
bukhari,838,794,
bukhari,840,795,
bukhari,841,796,
bukhari,842,135,
bukhari,843,798,
bukhari,844,799,
bukhari,845,800,
bukhari,846,801,
bukhari,847,802,
bukhari,850,803,
bukhari,851,804,
bukhari,852,805,
bukhari,854,807,
bukhari,855,808,
bukhari,856,809,
bukhari,857,810,
bukhari,858,811,
bukhari,859,812,
bukhari,861,814,
bukhari,863,816,
bukhari,865,818,
bukhari,867,820,
bukhari,868,821,
bukhari,869,822,
bukhari,870,823,
bukhari,872,825,
bukhari,873,826,
bukhari,874,824,
bukhari,876,827,
bukhari,878,829,
bukhari,879,830,
bukhari,880,831,
bukhari,881,832,
bukhari,882,833,
bukhari,883,834,
bukhari,884,835,
bukhari,888,839,
bukhari,889,840,
bukhari,890,841,
bukhari,891,842,
bukhari,892,843,
bukhari,893,844,
bukhari,895,846,
bukhari,897,847,
bukhari,899,848,
bukhari,901,850,
bukhari,902,851,
bukhari,903,852,
bukhari,904,853,
bukhari,905,854,
bukhari,906,855,
bukhari,907,856,
bukhari,908,857,
bukhari,909,858,
bukhari,910,859,
bukhari,911,860,
bukhari,912,861,
bukhari,913,862,
bukhari,914,516,
bukhari,916,865,
bukhari,917,866,
bukhari,920,869,
bukhari,921,870,
bukhari,923,871,
bukhari,927,875,
bukhari,928,876,
bukhari,929,877,
bukhari,930,878,
bukhari,931,879,
bukhari,932,880,
bukhari,933,881,
bukhari,936,884,
bukhari,937,885,
bukhari,939,887,
bukhari,940,888,
bukhari,941,889,
bukhari,942,890,
bukhari,943,891,
bukhari,944,892,
bukhari,945,893,
bukhari,946,894,
bukhari,950,897,
bukhari,951,898,
bukhari,952,899,
bukhari,953,900,
bukhari,954,901,
bukhari,955,902,
bukhari,956,903,
bukhari,961,908,
bukhari,962,909,
bukhari,963,910,
bukhari,964,911,
bukhari,965,912,
bukhari,966,913,
bukhari,967,914,
bukhari,968,915,
bukhari,969,916,
bukhari,970,917,
bukhari,971,918,
bukhari,972,919,
bukhari,973,920,
bukhari,974,102,
bukhari,975,922,
bukhari,976,923,
bukhari,977,924,
bukhari,978,925,
bukhari,979,926,
bukhari,980,927,
bukhari,981,928,
bukhari,982,929,
bukhari,983,930,
bukhari,984,931,
bukhari,985,932,
bukhari,989,935,
bukhari,990,936,
bukhari,992,937,
bukhari,993,938,
bukhari,995,940,
bukhari,996,941,
bukhari,997,942,
bukhari,998,943,
bukhari,999,944,
bukhari,1000,945,
bukhari,1001,946,
bukhari,1002,947,
bukhari,1003,948,
bukhari,1004,949,
bukhari,1005,950,
bukhari,1006,951,
bukhari,1007,952,
bukhari,1009,953,
bukhari,1010,954,
bukhari,1011,955,
bukhari,1012,956,
bukhari,1013,957,
bukhari,1014,958,
bukhari,1015,959,
bukhari,1016,960,
bukhari,1017,961,
bukhari,1018,962,
bukhari,1019,963,
bukhari,1020,964,
bukhari,1021,965,
bukhari,1022,966,
bukhari,1023,967,
bukhari,1024,968,
bukhari,1025,969,
bukhari,1026,970,
bukhari,1027,971,
bukhari,1031,973,
bukhari,1032,974,
bukhari,1033,975,
bukhari,1034,976,
bukhari,1035,977,
bukhari,1036,978,
bukhari,1037,979,
bukhari,1038,980,
bukhari,1039,981,
bukhari,1040,982,
bukhari,1041,983,
bukhari,1042,984,
bukhari,1043,985,
bukhari,1045,987,
bukhari,1047,989,
bukhari,1048,990,
bukhari,1051,992,
bukhari,1052,993,
bukhari,1054,995,
bukhari,1056,996,
bukhari,1057,55,
bukhari,1058,998,
bukhari,1059,999,
bukhari,1060,1000,
bukhari,1062,1001,
bukhari,1063,1002,
bukhari,1064,1003,
bukhari,1066,1004,
bukhari,1067,1005,
bukhari,1068,1006,
bukhari,1069,1007,
bukhari,1070,1008,
bukhari,1071,1009,
bukhari,1072,1010,
bukhari,1073,1011,
bukhari,1074,1012,
bukhari,1075,1013,
bukhari,1076,1014,
bukhari,1077,1015,
bukhari,1078,1016,
bukhari,1080,1018,
bukhari,1081,1019,
bukhari,1082,1020,
bukhari,1083,1021,
bukhari,1084,1022,
bukhari,1085,1023,
bukhari,1086,1024,
bukhari,1088,1026,
bukhari,1089,1027,
bukhari,1090,1028,
bukhari,1093,1030,
bukhari,1094,1031,
bukhari,1095,1032,
bukhari,1096,1033,
bukhari,1097,1034,
bukhari,1099,1035,
bukhari,1100,1036,
bukhari,1102,1038,
bukhari,1104,1039,
bukhari,1106,1041,
bukhari,1110,1043,
bukhari,1111,1044,
bukhari,1112,1045,
bukhari,1113,1046,
bukhari,1114,1047,
bukhari,1115,1048,
bukhari,1116,1049,
bukhari,1117,1050,
bukhari,1119,1052,
bukhari,1120,1053,
bukhari,1122,1054,
bukhari,1124,1056,
bukhari,1125,1057,
bukhari,1129,1061,
bukhari,1130,1062,
bukhari,1131,1063,
bukhari,1132,1064,
bukhari,1133,1065,
bukhari,1134,1066,
bukhari,1135,1067,
bukhari,1136,1068,
bukhari,1137,1069,
bukhari,1138,1070,
bukhari,1139,1071,
bukhari,1140,1072,
bukhari,1142,1074,
bukhari,1143,1075,
bukhari,1144,1076,
bukhari,1145,1077,
bukhari,1146,1078,
bukhari,1147,1079,
bukhari,1149,1081,
bukhari,1152,1084,
bukhari,1155,1087,
bukhari,1159,1089,
bukhari,1161,1091,
bukhari,1162,1092,
bukhari,1163,1093,
bukhari,1164,1094,
bukhari,1165,1095,
bukhari,1166,1096,
bukhari,1167,1097,
bukhari,1168,1098,
bukhari,1170,1100,
bukhari,1174,1103,
bukhari,1175,1104,
bukhari,1177,1106,
bukhari,1178,1107,
bukhari,1179,1108,
bukhari,1181,1109,
bukhari,1182,1110,
bukhari,1184,1112,
bukhari,1186,1113,
bukhari,1187,1114,
bukhari,1188,1115,
bukhari,1190,1116,
bukhari,1192,1117,
bukhari,1193,1118,
bukhari,1197,1122,
bukhari,1198,1123,
bukhari,1199,1124,
bukhari,1202,1127,
bukhari,1204,1129,
bukhari,1205,1130,
bukhari,1207,1131,
bukhari,1208,1132,
bukhari,1209,1133,
bukhari,1211,1135,
bukhari,1214,1138,
bukhari,1215,1139,
bukhari,1216,1140,
bukhari,1217,1141,
bukhari,1219,1143,
bukhari,1220,1144,
bukhari,1221,1145,
bukhari,1222,1146,
bukhari,1223,1147,
bukhari,1224,1148,
bukhari,1226,1150,
bukhari,1227,1151,
bukhari,1228,1152,
bukhari,1229,1153,
bukhari,1230,1154,
bukhari,1231,1155,
bukhari,1235,1159,
bukhari,1236,1160,
bukhari,1237,1161,
bukhari,1239,1163,
bukhari,1240,1164,
bukhari,1242,1165,
bukhari,1245,1168,
bukhari,1246,1169,
bukhari,1247,1170,
bukhari,1250,1172,
bukhari,1251,1173,
bukhari,1252,1174,
bukhari,1253,1175,
bukhari,1254,1176,
bukhari,1255,1177,
bukhari,1256,1178,
bukhari,1257,1179,
bukhari,1259,1180,
bukhari,1260,1181,
bukhari,1261,1182,
bukhari,1262,1183,
bukhari,1263,1184,
bukhari,1264,1185,
bukhari,1265,1186,
bukhari,1266,1187,
bukhari,1267,1188,
bukhari,1268,1189,
bukhari,1269,1190,
bukhari,1270,1191,
bukhari,1272,1193,
bukhari,1274,1195,
bukhari,1275,1196,
bukhari,1278,1199,
bukhari,1280,1201,
bukhari,1282,1202,
bukhari,1283,1203,
bukhari,1284,1204,
bukhari,1288,1206,
bukhari,1290,1208,
bukhari,1291,1209,
bukhari,1292,1210,
bukhari,1293,1211,
bukhari,1294,1212,
bukhari,1300,1217,
bukhari,1301,1218,
bukhari,1302,1219,
bukhari,1303,1220,
bukhari,1304,1221,
bukhari,1306,1223,
bukhari,1310,1227,
bukhari,1311,1228,
bukhari,1313,1229,
bukhari,1315,1231,
bukhari,1316,1232,
bukhari,1317,1233,
bukhari,1319,1235,
bukhari,1322,1238,
bukhari,1324,1239,
bukhari,1325,1240,
bukhari,1326,1241,
bukhari,1330,1244,
bukhari,1332,1246,
bukhari,1334,3270,
bukhari,1336,1250,
bukhari,1337,1251,
bukhari,1338,1252,
bukhari,1339,1253,
bukhari,1340,1254,
bukhari,1345,1259,
bukhari,1346,1260,
bukhari,1351,1264,
bukhari,1352,1265,
bukhari,1353,1266,
bukhari,1356,1268,
bukhari,1357,1269,
bukhari,1358,1270,
bukhari,1360,1272,
bukhari,1361,1273,
bukhari,1362,1274,
bukhari,1364,1275,
bukhari,1368,1279,
bukhari,1369,1280,
bukhari,1371,1282,
bukhari,1372,1283,
bukhari,1373,1284,
bukhari,1375,1286,
bukhari,1376,1287,
bukhari,1378,1289,
bukhari,1382,1293,
bukhari,1383,1294,
bukhari,1385,1296,
bukhari,1386,1297,
bukhari,1387,1298,
bukhari,1388,1299,
bukhari,1389,1300,
bukhari,1390,1301,
bukhari,1390.2,1302,
bukhari,1391,1304,
bukhari,1392,1305,
bukhari,1393,1306,
bukhari,1395,1308,
bukhari,1396,1309,
bukhari,1397,1310,
bukhari,1398,1311,
bukhari,1400,1312,
bukhari,1401,1313,
bukhari,1403,1315,
bukhari,1405,1317,
bukhari,1406,1318,
bukhari,1408,1319,
bukhari,1411,1322,
bukhari,1413,1324,
bukhari,1416,1327,
bukhari,1417,1328,
bukhari,1418,1329,
bukhari,1420,1331,
bukhari,1422,1333,
bukhari,1423,1334,
bukhari,1424,1335,
bukhari,1425,1336,
bukhari,1429,1339,
bukhari,1431,1341,
bukhari,1432,1342,
bukhari,1433,1343,
bukhari,1434,1344,
bukhari,1435,1345,
bukhari,1436,1346,
bukhari,1439,1349,
bukhari,1441,1350,
bukhari,1442,1351,
bukhari,1443,1352,
bukhari,1445,1353,
bukhari,1447,1355,
bukhari,1449,1357,
bukhari,1450,1358,
bukhari,1454,1362,
bukhari,1455,1363,
bukhari,1458,1365,
bukhari,1463,1370,
bukhari,1464,1371,
bukhari,1465,1372,
bukhari,1471,1378,
bukhari,1472,1379,
bukhari,1473,1380,
bukhari,1476,1382,
bukhari,1477,1383,
bukhari,1478,1384,
bukhari,1483,1388,
bukhari,1484,1389,
bukhari,1485,1390,
bukhari,1486,1391,
bukhari,1487,1392,
bukhari,1488,1393,
bukhari,1495,1400,
bukhari,1497,1402,
bukhari,1500,1404,
bukhari,1501,1405,
bukhari,1503,1407,
bukhari,1507,1411,
bukhari,1508,1412,
bukhari,1509,1413,
bukhari,1514,1418,
bukhari,1515,1419,
bukhari,1517,1420,
bukhari,1518,1421,
bukhari,1520,1423,
bukhari,1521,1424,
bukhari,1522,1425,
bukhari,1523,1426,
bukhari,1526,1429,
bukhari,1527,1430,
bukhari,1529,1431,
bukhari,1530,1432,
bukhari,1531,1433,
bukhari,1534,1436,
bukhari,1538,1438,
bukhari,1540,1440,
bukhari,1546,1445,
bukhari,1547,1446,
bukhari,1550,1449,
bukhari,1552,1451,
bukhari,1554,1452,
bukhari,1556,1454,
bukhari,1558,1456,
bukhari,1559,1457,
bukhari,1560,1458,
bukhari,1561,1459,
bukhari,1562,1460,
bukhari,1565,1463,
bukhari,1567,1465,
bukhari,1568,1466,
bukhari,1569,1467,
bukhari,1570,1468,
bukhari,1571,1469,
bukhari,1573,1470,
bukhari,1576,1473,
bukhari,1577,1474,
bukhari,1578,1475,
bukhari,1579,1476,
bukhari,1580,1477,
bukhari,1581,1478,
bukhari,1582,1479,
bukhari,1583,1480,
bukhari,1586,1483,
bukhari,1587,1484,
bukhari,1588,1485,
bukhari,1590,1487,
bukhari,1591,1488,
bukhari,1593,1490,
bukhari,1595,1492,
bukhari,1598,1495,
bukhari,1599,1496,
bukhari,1600,1497,
bukhari,1602,1499,
bukhari,1603,1500,
bukhari,1607,1504,
bukhari,1609,1505,
bukhari,1610,1506,
bukhari,1611,1507,
bukhari,1613,1509,
bukhari,1615,1510,
bukhari,1616,1511,
bukhari,1618,1513,
bukhari,1619,1514,
bukhari,1622,1517,
bukhari,1624,1518,
bukhari,1625,1519,
bukhari,1627,1521,
bukhari,1628,1522,
bukhari,1631,1524,
bukhari,1632,1525,
bukhari,1633,1526,
bukhari,1634,1527,
bukhari,1635,1528,
bukhari,1637,1529,
bukhari,1639,1531,
bukhari,1642,1533,
bukhari,1643,1534,
bukhari,1647,1537,
bukhari,1648,1538,
bukhari,1651,1541,
bukhari,1652,1542,
bukhari,1653,1543,
bukhari,1654,1544,
bukhari,1655,1545,
bukhari,1656,1546,
bukhari,1658,1548,
bukhari,1659,1549,
bukhari,1661,1551,
bukhari,1663,1552,
bukhari,1664,1553,
bukhari,1667,1556,
bukhari,1668,1557,
bukhari,1670,1558,
bukhari,1671,1559,
bukhari,1672,1560,
bukhari,1673,1561,
bukhari,1674,1562,
bukhari,1677,1565,
bukhari,1678,1566,
bukhari,1679,1567,
bukhari,1681,1569,
bukhari,1684,1572,
bukhari,1685,1573,
bukhari,1687,1574,
bukhari,1688,1575,
bukhari,1693,1579,
bukhari,1696,1581,
bukhari,1699,1584,
bukhari,1701,1586,
bukhari,1702,1587,
bukhari,1703,1588,
bukhari,1704,1589,
bukhari,1705,1590,
bukhari,1710,1595,
bukhari,1711,1596,
bukhari,1714,1599,
bukhari,1715,1600,
bukhari,1716,1601,
bukhari,1717,1602,
bukhari,1719,1604,
bukhari,1721,1606,
bukhari,1722,1607,
bukhari,1723,1608,
bukhari,1724,1609,
bukhari,1726,1611,
bukhari,1728,1613,
bukhari,1730,1615,
bukhari,1731,1616,
bukhari,1732,1617,
bukhari,1735,1620,
bukhari,1737,1622,
bukhari,1739,1623,
bukhari,1740,1624,
bukhari,1741,1625,
bukhari,1742,1626,
bukhari,1746,1628,
bukhari,1749,1631,
bukhari,1750,1632,
bukhari,1751,1633,
bukhari,1754,1635,
bukhari,1755,1636,
bukhari,1756,1637,
bukhari,1759,1639,
bukhari,1762,1641,
bukhari,1763,1642,
bukhari,1764,1643,
bukhari,1765,1644,
bukhari,1766,1645,
bukhari,1770,1648,
bukhari,1774,1651,
bukhari,1776,1652,
bukhari,1777,1653,
bukhari,1778,1654,
bukhari,1779,1655,
bukhari,1782,1657,
bukhari,1783,1658,
bukhari,1784,1659,
bukhari,1787,1662,
bukhari,1788,1663,
bukhari,1789,1664,
bukhari,1792,1666,
bukhari,1794,1667,
bukhari,1795,1668,
bukhari,1796,1669,
bukhari,1798,1671,
bukhari,1799,1672,
bukhari,1801,1674,
bukhari,1804,1677,
bukhari,1806,1679,
bukhari,1809,1681,
bukhari,1810,1682,
bukhari,1812,1684,
bukhari,1813,1685,
bukhari,1814,1686,
bukhari,1815,1687,
bukhari,1816,1688,
bukhari,1819,1690,
bukhari,1820,1691,
bukhari,1821,1692,
bukhari,1823,1694,
bukhari,1832,1701,
bukhari,1833,1702,
bukhari,1834,1703,
bukhari,1835,1704,
bukhari,1836,1705,
bukhari,1837,1706,
bukhari,1838,1707,
bukhari,1839,1708,
bukhari,1841,1710,
bukhari,1843,1712,
bukhari,1847,1716,
bukhari,1849,1717,
bukhari,1850,1718,
bukhari,1853,1721,
bukhari,1855,1722,
bukhari,1858,1725,
bukhari,1859,1726,
bukhari,1860,1727,
bukhari,1861,1728,
bukhari,1862,1729,
bukhari,1863,1730,
bukhari,1864,1731,
bukhari,1865,1732,
bukhari,1867,1734,
bukhari,1868,1735,
bukhari,1876,1743,
bukhari,1877,1744,
bukhari,1878,1745,
bukhari,1880,1747,
bukhari,1881,1748,
bukhari,1884,1751,
bukhari,1885,1752,
bukhari,1886,1753,
bukhari,1887,1754,
bukhari,1888,1121,
bukhari,1895,1762,
bukhari,1897,1764,
bukhari,1899,1766,
bukhari,1901,1768,
bukhari,1907,1774,
bukhari,1908,1775,
bukhari,1910,1777,
bukhari,1912,1779,
bukhari,1913,1780,
bukhari,1916,1783,
bukhari,1917,1784,
bukhari,1920,1786,
bukhari,1927,1792,
bukhari,1929,1794,
bukhari,1932,1796,
bukhari,1933,1797,
bukhari,1934,1798,
bukhari,1935,1799,
bukhari,1937,1801,
bukhari,1938,1802,
bukhari,1940,1804,
bukhari,1941,1805,
bukhari,1945,1809,
bukhari,1946,1810,
bukhari,1947,1811,
bukhari,1949,1813,
bukhari,1950,1814,
bukhari,1951,1815,
bukhari,1952,1816,
bukhari,1953,1817,
bukhari,1954,1818,
bukhari,1955,1819,
bukhari,1956,1820,
bukhari,1958,1822,
bukhari,1959,1823,
bukhari,1961,1825,
bukhari,1964,1828,
bukhari,1966,1830,
bukhari,1967,1831,
bukhari,1969,1833,
bukhari,1973,1837,
bukhari,1974,1838,
bukhari,1977,1841,
bukhari,1978,1842,
bukhari,1981,1845,
bukhari,1983,1847,
bukhari,1986,1850,
bukhari,1987,1851,
bukhari,1988,1852,
bukhari,1989,1853,
bukhari,1994,1857,
bukhari,1995,1858,
bukhari,1998,1859,
bukhari,2000,1861,
bukhari,2004,1865,
bukhari,2005,1866,
bukhari,2006,1867,
bukhari,2010,1871,
bukhari,2014,1875,
bukhari,2017,1878,
bukhari,2018,1879,
bukhari,2022,1882,
bukhari,2023,1883,
bukhari,2024,1884,
bukhari,2027,1887,
bukhari,2029,1889,
bukhari,2033,1892,
bukhari,2036,1895,
bukhari,2037,1896,
bukhari,2039,1898,
bukhari,2040,1899,
bukhari,2041,1900,
bukhari,2042,1901,
bukhari,2043,1902,
bukhari,2044,1903,
bukhari,2049,1908,
bukhari,2050,1909,
bukhari,2051,1910,
bukhari,2052,1911,
bukhari,2053,1912,
bukhari,2055,1914,
bukhari,2056,1915,
bukhari,2057,1916,
bukhari,2058,1917,
bukhari,2061,1919,
bukhari,2064,1922,
bukhari,2066,1924,
bukhari,2067,1925,
bukhari,2069,1927,
bukhari,2071,1929,
bukhari,2076,1934,
bukhari,2077,1935,
bukhari,2078,1936,
bukhari,2079,1937,
bukhari,2082,1940,
bukhari,2084,1942,
bukhari,2085,1943,
bukhari,2086,1944,
bukhari,2088,1946,
bukhari,2094,1952,
bukhari,2096,1954,
bukhari,2099,1957,
bukhari,2101,1959,
bukhari,2103,1961,
bukhari,2104,1962,
bukhari,2105,1963,
bukhari,2106,1964,
bukhari,2107,1965,
bukhari,2108,1966,
bukhari,2109,1967,
bukhari,2110,1968,
bukhari,2112,1970,
bukhari,2114,1972,
bukhari,2116,1973,
bukhari,2118,1975,
bukhari,2120,1977,
bukhari,2121,1978,
bukhari,2122,1979,
bukhari,2127,1983,
bukhari,2128,1984,
bukhari,2129,1985,
bukhari,2130,1986,
bukhari,2131,1987,
bukhari,2132,1988,
bukhari,2133,1989,
bukhari,2134,1990,
bukhari,2138,1994,
bukhari,2141,1997,
bukhari,2145,2001,
bukhari,2146,2002,
bukhari,2148,2004,
bukhari,2149,2005,
bukhari,2151,2007,
bukhari,2156,2011,
bukhari,2158,2013,
bukhari,2159,2014,
bukhari,2160,2015,
bukhari,2161,2016,
bukhari,2164,2019,
bukhari,2170,2025,
bukhari,2171,2026,
bukhari,2174,2028,
bukhari,2175,2029,
bukhari,2176,2030,
bukhari,2177,2031,
bukhari,2179,2032,
bukhari,2182,2034,
bukhari,2186,2037,
bukhari,2187,2038,
bukhari,2188,2039,
bukhari,2189,2040,
bukhari,2190,2041,
bukhari,2191,2042,
bukhari,2192,2043,
bukhari,2195,2045,
bukhari,2196,2046,
bukhari,2197,2047,
bukhari,2198,2048,
bukhari,2202,2050,
bukhari,2203,2051,
bukhari,2206,2054,
bukhari,2207,2055,
bukhari,2208,2056,
bukhari,2209,2057,
bukhari,2211,2059,
bukhari,2212,2060,
bukhari,2215,2063,
bukhari,2216,2064,
bukhari,2218,2066,
bukhari,2219,2067,
bukhari,2222,2070,
bukhari,2225,2073,
bukhari,2226,2074,
bukhari,2227,2075,
bukhari,2230,2078,
bukhari,2233,2079,
bukhari,2234,2080,
bukhari,2238,2084,
bukhari,2239.2,2085,
bukhari,2240,2086,
bukhari,2243,2087,
bukhari,2246,2089,
bukhari,2248,2090,
bukhari,2250,2091,
bukhari,2251,2092,
bukhari,2252,2093,
bukhari,2253,2094,
bukhari,2256,2096,
bukhari,2258,2098,
bukhari,2259,2099,
bukhari,2260,2100,
bukhari,2261,2101,
bukhari,2262,2102,
bukhari,2266,2105,
bukhari,2270,2109,
bukhari,2272,2111,
bukhari,2274,2113,
bukhari,2275,2114,
bukhari,2276,2115,
bukhari,2277,2116,
bukhari,2279,2118,
bukhari,2280,2119,
bukhari,2281,2120,
bukhari,2282,2121,
bukhari,2283,2122,
bukhari,2284,2123,
bukhari,2288,2126,
bukhari,2292,2128,
bukhari,2293,2129,
bukhari,2294,2130,
bukhari,2296,2132,
bukhari,2299,2135,
bukhari,2303,2138,
bukhari,2304,2139,
bukhari,2306,2141,
bukhari,2309,2143,
bukhari,2312,2145,
bukhari,2313,2146,
bukhari,2315,2147,
bukhari,2316,2148,
bukhari,2317,2149,
bukhari,2318,2150,
bukhari,2320,2152,
bukhari,2321,2153,
bukhari,2322,2154,
bukhari,2323,2155,
bukhari,2327,2159,
bukhari,2330,2162,
bukhari,2331,2163,
bukhari,2332,2164,
bukhari,2336,2168,
bukhari,2337,2169,
bukhari,2341,2172,
bukhari,2342,2173,
bukhari,2344,2174,
bukhari,2347,2176,
bukhari,2348,2177,
bukhari,2350,2179,
bukhari,2358,2186,
bukhari,2360,2187,
bukhari,2362,2189,
bukhari,2364,2191,
bukhari,2368,2195,
bukhari,2371,2198,
bukhari,2372,2199,
bukhari,2373,2200,
bukhari,2379,2205,
bukhari,2380,2206,
bukhari,2382,2208,
bukhari,2384,2209,
bukhari,2385,2210,
bukhari,2386,2211,
bukhari,2388,2213,
bukhari,2389,2214,
bukhari,2390,2215,
bukhari,2392,2217,
bukhari,2393,2218,
bukhari,2396,2221,
bukhari,2398,2223,
bukhari,2399,2224,
bukhari,2400,2225,
bukhari,2401,2226,
bukhari,2402,2227,
bukhari,2403,2228,
bukhari,2406,2229,
bukhari,2407,2230,
bukhari,2408,2231,
bukhari,2410,2233,
bukhari,2413,2236,
bukhari,2415,2238,
bukhari,2422,2244,
bukhari,2425,2247,
bukhari,2426,2248,
bukhari,2428,2250,
bukhari,2431,2252,
bukhari,2434,2254,
bukhari,2437,2257,
bukhari,2438,2258,
bukhari,2439,2259,
bukhari,2440,2260,
bukhari,2441,2261,
bukhari,2444,2264,
bukhari,2445,2265,
bukhari,2447,2267,
bukhari,2448,2268,
bukhari,2450,2270,
bukhari,2451,2271,
bukhari,2453,2273,
bukhari,2454,2274,
bukhari,2455,2275,
bukhari,2456,2276,
bukhari,2457,2277,
bukhari,2462,2282,
bukhari,2463,2283,
bukhari,2464,2284,
bukhari,2465,2285,
bukhari,2466,2286,
bukhari,2469,2289,
bukhari,2471,2291,
bukhari,2473,2293,
bukhari,2474,2294,
bukhari,2475,2295,
bukhari,2477,2297,
bukhari,2478,2298,
bukhari,2480,2300,
bukhari,2481,2301,
bukhari,2485,2305,
bukhari,2486,2306,
bukhari,2487,2307,
bukhari,2488,2308,
bukhari,2489,2309,
bukhari,2490,2310,
bukhari,2491,2311,
bukhari,2492,2312,
bukhari,2493,2313,
bukhari,2494,2314,
bukhari,2496,2316,
bukhari,2498,2317,
bukhari,2499,2519,
bukhari,2502,2320,
bukhari,2503,2321,
bukhari,2506,2323,
bukhari,2507,2324,
bukhari,2509,2326,
bukhari,2511,2328,
bukhari,2512,2329,
bukhari,2514,2331,
bukhari,2517,2333,
bukhari,2518,2334,
bukhari,2519,2335,
bukhari,2520,2336,
bukhari,2521,2337,
bukhari,2525,2341,
bukhari,2527,2342,
bukhari,2528,2343,
bukhari,2529,2344,
bukhari,2530,2345,
bukhari,2531,2346,
bukhari,2534,2349,
bukhari,2535,2350,
bukhari,2537,2352,
bukhari,2538,2353,
bukhari,2540,2354,
bukhari,2541,2355,
bukhari,2543,2357,
bukhari,2544,2358,
bukhari,2545,2359,
bukhari,2546,2360,
bukhari,2547,2361,
bukhari,2548,3226,
bukhari,2549,2363,
bukhari,2552,2366,
bukhari,2553,2367,
bukhari,2556,2369,
bukhari,2557,2370,
bukhari,2559,2372,
bukhari,2561,2373,
bukhari,2563,2375,
bukhari,2566,2378,
bukhari,2567,2379,
bukhari,2569,2381,
bukhari,2570,3486,
bukhari,2572,2384,
bukhari,2574,2386,
bukhari,2575,2387,
bukhari,2576,2388,
bukhari,2579,2391,
bukhari,2580,2392,
bukhari,2581,2393,
bukhari,2582,2394,
bukhari,2585,2396,
bukhari,2586,2397,
bukhari,2587,2398,
bukhari,2590,2401,
bukhari,2591,2402,
bukhari,2592,2403,
bukhari,2601,2411,
bukhari,2602,2412,
bukhari,2603,2413,
bukhari,2604,2414,
bukhari,2605,2415,
bukhari,2606,2416,
bukhari,2609,2418,
bukhari,2613,2421,
bukhari,2618,2425,
bukhari,2621,2428,
bukhari,2623,2430,
bukhari,2624,2431,
bukhari,2625,2432,
bukhari,2626,2433,
bukhari,2627,2434,
bukhari,2629,2436,
bukhari,2630,2437,
bukhari,2631,2438,
bukhari,2632,2439,
bukhari,2634,2440,
bukhari,2636,2442,
bukhari,2637,2443,
bukhari,2638,2444,
bukhari,2639,2445,
bukhari,2640,2446,
bukhari,2641,2447,
bukhari,2644,2450,
bukhari,2645,2451,
bukhari,2647,2453,
bukhari,2648,2454,
bukhari,2650,2456,
bukhari,2651,2457,
bukhari,2653,2459,
bukhari,2654,2460,
bukhari,2655,2461,
bukhari,2657,2463,
bukhari,2658,2464,
bukhari,2659,2465,
bukhari,2660,2466,
bukhari,2661,2467,
bukhari,2662,2468,
bukhari,2664,2470,
bukhari,2665,2471,
bukhari,2667,2472,
bukhari,2668,2473,
bukhari,2671,2475,
bukhari,2673,2477,
bukhari,2675,2479,
bukhari,2678,2481,
bukhari,2679,2482,
bukhari,2680,2483,
bukhari,2682,2485,
bukhari,2684,2487,
bukhari,2689,2492,
bukhari,2691,2494,
bukhari,2693,2496,
bukhari,2697,2499,
bukhari,2701,2502,
bukhari,2702,2503,
bukhari,2703,2504,
bukhari,2704,2505,
bukhari,2706,2246,
bukhari,2710,2511,
bukhari,2714,2513,
bukhari,2717,2516,
bukhari,2722,2521,
bukhari,2726,2524,
bukhari,2727,2525,
bukhari,2729,2527,
bukhari,2730,2528,
bukhari,2735,2530,
bukhari,2739,2534,
bukhari,2740,2535,
bukhari,2741,2536,
bukhari,2742,2537,
bukhari,2743,2538,
bukhari,2744,2539,
bukhari,2746,2541,
bukhari,2748,2543,
bukhari,2749,2544,
bukhari,2751,2546,
bukhari,2754,2549,
bukhari,2759,2553,
bukhari,2760,1255,
bukhari,2763,2557,
bukhari,2764,2558,
bukhari,2768,2561,
bukhari,2772,2565,
bukhari,2773,2566,
bukhari,2774,2567,
bukhari,2775,2568,
bukhari,2777,2570,
bukhari,2779,2571,
bukhari,2780,2572,
bukhari,2781,2573,
bukhari,2784,2576,
bukhari,2785,2577,
bukhari,2789,2580,
bukhari,2790,2581,
bukhari,2791,2582,
bukhari,2792,2583,
bukhari,2794,2585,
bukhari,2796,2587,
bukhari,2798,2589,
bukhari,2800,2590,
bukhari,2801,2591,
bukhari,2802,2592,
bukhari,2804,2594,
bukhari,2806,2595,
bukhari,2808,2597,
bukhari,2809,2598,
bukhari,2810,2599,
bukhari,2811,2600,
bukhari,2813,2602,
bukhari,2815,2604,
bukhari,2816,2605,
bukhari,2820,2608,
bukhari,2823,2611,
bukhari,2824,2612,
bukhari,2825,2613,
bukhari,2828,2616,
bukhari,2830,2618,
bukhari,2836,2624,
bukhari,2838,2626,
bukhari,2839,2627,
bukhari,2841,2629,
bukhari,2843,2631,
bukhari,2846,2634,
bukhari,2847,2635,
bukhari,2848,2636,
bukhari,2849,2637,
bukhari,2850,2638,
bukhari,2852,2640,
bukhari,2853,2641,
bukhari,2854,2642,
bukhari,2855,2643,
bukhari,2856,2644,
bukhari,2859,2647,
bukhari,2861,2649,
bukhari,2862,2650,
bukhari,2864,2652,
bukhari,2866,2654,
bukhari,2868,2656,
bukhari,2869,2657,
bukhari,2871,2659,
bukhari,2872,2660,
bukhari,2874,2662,
bukhari,2875,2663,
bukhari,2876,2664,
bukhari,2882,2669,
bukhari,2883,2670,
bukhari,2885,2672,
bukhari,2887,2673,
bukhari,2888,2674,
bukhari,2890,2676,
bukhari,2892,2678,
bukhari,2893,2679,
bukhari,2895,2680,
bukhari,2896,2681,
bukhari,2898,2683,
bukhari,2900,2685,
bukhari,2903,2688,
bukhari,2904,2689,
bukhari,2905,2690,
bukhari,2907,2691,
bukhari,2909,2693,
bukhari,2912,2696,
bukhari,2913,2697,
bukhari,2915,2699,
bukhari,2919,2703,
bukhari,2921,2705,
bukhari,2925,2708,
bukhari,2926,2709,
bukhari,2927,2710,
bukhari,2928,2711,
bukhari,2929,2712,
bukhari,2930,2713,
bukhari,2931,2714,
bukhari,2932,2715,
bukhari,2934,2717,
bukhari,2935,2718,
bukhari,2936,2719,
bukhari,2938,2721,
bukhari,2941,2723,
bukhari,2942,2724,
bukhari,2946,2727,
bukhari,2948,2729,
bukhari,2949,2730,
bukhari,2953,2734,
bukhari,2957,2737,
bukhari,2958,2738,
bukhari,2963,2742,
bukhari,2967,2745,
bukhari,2968,2746,
bukhari,2969,2747,
bukhari,2970,2748,
bukhari,2972,2750,
bukhari,2973,2751,
bukhari,2974,2752,
bukhari,2976,2754,
bukhari,2979,2757,
bukhari,2980,2758,
bukhari,2982,2760,
bukhari,2983,2761,
bukhari,2984,2762,
bukhari,2985,2763,
bukhari,2988,2766,
bukhari,2991,2769,
bukhari,2992,2770,
bukhari,2993,2771,
bukhari,2994,2772,
bukhari,2995,2773,
bukhari,2996,2774,
bukhari,2997,2775,
bukhari,2998,2776,
bukhari,3003,2781,
bukhari,3004,2782,
bukhari,3006,2784,
bukhari,3008,2786,
bukhari,3009,2787,
bukhari,3011,2789,
bukhari,3014,2791,
bukhari,3015,2792,
bukhari,3016,2793,
bukhari,3020,2797,
bukhari,3021,2798,
bukhari,3022,2799,
bukhari,3023,2800,
bukhari,3026,2802,
bukhari,3030,2805,
bukhari,3032,2807,
bukhari,3034,2808,
bukhari,3036,2809,
bukhari,3037,2810,
bukhari,3038,2811,
bukhari,3040,2813,
bukhari,3041,2814,
bukhari,3042,2815,
bukhari,3043,2816,
bukhari,3048,2821,
bukhari,3051,2823,
bukhari,3053,2825,
bukhari,3057,2828,
bukhari,3058,2830,
bukhari,3061,2833,
bukhari,3062,6750,
bukhari,3063,2835,
bukhari,3064,2836,
bukhari,3065,2837,
bukhari,3066,2838,
bukhari,3068,2839,
bukhari,3069,2840,
bukhari,3070,2841,
bukhari,3071,2842,
bukhari,3073,2844,
bukhari,3074,2845,
bukhari,3075,2846,
bukhari,3077,2848,
bukhari,3079,2849,
bukhari,3080,2850,
bukhari,3081,2851,
bukhari,3082,2852,
bukhari,3083,2853,
bukhari,3085,2855,
bukhari,3086,2856,
bukhari,3087,2857,
bukhari,3088,2858,
bukhari,3089,2859,
bukhari,3090,2860,
bukhari,3094,2863,
bukhari,3098,2867,
bukhari,3099,2868,
bukhari,3100,2869,
bukhari,3103,2872,
bukhari,3107,2876,
bukhari,3108,2877,
bukhari,3109,2878,
bukhari,3111,2880,
bukhari,3113,2881,
bukhari,3114,2882,
bukhari,3115,2883,
bukhari,3116,2884,
bukhari,3117,2885,
bukhari,3118,2886,
bukhari,3119,2887,
bukhari,3121,2889,
bukhari,3122,2890,
bukhari,3125,2893,
bukhari,3126,2894,
bukhari,3128,2896,
bukhari,3130,2898,
bukhari,3135,2902,
bukhari,3137,2904,
bukhari,3139,2906,
bukhari,3141,2908,
bukhari,3142,2909,
bukhari,3143,2910,
bukhari,3145,2912,
bukhari,3146,2913,
bukhari,3147,2914,
bukhari,3148,6636,
bukhari,3151,2918,
bukhari,3154,2921,
bukhari,3157,2923,
bukhari,3161,2926,
bukhari,3162,2927,
bukhari,3163,2928,
bukhari,3165,2929,
bukhari,3166,2930,
bukhari,3168,2932,
bukhari,3170,2934,
bukhari,3171,2935,
bukhari,3172,2936,
bukhari,3173,2937,
bukhari,3175,2939,
bukhari,3176,2940,
bukhari,3177,2941,
bukhari,3178,2942,
bukhari,3179,2943,
bukhari,3181,2944,
bukhari,3182,2945,
bukhari,3183,2946,
bukhari,3184,2947,
bukhari,3187,2949,
bukhari,3188,2107,
bukhari,3190,2952,
bukhari,3193,2954,
bukhari,3195,2956,
bukhari,3196,2957,
bukhari,3200,2961,
bukhari,3202,2963,
bukhari,3204,997,
bukhari,3205,2966,
bukhari,3206,2967,
bukhari,3209,2970,
bukhari,3210,2971,
bukhari,3213,2974,
bukhari,3214,2975,
bukhari,3215,2976,
bukhari,3216,2977,
bukhari,3218,2979,
bukhari,3219,2980,
bukhari,3221,2982,
bukhari,3222,2983,
bukhari,3224,2985,
bukhari,3226,2987,
bukhari,3228,2989,
bukhari,3230,2991,
bukhari,3231,2992,
bukhari,3232,2993,
bukhari,3233,2994,
bukhari,3234,2995,
bukhari,3235,2996,
bukhari,3236,2997,
bukhari,3237,2998,
bukhari,3238,2999,
bukhari,3240,3001,
bukhari,3242,3003,
bukhari,3243,3004,
bukhari,3244,3005,
bukhari,3248,3009,
bukhari,3250,3011,
bukhari,3251,3012,
bukhari,3254,4408,
bukhari,3255,3015,
bukhari,3256,3016,
bukhari,3257,3017,
bukhari,3258,3018,
bukhari,3259,3019,
bukhari,3261,3021,
bukhari,3263,3023,
bukhari,3264,3024,
bukhari,3266,3026,
bukhari,3267,3027,
bukhari,3268,3028,
bukhari,3269,3029,
bukhari,3271,3031,
bukhari,3273,3032,
bukhari,3274,3033,
bukhari,3278,3036,
bukhari,3280,3038,
bukhari,3282,3040,
bukhari,3283,3041,
bukhari,3284,3042,
bukhari,3285,3043,
bukhari,3286,3044,
bukhari,3290,3047,
bukhari,3291,3048,
bukhari,3292,3049,
bukhari,3293,3050,
bukhari,3295,3052,
bukhari,3296,3053,
bukhari,3298,3054,
bukhari,3300,3055,
bukhari,3302,3057,
bukhari,3303,3058,
bukhari,3304,3059,
bukhari,3305,3060,
bukhari,3306,3061,
bukhari,3307,3062,
bukhari,3309,3064,
bukhari,3311,3065,
bukhari,3313,3066,
bukhari,3315,3068,
bukhari,3316,3069,
bukhari,3318,3071,
bukhari,3319,3072,
bukhari,3321,3074,
bukhari,3322,3075,
bukhari,3324,3077,
bukhari,3325,3078,
bukhari,3326,3079,
bukhari,3327,3080,
bukhari,3328,3081,
bukhari,3329,3082,
bukhari,3331,3084,
bukhari,3337,2829,
bukhari,3338,3090,
bukhari,3339,3091,
bukhari,3340,3092,
bukhari,3341,3093,
bukhari,3343,3095,
bukhari,3345,3096,
bukhari,3349,3100,
bukhari,3350,3101,
bukhari,3352,3103,
bukhari,3353,3104,
bukhari,3354,3105,
bukhari,3355,3106,
bukhari,3356,3107,
bukhari,3357,3108,
bukhari,3359,3109,
bukhari,3361,3111,
bukhari,3363,3112,
bukhari,3364,3113,
bukhari,3367,3116,
bukhari,3369,3118,
bukhari,3370,3119,
bukhari,3371,3120,
bukhari,3374,3123,
bukhari,3376,3125,
bukhari,3378,3127,
bukhari,3380,3129,
bukhari,3381,3130,
bukhari,3382,3139,
bukhari,3383,3131,
bukhari,3384,3132,
bukhari,3385,3133,
bukhari,3388,3136,
bukhari,3390,3138,
bukhari,3393,3142,
bukhari,3394,3143,
bukhari,3397,3145,
bukhari,3399,3147,
bukhari,3400,3148,
bukhari,3401,3149,
bukhari,3402,3150,
bukhari,3404,3152,
bukhari,3405,3153,
bukhari,3407,3155,
bukhari,3411,3159,
bukhari,3412,3160,
bukhari,3413,3161,
bukhari,3416,3163,
bukhari,3419,3166,
bukhari,3420,3167,
bukhari,3421,3168,
bukhari,3424,3171,
bukhari,3425,3172,
bukhari,3428,3174,
bukhari,3429,3175,
bukhari,3432,3178,
bukhari,3433,3179,
bukhari,3435,3180,
bukhari,3436,3181,
bukhari,3437,3182,
bukhari,3438,3183,
bukhari,3441,3185,
bukhari,3444,3188,
bukhari,3445,3189,
bukhari,3446,3190,
bukhari,3447,3191,
bukhari,3449,3193,
bukhari,3454,3195,
bukhari,3456,3197,
bukhari,3457,3198,
bukhari,3459,3200,
bukhari,3460,3201,
bukhari,3461,3202,
bukhari,3463,3204,
bukhari,3464,3205,
bukhari,3465,3206,
bukhari,3467,3208,
bukhari,3468,3209,
bukhari,3470,3211,
bukhari,3472,3213,
bukhari,3473,3214,
bukhari,3474,3215,
bukhari,3475,3216,
bukhari,3476,3217,
bukhari,3478,3219,
bukhari,3479,3220,
bukhari,3482,3223,
bukhari,3483,3224,
bukhari,3484,3225,
bukhari,3487,3227,
bukhari,3489,3230,
bukhari,3490,3231,
bukhari,3491,3232,
bukhari,3492,3233,
bukhari,3494,3234,
bukhari,3496,3235,
bukhari,3497,3236,
bukhari,3501,3240,
bukhari,3504,3242,
bukhari,3505,3243,
bukhari,3508,3246,
bukhari,3509,3247,
bukhari,3510,3248,
bukhari,3512,3250,
bukhari,3513,3251,
bukhari,3514,3252,
bukhari,3515,3253,
bukhari,3517,3256,
bukhari,3518,3257,
bukhari,3519,3258,
bukhari,3520,3259,
bukhari,3521,3260,
bukhari,3522,3261,
bukhari,3523,3255,
bukhari,3525,3263,
bukhari,3527,3264,
bukhari,3532,3268,
bukhari,3535,3271,
bukhari,3538,3274,
bukhari,3541,3277,
bukhari,3542,3278,
bukhari,3543,3279,
bukhari,3544,3280,
bukhari,3546,3282,
bukhari,3547,3283,
bukhari,3548,3284,
bukhari,3549,3285,
bukhari,3550,3286,
bukhari,3552,3288,
bukhari,3553,3289,
bukhari,3554,3290,
bukhari,3559,3295,
bukhari,3561,3297,
bukhari,3562,3298,
bukhari,3563,3299,
bukhari,3564,3300,
bukhari,3566,3302,
bukhari,3568,3303,
bukhari,3570,3305,
bukhari,3571,3306,
bukhari,3572,3307,
bukhari,3574,3309,
bukhari,3575,3310,
bukhari,3579,3314,
bukhari,3580,3315,
bukhari,3581,3316,
bukhari,3582,3317,
bukhari,3583,3318,
bukhari,3584,3319,
bukhari,3585,3320,
bukhari,3586,3321,
bukhari,3591,3324,
bukhari,3592,3325,
bukhari,3594,3327,
bukhari,3595,3328,
bukhari,3596,3329,
bukhari,3597,3330,
bukhari,3599,3332,
bukhari,3600,3333,
bukhari,3602,3334,
bukhari,3603,3335,
bukhari,3604,3336,
bukhari,3605,3337,
bukhari,3606,3338,
bukhari,3607,3339,
bukhari,3608,3340,
bukhari,3611,3342,
bukhari,3612,3343,
bukhari,3613,3344,
bukhari,3615,3346,
bukhari,3619,3350,
bukhari,3622,3352,
bukhari,3626,3354,
bukhari,3628,3356,
bukhari,3629,3357,
bukhari,3630,3358,
bukhari,3631,3359,
bukhari,3632,3360,
bukhari,3633,3361,
bukhari,3634,3362,
bukhari,3635,3363,
bukhari,3637,3365,
bukhari,3638,3366,
bukhari,3639,3367,
bukhari,3640,3368,
bukhari,3641,3369,
bukhari,3643,3370,
bukhari,3645,3372,
bukhari,3647,3374,
bukhari,3648,3375,
bukhari,3649,3376,
bukhari,3650,3377,
bukhari,3651,3378,
bukhari,3653,3380,
bukhari,3654,3381,
bukhari,3656,3383,
bukhari,3657,3384,
bukhari,3658,3385,
bukhari,3660,3387,
bukhari,3661,3388,
bukhari,3662,3389,
bukhari,3666,3393,
bukhari,3668,3394,
bukhari,3671,3395,
bukhari,3672,3396,
bukhari,3673,3397,
bukhari,3674,3398,
bukhari,3675,3399,
bukhari,3676,3400,
bukhari,3677,3401,
bukhari,3678,3402,
bukhari,3680,3404,
bukhari,3681,3405,
bukhari,3682,3406,
bukhari,3683,3407,
bukhari,3684,3408,
bukhari,3685,3409,
bukhari,3686,3410,
bukhari,3690,3414,
bukhari,3692,3416,
bukhari,3693,3417,
bukhari,3696,3420,
bukhari,3698,3422,
bukhari,3700,3424,
bukhari,3701,3425,
bukhari,3702,3426,
bukhari,3704,3428,
bukhari,3705,3429,
bukhari,3707,3431,
bukhari,3708,3432,
bukhari,3709,3433,
bukhari,3710,3434,
bukhari,3713,3436,
bukhari,3716,3438,
bukhari,3717,3439,
bukhari,3718,3440,
bukhari,3719,3441,
bukhari,3720,3442,
bukhari,3721,3443,
bukhari,3723,3444,
bukhari,3724,3445,
bukhari,3725,3446,
bukhari,3726,3447,
bukhari,3727,3448,
bukhari,3728,3449,
bukhari,3730,3451,
bukhari,3732,3453,
bukhari,3734,3454,
bukhari,3735,3455,
bukhari,3737,3456,
bukhari,3739,3457,
bukhari,3741,3458,
bukhari,3742,3459,
bukhari,3743,3460,
bukhari,3744,3461,
bukhari,3745,3462,
bukhari,3746,3463,
bukhari,3747,3464,
bukhari,3748,3465,
bukhari,3749,3466,
bukhari,3750,3467,
bukhari,3751,3468,
bukhari,3754,3471,
bukhari,3755,3472,
bukhari,3756,3473,
bukhari,3760,3476,
bukhari,3761,3477,
bukhari,3762,3478,
bukhari,3763,3479,
bukhari,3764,3480,
bukhari,3765,3481,
bukhari,3766,3482,
bukhari,3767,3483,
bukhari,3769,3485,
bukhari,3771,3487,
bukhari,3772,3488,
bukhari,3775,3491,
bukhari,3776,3492,
bukhari,3778,3494,
bukhari,3779,3495,
bukhari,3781,3497,
bukhari,3782,3498,
bukhari,3784,3500,
bukhari,3786,3502,
bukhari,3787,3503,
bukhari,3788,3504,
bukhari,3790,3506,
bukhari,3793,3509,
bukhari,3794,3510,
bukhari,3795,3511,
bukhari,3796,3512,
bukhari,3797,3513,
bukhari,3798,3514,
bukhari,3799,3515,
bukhari,3800,3516,
bukhari,3801,3517,
bukhari,3803,3519,
bukhari,3804,3520,
bukhari,3805,3521,
bukhari,3806,3522,
bukhari,3807,3523,
bukhari,3808,3524,
bukhari,3809,3525,
bukhari,3810,3526,
bukhari,3812,3528,
bukhari,3813,3529,
bukhari,3814,3530,
bukhari,3815,3531,
bukhari,3816,3532,
bukhari,3817,3533,
bukhari,3818,3534,
bukhari,3819,3535,
bukhari,3820,3536,
bukhari,3822,3537,
bukhari,3823,3538,
bukhari,3824,3539,
bukhari,3827,3541,
bukhari,3829,3542,
bukhari,3831,3544,
bukhari,3832,3545,
bukhari,3834,3547,
bukhari,3835,3548,
bukhari,3836,3549,
bukhari,3839,3552,
bukhari,3841,3553,
bukhari,3842,3554,
bukhari,3844,3556,
bukhari,3845,3557,
bukhari,3848,3559,
bukhari,3849,3560,
bukhari,3850,3561,
bukhari,3851,3562,
bukhari,3852,3563,
bukhari,3853,3564,
bukhari,3855,3566,
bukhari,3856,3567,
bukhari,3857,3568,
bukhari,3858,3569,
bukhari,3859,3570,
bukhari,3861,3572,
bukhari,3862,3573,
bukhari,3863,3574,
bukhari,3864,3575,
bukhari,3865,3576,
bukhari,3867,3578,
bukhari,3868,3579,
bukhari,3869,3580,
bukhari,3870,3581,
bukhari,3872,3583,
bukhari,3873,3584,
bukhari,3874,3585,
bukhari,3875,3586,
bukhari,3876,3587,
bukhari,3877,3588,
bukhari,3879,3590,
bukhari,3881,3592,
bukhari,3883,3594,
bukhari,3885,3596,
bukhari,3890,3601,
bukhari,3892,3603,
bukhari,3895,3606,
bukhari,3899,3610,
bukhari,3900,3611,
bukhari,3901,3612,
bukhari,3902,3613,
bukhari,3903,3614,
bukhari,3904,3615,
bukhari,3905,3616,
bukhari,3909,3619,
bukhari,3910,3620,
bukhari,3911,3621,
bukhari,3913,3623,
bukhari,3915,3624,
bukhari,3916,3625,
bukhari,3917,3626,
bukhari,3919,3627,
bukhari,3921,3628,
bukhari,3922,3629,
bukhari,3924,3631,
bukhari,3928,3635,
bukhari,3930,3637,
bukhari,3931,3638,
bukhari,3932,3639,
bukhari,3933,3640,
bukhari,3936,3643,
bukhari,3937,3644,
bukhari,3938,3645,
bukhari,3940,3646,
bukhari,3941,3647,
bukhari,3942,3648,
bukhari,3943,3649,
bukhari,3944,3650,
bukhari,3945,3651,
bukhari,3946,3652,
bukhari,3947,3653,
bukhari,3949,3655,
bukhari,3953,3659,
bukhari,3960,3665,
bukhari,3961,3666,
bukhari,3962,3667,
bukhari,3963,3668,
bukhari,3965,3669,
bukhari,3966,3670,
bukhari,3967,3671,
bukhari,3968,3672,
bukhari,3969,3673,
bukhari,3970,3674,
bukhari,3971,3675,
bukhari,3972,3676,
bukhari,3973,3677,
bukhari,3975,3678,
bukhari,3976,3679,
bukhari,3977,3680,
bukhari,3981,3682,
bukhari,3983,3684,
bukhari,3984,3685,
bukhari,3985,3686,
bukhari,3988,3689,
bukhari,3991,3691,
bukhari,3992,3692,
bukhari,3993,3693,
bukhari,3995,3694,
bukhari,3997,3696,
bukhari,3998,3697,
bukhari,4001,3700,
bukhari,4003,3702,
bukhari,4004,3703,
bukhari,4006,3705,
bukhari,4007,3706,
bukhari,4014,3711,
bukhari,4015,3712,
bukhari,4017,3713,
bukhari,4018,3714,
bukhari,4019,3715,
bukhari,4020,3716,
bukhari,4021,3717,
bukhari,4022,3718,
bukhari,4023,3719,
bukhari,4024,3720,
bukhari,4025,3721,
bukhari,4026,3722,
bukhari,4027,3723,
bukhari,4028,3724,
bukhari,4029,3725,
bukhari,4030,3726,
bukhari,4031,3727,
bukhari,4032,3728,
bukhari,4036,3730,
bukhari,4038,3732,
bukhari,4039,3733,
bukhari,4040,3734,
bukhari,4041,3735,
bukhari,4042,3736,
bukhari,4044,3738,
bukhari,4045,3739,
bukhari,4048,3742,
bukhari,4050,3744,
bukhari,4051,3745,
bukhari,4052,3746,
bukhari,4053,3747,
bukhari,4055,3749,
bukhari,4056,3750,
bukhari,4057,3751,
bukhari,4058,3752,
bukhari,4059,3753,
bukhari,4061,3754,
bukhari,4062,3755,
bukhari,4063,3756,
bukhari,4065,3758,
bukhari,4066,3759,
bukhari,4067,3760,
bukhari,4068,3761,
bukhari,4069,3762,
bukhari,4072,3764,
bukhari,4074,3766,
bukhari,4075,3767,
bukhari,4076,3768,
bukhari,4077,3769,
bukhari,4078,3770,
bukhari,4080,3771,
bukhari,4082,3773,
bukhari,4083,3774,
bukhari,4084,3775,
bukhari,4085,3776,
bukhari,4086,3777,
bukhari,4087,3778,
bukhari,4089,3780,
bukhari,4091,3782,
bukhari,4092,3783,
bukhari,4094,3785,
bukhari,4095,3786,
bukhari,4097,3788,
bukhari,4098,3789,
bukhari,4101,3792,
bukhari,4102,3793,
bukhari,4103,3794,
bukhari,4104,3795,
bukhari,4105,3796,
bukhari,4106,3797,
bukhari,4107,3798,
bukhari,4109,3800,
bukhari,4110,3801,
bukhari,4111,3802,
bukhari,4112,3803,
bukhari,4114,3805,
bukhari,4115,3806,
bukhari,4116,3807,
bukhari,4117,3808,
bukhari,4118,3809,
bukhari,4119,3810,
bukhari,4120,3811,
bukhari,4121,3812,
bukhari,4122,3813,
bukhari,4123,3814,
bukhari,4127,3815,
bukhari,4129,3817,
bukhari,4131,3818,
bukhari,4133,3820,
bukhari,4134,3821,
bukhari,4135,3822,
bukhari,4138,3823,
bukhari,4140,3825,
bukhari,4142,3827,
bukhari,4144,3829,
bukhari,4147,3832,
bukhari,4148,3833,
bukhari,4151,3836,
bukhari,4152,3837,
bukhari,4153,3838,
bukhari,4156,3840,
bukhari,4158,3841,
bukhari,4159,3842,
bukhari,4161,3843,
bukhari,4162,3844,
bukhari,4163,3845,
bukhari,4164,3846,
bukhari,4165,3847,
bukhari,4166,3848,
bukhari,4167,3849,
bukhari,4168,3850,
bukhari,4170,3852,
bukhari,4171,3853,
bukhari,4172,3854,
bukhari,4173,3855,
bukhari,4174,3856,
bukhari,4175,3857,
bukhari,4176,3858,
bukhari,4177,3859,
bukhari,4179,3860,
bukhari,4181,3861,
bukhari,4182,3862,
bukhari,4183,3863,
bukhari,4185,3865,
bukhari,4186,3866,
bukhari,4188,3867,
bukhari,4189,3868,
bukhari,4190,3869,
bukhari,4191,3870,
bukhari,4192,3871,
bukhari,4193,3872,
bukhari,4195,3874,
bukhari,4196,3875,
bukhari,4197,2726,
bukhari,4198,3877,
bukhari,4201,3880,
bukhari,4205,3883,
bukhari,4206,3884,
bukhari,4208,3886,
bukhari,4209,6666,
bukhari,4211,3889,
bukhari,4212,3890,
bukhari,4213,3891,
bukhari,4214,3892,
bukhari,4216,3894,
bukhari,4217,3895,
bukhari,4218,3896,
bukhari,4219,3897,
bukhari,4220,3898,
bukhari,4224,3900,
bukhari,4226,3901,
bukhari,4227,3902,
bukhari,4228,3903,
bukhari,4230,3905,
bukhari,4232,3906,
bukhari,4233,3907,
bukhari,4234,3908,
bukhari,4236,3910,
bukhari,4239,3912,
bukhari,4242,3914,
bukhari,4243,3915,
bukhari,4245,3916,
bukhari,4249,3918,
bukhari,4250,3919,
bukhari,4251,3920,
bukhari,4252,3921,
bukhari,4254,3922,
bukhari,4255,3923,
bukhari,4256,3924,
bukhari,4257,3925,
bukhari,4260,3927,
bukhari,4261,3928,
bukhari,4262,3929,
bukhari,4263,3930,
bukhari,4264,3931,
bukhari,4265,3932,
bukhari,4266,3933,
bukhari,4267,3934,
bukhari,4269,3935,
bukhari,4272,3937,
bukhari,4273,3938,
bukhari,4276,3941,
bukhari,4277,3942,
bukhari,4279,3943,
bukhari,4281,3945,
bukhari,4283,3946,
bukhari,4284,3947,
bukhari,4286,3949,
bukhari,4287,3950,
bukhari,4288,3951,
bukhari,4290,3952,
bukhari,4292,3954,
bukhari,4293,3955,
bukhari,4295,3957,
bukhari,4296,3958,
bukhari,4297,3959,
bukhari,4298,3960,
bukhari,4299,3961,
bukhari,4303,3964,
bukhari,4306,3966,
bukhari,4308,3967,
bukhari,4311,3969,
bukhari,4312,3970,
bukhari,4313,3971,
bukhari,4314,3972,
bukhari,4315,3973,
bukhari,4316,3974,
bukhari,4319,3976,
bukhari,4324,3980,
bukhari,4325,3981,
bukhari,4327,3982,
bukhari,4329,3984,
bukhari,4332,3987,
bukhari,4333,3988,
bukhari,4335,3990,
bukhari,4337,3992,
bukhari,4338,3993,
bukhari,4339,3994,
bukhari,4340,3995,
bukhari,4342,3996,
bukhari,4343,3997,
bukhari,4345,3998,
bukhari,4346,3999,
bukhari,4347,4000,
bukhari,4348,4001,
bukhari,4350,4003,
bukhari,4351,4004,
bukhari,4354,4006,
bukhari,4355,4007,
bukhari,4357,4009,
bukhari,4358,4010,
bukhari,4359,4011,
bukhari,4360,4012,
bukhari,4361,4013,
bukhari,4363,4015,
bukhari,4364,4016,
bukhari,4365,4017,
bukhari,4366,4018,
bukhari,4367,4019,
bukhari,4368,4020,
bukhari,4369,4021,
bukhari,4370,4022,
bukhari,4371,4023,
bukhari,4377,4027,
bukhari,4379,4028,
bukhari,4380,4029,
bukhari,4381,4030,
bukhari,4382,4031,
bukhari,4383,4032,
bukhari,4384,4033,
bukhari,4385,4034,
bukhari,4386,4035,
bukhari,4389,4038,
bukhari,4391,4040,
bukhari,4392,4041,
bukhari,4393,4042,
bukhari,4395,4044,
bukhari,4396,4045,
bukhari,4397,4046,
bukhari,4398,4047,
bukhari,4399,4048,
bukhari,4400,4049,
bukhari,4403,4051,
bukhari,4405,4053,
bukhari,4406,4054,
bukhari,4407,4055,
bukhari,4408,4056,
bukhari,4409,4057,
bukhari,4411,4059,
bukhari,4412,4060,
bukhari,4413,4061,
bukhari,4414,4062,
bukhari,4415,4063,
bukhari,4416,4064,
bukhari,4417,4065,
bukhari,4419,4067,
bukhari,4420,4068,
bukhari,4421,4069,
bukhari,4423,4071,
bukhari,4427,4075,
bukhari,4430,4077,
bukhari,4431,4078,
bukhari,4435,4081,
bukhari,4436,4082,
bukhari,4437,2010,
bukhari,4438,4084,
bukhari,4439,4085,
bukhari,4441,4087,
bukhari,4444,4089,
bukhari,4445,4090,
bukhari,4447,4092,
bukhari,4449,4094,
bukhari,4450,4095,
bukhari,4457,4098,
bukhari,4458,4099,
bukhari,4459,4100,
bukhari,4460,4101,
bukhari,4461,4102,
bukhari,4462,4103,
bukhari,4463,4104,
bukhari,4465,4105,
bukhari,4468,4108,
bukhari,4470,4110,
bukhari,4473,4113,
bukhari,4474,4114,
bukhari,4475,4115,
bukhari,4477,4117,
bukhari,4478,4118,
bukhari,4479,4119,
bukhari,4480,4120,
bukhari,4481,4121,
bukhari,4483,4123,
bukhari,4484,4124,
bukhari,4486,4126,
bukhari,4487,4127,
bukhari,4488,4128,
bukhari,4490,4130,
bukhari,4491,4131,
bukhari,4492,4132,
bukhari,4494,4134,
bukhari,4496,4136,
bukhari,4498,4138,
bukhari,4499,4139,
bukhari,4500,4140,
bukhari,4501,4141,
bukhari,4503,4143,
bukhari,4504,4144,
bukhari,4505,4145,
bukhari,4506,4146,
bukhari,4507,4147,
bukhari,4508,4148,
bukhari,4509,4149,
bukhari,4510,4150,
bukhari,4511,4151,
bukhari,4515,4153,
bukhari,4516,4154,
bukhari,4517,4155,
bukhari,4518,4156,
bukhari,4519,4157,
bukhari,4520,4158,
bukhari,4521,4159,
bukhari,4522,4160,
bukhari,4523,4161,
bukhari,4527,4163,
bukhari,4528,4164,
bukhari,4529,4165,
bukhari,4530,4166,
bukhari,4531,4167,
bukhari,4532,4168,
bukhari,4533,4169,
bukhari,4534,4170,
bukhari,4535,4171,
bukhari,4536,4172,
bukhari,4538,4174,
bukhari,4539,4175,
bukhari,4543,4179,
bukhari,4544,4180,
bukhari,4545,4181,
bukhari,4546,4182,
bukhari,4547,4183,
bukhari,4550,4185,
bukhari,4551,4186,
bukhari,4552,4187,
bukhari,4553,4188,
bukhari,4555,2875,
bukhari,4557,4191,
bukhari,4558,4192,
bukhari,4561,4195,
bukhari,4562,4196,
bukhari,4563,4197,
bukhari,4564,4198,
bukhari,4569,4203,
bukhari,4570,4204,
bukhari,4571,4205,
bukhari,4572,4206,
bukhari,4573,4207,
bukhari,4575,4209,
bukhari,4576,4210,
bukhari,4579,4213,
bukhari,4580,4214,
bukhari,4581,4215,
bukhari,4583,4217,
bukhari,4584,4218,
bukhari,4585,4219,
bukhari,4586,4220,
bukhari,4587,4221,
bukhari,4589,4223,
bukhari,4590,4224,
bukhari,4591,4225,
bukhari,4592,4226,
bukhari,4593,4227,
bukhari,4594,4228,
bukhari,4595,3660,
bukhari,4596,4230,
bukhari,4597,4231,
bukhari,4599,4233,
bukhari,4600,4234,
bukhari,4603,4237,
bukhari,4605,4239,
bukhari,4606,4240,
bukhari,4609,4243,
bukhari,4610,4244,
bukhari,4611,4245,
bukhari,4613,4247,
bukhari,4614,4248,
bukhari,4615,4249,
bukhari,4616,4250,
bukhari,4617,4251,
bukhari,4618,4252,
bukhari,4619,4253,
bukhari,4620,4254,
bukhari,4621,4255,
bukhari,4622,4256,
bukhari,4623,4257,
bukhari,4624,4258,
bukhari,4625,4259,
bukhari,4626,4260,
bukhari,4630,4264,
bukhari,4631,4265,
bukhari,4632,4266,
bukhari,4633,4267,
bukhari,4634,4268,
bukhari,4635,4269,
bukhari,4639,4273,
bukhari,4640,4274,
bukhari,4641,4275,
bukhari,4643,4277,
bukhari,4645,4278,
bukhari,4646,4279,
bukhari,4647,4280,
bukhari,4648,4281,
bukhari,4649,4282,
bukhari,4650,4283,
bukhari,4651,4284,
bukhari,4652,4285,
bukhari,4653,4286,
bukhari,4654,4287,
bukhari,4656,4289,
bukhari,4657,4290,
bukhari,4658,4291,
bukhari,4659,4292,
bukhari,4660,4293,
bukhari,4661,1316,
bukhari,4662,4294,
bukhari,4663,4295,
bukhari,4664,4296,
bukhari,4665,4297,
bukhari,4666,4298,
bukhari,4667,4299,
bukhari,4668,4300,
bukhari,4669,5632,
bukhari,4670,2651,
bukhari,4671,4303,
bukhari,4673,4305,
bukhari,4674,4306,
bukhari,4675,4307,
bukhari,4676,4308,
bukhari,4677,4309,
bukhari,4681,4313,
bukhari,4682,4314,
bukhari,4683,4315,
bukhari,4685,4317,
bukhari,4686,4318,
bukhari,4687,4319,
bukhari,4689,4321,
bukhari,4691,4323,
bukhari,4692,4324,
bukhari,4693,4325,
bukhari,4694,4326,
bukhari,4697,4328,
bukhari,4698,4329,
bukhari,4699,4330,
bukhari,4700,4331,
bukhari,4703,4334,
bukhari,4704,4335,
bukhari,4705,4336,
bukhari,4706,4337,
bukhari,4707,4338,
bukhari,4709,4340,
bukhari,4711,4342,
bukhari,4712,4343,
bukhari,4713,6440,
bukhari,4714,4345,
bukhari,4715,4346,
bukhari,4717,4348,
bukhari,4718,4349,
bukhari,4719,4350,
bukhari,4720,4351,
bukhari,4723,4354,
bukhari,4724,4355,
bukhari,4727,4358,
bukhari,4729,4360,
bukhari,4731,4362,
bukhari,4732,4363,
bukhari,4733,4364,
bukhari,4734,4365,
bukhari,4736,4367,
bukhari,4737,4368,
bukhari,4738,4369,
bukhari,4739,4370,
bukhari,4740,4371,
bukhari,4742,4373,
bukhari,4743,4374,
bukhari,4744,4375,
bukhari,4745,4376,
bukhari,4746,4377,
bukhari,4748,4379,
bukhari,4749,4380,
bukhari,4751,4382,
bukhari,4753,4384,
bukhari,4754,1660,
bukhari,4755,4385,
bukhari,4756,4386,
bukhari,4759,4387,
bukhari,4761,4389,
bukhari,4764,4392,
bukhari,4765,4393,
bukhari,4766,4394,
bukhari,4769,4396,
bukhari,4773,4400,
bukhari,4774,4401,
bukhari,4777,4404,
bukhari,4780,4407,
bukhari,4782,4409,
bukhari,4783,4410,
bukhari,4787,4413,
bukhari,4788,4414,
bukhari,4789,4415,
bukhari,4790,4416,
bukhari,4791,4417,
bukhari,4794,4420,
bukhari,4795,4421,
bukhari,4800,4426,
bukhari,4801,4427,
bukhari,4802,4428,
bukhari,4803,4429,
bukhari,4805,5987,
bukhari,4806,4432,
bukhari,4807,4433,
bukhari,4808,4434,
bukhari,4809,4435,
bukhari,4810,4436,
bukhari,4811,4437,
bukhari,4813,4439,
bukhari,4814,4440,
bukhari,4816,4442,
bukhari,4819,4445,
bukhari,4820,4446,
bukhari,4821,4447,
bukhari,4822,4448,
bukhari,4823,4449,
bukhari,4825,4451,
bukhari,4829,4454,
bukhari,4830,4455,
bukhari,4833,4456,
bukhari,4835,4458,
bukhari,4836,4459,
bukhari,4837,4460,
bukhari,4838,4461,
bukhari,4840,4463,
bukhari,4841,4464,
bukhari,4844,4466,
bukhari,4845,4467,
bukhari,4846,4468,
bukhari,4847,4469,
bukhari,4848,4470,
bukhari,4849,4471,
bukhari,4851,4473,
bukhari,4852,4474,
bukhari,4854,4476,
bukhari,4855,4477,
bukhari,4856,4478,
bukhari,4857,4479,
bukhari,4858,4480,
bukhari,4859,4481,
bukhari,4860,4482,
bukhari,4861,4483,
bukhari,4863,4485,
bukhari,4864,4486,
bukhari,4865,4487,
bukhari,4866,4488,
bukhari,4867,4489,
bukhari,4869,4491,
bukhari,4870,4492,
bukhari,4871,4493,
bukhari,4872,4494,
bukhari,4873,4495,
bukhari,4875,4497,
bukhari,4876,4498,
bukhari,4877,4499,
bukhari,4878,4500,
bukhari,4880,4501,
bukhari,4883,4504,
bukhari,4884,4505,
bukhari,4885,4506,
bukhari,4886,4507,
bukhari,4887,4508,
bukhari,4888,4509,
bukhari,4889,4510,
bukhari,4890,4511,
bukhari,4891,4512,
bukhari,4892,4513,
bukhari,4893,4514,
bukhari,4895,4516,
bukhari,4897,4518,
bukhari,4899,4519,
bukhari,4901,4521,
bukhari,4902,4522,
bukhari,4903,4523,
bukhari,4905,4525,
bukhari,4907,4527,
bukhari,4908,4528,
bukhari,4909,4529,
bukhari,4911,4530,
bukhari,4912,4531,
bukhari,4914,4533,
bukhari,4915,4534,
bukhari,4916,4535,
bukhari,4917,4536,
bukhari,4918,4537,
bukhari,4919,4538,
bukhari,4921,731,
bukhari,4922,4541,
bukhari,4923,4542,
bukhari,4924,4543,
bukhari,4926,4545,
bukhari,4927,4546,
bukhari,4928,4547,
bukhari,4930,4549,
bukhari,4931,3070,
bukhari,4931.2,4550,
bukhari,4932,4551,
bukhari,4933,4552,
bukhari,4934,1649,
bukhari,4935,4554,
bukhari,4936,4555,
bukhari,4938,4557,
bukhari,4939,4558,
bukhari,4940,4559,
bukhari,4941,4560,
bukhari,4943,4562,
bukhari,4944,4563,
bukhari,4945,4564,
bukhari,4946,4565,
bukhari,4947,4566,
bukhari,4948,4567,
bukhari,4949,4568,
bukhari,4950,4569,
bukhari,4951,4570,
bukhari,4954,4572,
bukhari,4958,4576,
bukhari,4959,4577,
bukhari,4960,4578,
bukhari,4961,4579,
bukhari,4962,4580,
bukhari,4964,4582,
bukhari,4965,4583,
bukhari,4966,4584,
bukhari,4969,4587,
bukhari,4971,4589,
bukhari,4972,4590,
bukhari,4973,4591,
bukhari,4975,4593,
bukhari,4976,4594,
bukhari,4977,4595,
bukhari,4979,4596,
bukhari,4980,4597,
bukhari,4981,4598,
bukhari,4982,4599,
bukhari,4983,4600,
bukhari,4984,4601,
bukhari,4985,4602,
bukhari,4986,4603,
bukhari,4987,4604,
bukhari,4994,4610,
bukhari,4995,4611,
bukhari,4996,4612,
bukhari,4998,4614,
bukhari,4999,4615,
bukhari,5001,4617,
bukhari,5003,4619,
bukhari,5004,4620,
bukhari,5005,4621,
bukhari,5006,4622,
bukhari,5007,4623,
bukhari,5008,4624,
bukhari,5011,4625,
bukhari,5012,4626,
bukhari,5015,4628,
bukhari,5017,4630,
bukhari,5019,4631,
bukhari,5020,4632,
bukhari,5021,4633,
bukhari,5022,4634,
bukhari,5026,4638,
bukhari,5027,4639,
bukhari,5028,4640,
bukhari,5029,4641,
bukhari,5032,4644,
bukhari,5034,4646,
bukhari,5035,4647,
bukhari,5036,4648,
bukhari,5037,4649,
bukhari,5038,4650,
bukhari,5039,4651,
bukhari,5042,4654,
bukhari,5043,4655,
bukhari,5044,4656,
bukhari,5045,4657,
bukhari,5046,4658,
bukhari,5047,4659,
bukhari,5048,4660,
bukhari,5049,4661,
bukhari,5051,4663,
bukhari,5052,4664,
bukhari,5053,4665,
bukhari,5054,4666,
bukhari,5055,4667,
bukhari,5056,4668,
bukhari,5057,4669,
bukhari,5058,4670,
bukhari,5059,4671,
bukhari,5060,4672,
bukhari,5061,4673,
bukhari,5062,4674,
bukhari,5063,4675,
bukhari,5064,4676,
bukhari,5067,4679,
bukhari,5069,4681,
bukhari,5070,4682,
bukhari,5071,4683,
bukhari,5072,4684,
bukhari,5073,4685,
bukhari,5075,4686,
bukhari,5079,4689,
bukhari,5080,4690,
bukhari,5081,4691,
bukhari,5083,4693,
bukhari,5084,4694,
bukhari,5086,4696,
bukhari,5087,4697,
bukhari,5090,4700,
bukhari,5091,4701,
bukhari,5093,4703,
bukhari,5096,4706,
bukhari,5097,4707,
bukhari,5098,4708,
bukhari,5099,4709,
bukhari,5100,4710,
bukhari,5101,4711,
bukhari,5102,4712,
bukhari,5104,4714,
bukhari,5106,4715,
bukhari,5107,4716,
bukhari,5108,4717,
bukhari,5111,4719,
bukhari,5112,4720,
bukhari,5113,4721,
bukhari,5114,4722,
bukhari,5116,4724,
bukhari,5118,4725,
bukhari,5120,4726,
bukhari,5125,4730,
bukhari,5126,4731,
bukhari,5127,4732,
bukhari,5128,4733,
bukhari,5129,4734,
bukhari,5130,4735,
bukhari,5131,4736,
bukhari,5132,4737,
bukhari,5137,4742,
bukhari,5138,4743,
bukhari,5141,4745,
bukhari,5142,4746,
bukhari,5146,4749,
bukhari,5147,4750,
bukhari,5148,4751,
bukhari,5149,4752,
bukhari,5150,4753,
bukhari,5151,4754,
bukhari,5152,4755,
bukhari,5153,4756,
bukhari,5154,4757,
bukhari,5155,4758,
bukhari,5157,4760,
bukhari,5158,4761,
bukhari,5159,4762,
bukhari,5160,4763,
bukhari,5161,4764,
bukhari,5162,4765,
bukhari,5164,4766,
bukhari,5165,4767,
bukhari,5166,4768,
bukhari,5167,4769,
bukhari,5168,4770,
bukhari,5169,4771,
bukhari,5170,4772,
bukhari,5171,4773,
bukhari,5172,4774,
bukhari,5174,4776,
bukhari,5175,4777,
bukhari,5178,4780,
bukhari,5179,4781,
bukhari,5180,4782,
bukhari,5181,4783,
bukhari,5184,4786,
bukhari,5186,4787,
bukhari,5189,4790,
bukhari,5194,4795,
bukhari,5196,4797,
bukhari,5199,4800,
bukhari,5200,4801,
bukhari,5201,4802,
bukhari,5202,4803,
bukhari,5203,4804,
bukhari,5205,4806,
bukhari,5206,4807,
bukhari,5207,4808,
bukhari,5211,4810,
bukhari,5212,4811,
bukhari,5213,4812,
bukhari,5214,4813,
bukhari,5217,4816,
bukhari,5218,4817,
bukhari,5219,4818,
bukhari,5220,4819,
bukhari,5221,4820,
bukhari,5222,4821,
bukhari,5223,4822,
bukhari,5224,4823,
bukhari,5225,4824,
bukhari,5226,5077,
bukhari,5227,4826,
bukhari,5229,4828,
bukhari,5230,4829,
bukhari,5231,4830,
bukhari,5232,4831,
bukhari,5233,4832,
bukhari,5234,4833,
bukhari,5235,6294,
bukhari,5236,4835,
bukhari,5238,4837,
bukhari,5239,4838,
bukhari,5240,4839,
bukhari,5242,4841,
bukhari,5244,4843,
bukhari,5245,4844,
bukhari,5247,4846,
bukhari,5248,4847,
bukhari,5249,4848,
bukhari,5252,4851,
bukhari,5254,4852,
bukhari,5255,4853,
bukhari,5258,4854,
bukhari,5259,4855,
bukhari,5261,4857,
bukhari,5263,4859,
bukhari,5265,4860,
bukhari,5266,4861,
bukhari,5267,4862,
bukhari,5269,4864,
bukhari,5270,4865,
bukhari,5273,4867,
bukhari,5274,4868,
bukhari,5276,4869,
bukhari,5278,4870,
bukhari,5279,4871,
bukhari,5280,4872,
bukhari,5281,4873,
bukhari,5282,4874,
bukhari,5283,4875,
bukhari,5284,4876,
bukhari,5285,4877,
bukhari,5286,4878,
bukhari,5289,4880,
bukhari,5290,4881,
bukhari,5292,4882,
bukhari,5293,4883,
bukhari,5294,4884,
bukhari,5296,4885,
bukhari,5297,4886,
bukhari,5298,4887,
bukhari,5300,4888,
bukhari,5301,4889,
bukhari,5302,4890,
bukhari,5303,4891,
bukhari,5304,4892,
bukhari,5305,4893,
bukhari,5307,4895,
bukhari,5308,4896,
bukhari,5309,4897,
bukhari,5310,4898,
bukhari,5311,4899,
bukhari,5312,4900,
bukhari,5314,4902,
bukhari,5315,4903,
bukhari,5316,4904,
bukhari,5317,4905,
bukhari,5319,4907,
bukhari,5320,4908,
bukhari,5322,4909,
bukhari,5324,4910,
bukhari,5326,4911,
bukhari,5328,4912,
bukhari,5330,4914,
bukhari,5331,4915,
bukhari,5332,4916,
bukhari,5333,4917,
bukhari,5334,4918,
bukhari,5335,4919,
bukhari,5336,4920,
bukhari,5338,4921,
bukhari,5340,4922,
bukhari,5341,4923,
bukhari,5342,4924,
bukhari,5344,4925,
bukhari,5345,4926,
bukhari,5346,4927,
bukhari,5347,4928,
bukhari,5348,4929,
bukhari,5349,4930,
bukhari,5351,4932,
bukhari,5353,4934,
bukhari,5354,4935,
bukhari,5357,4938,
bukhari,5359,4940,
bukhari,5360,4941,
bukhari,5361,4942,
bukhari,5362,4943,
bukhari,5363,4944,
bukhari,5365,4946,
bukhari,5366,4947,
bukhari,5367,4948,
bukhari,5369,4950,
bukhari,5374,4955,
bukhari,5375,4956,
bukhari,5376,4957,
bukhari,5377,4958,
bukhari,5378,4959,
bukhari,5380,4961,
bukhari,5382,4963,
bukhari,5383,4964,
bukhari,5384,4965,
bukhari,5385,4966,
bukhari,5387,4968,
bukhari,5388,4969,
bukhari,5390,4971,
bukhari,5392,4973,
bukhari,5393,4974,
bukhari,5394,4975,
bukhari,5395,4976,
bukhari,5397,4978,
bukhari,5398,4979,
bukhari,5399,4980,
bukhari,5402,4983,
bukhari,5404,4985,
bukhari,5406,4986,
bukhari,5407,4987,
bukhari,5409,4989,
bukhari,5411,4991,
bukhari,5412,4992,
bukhari,5413,4993,
bukhari,5414,4994,
bukhari,5415,4995,
bukhari,5416,4996,
bukhari,5418,4998,
bukhari,5419,4999,
bukhari,5420,5000,
bukhari,5421,5001,
bukhari,5422,5002,
bukhari,5423,5003,
bukhari,5424,5004,
bukhari,5425,5005,
bukhari,5426,5006,
bukhari,5427,5007,
bukhari,5428,5008,
bukhari,5429,5009,
bukhari,5430,5010,
bukhari,5431,5011,
bukhari,5432,5012,
bukhari,5433,5013,
bukhari,5434,5014,
bukhari,5435,5015,
bukhari,5437,5017,
bukhari,5438,5018,
bukhari,5440,5020,
bukhari,5441,5021,
bukhari,5441.2,5022,
bukhari,5444,5024,
bukhari,5445,5025,
bukhari,5446,5026,
bukhari,5447,5027,
bukhari,5448,5028,
bukhari,5449,5029,
bukhari,5450,5030,
bukhari,5451,5031,
bukhari,5454,5034,
bukhari,5456,5035,
bukhari,5458,5037,
bukhari,5459,5038,
bukhari,5460,5039,
bukhari,5461,5040,
bukhari,5466,5044,
bukhari,5467,5045,
bukhari,5468,5046,
bukhari,5469,5047,
bukhari,5470,5048,
bukhari,5471,5049,
bukhari,5472,5050,
bukhari,5473,5051,
bukhari,5475,5053,
bukhari,5476,5054,
bukhari,5477,5055,
bukhari,5478,5056,
bukhari,5479,5057,
bukhari,5481,5059,
bukhari,5483,5061,
bukhari,5484,5062,
bukhari,5486,5063,
bukhari,5487,5064,
bukhari,5488,5065,
bukhari,5489,5066,
bukhari,5490,5067,
bukhari,5493,5069,
bukhari,5494,5070,
bukhari,5495,5071,
bukhari,5496,5072,
bukhari,5497,5073,
bukhari,5498,5074,
bukhari,5499,5075,
bukhari,5500,5076,
bukhari,5502,5078,
bukhari,5503,5079,
bukhari,5504,5080,
bukhari,5505,5081,
bukhari,5506,5082,
bukhari,5507,5083,
bukhari,5508,5084,
bukhari,5509,5085,
bukhari,5510,5086,
bukhari,5511,5087,
bukhari,5512,5088,
bukhari,5513,5089,
bukhari,5514,5090,
bukhari,5515,5091,
bukhari,5516,5092,
bukhari,5517,5093,
bukhari,5518,5094,
bukhari,5519,5095,
bukhari,5520,5096,
bukhari,5521,5097,
bukhari,5522,2364,
bukhari,5524,5099,
bukhari,5526,5100,
bukhari,5527,5771,
bukhari,5528,5102,
bukhari,5529,5103,
bukhari,5532,5106,
bukhari,5533,5107,
bukhari,5537,5111,
bukhari,5541,5115,
bukhari,5542,5116,
bukhari,5544,5118,
bukhari,5545,5119,
bukhari,5546,5120,
bukhari,5547,5121,
bukhari,5548,5122,
bukhari,5549,5123,
bukhari,5550,5124,
bukhari,5551,5125,
bukhari,5552,5126,
bukhari,5553,5127,
bukhari,5556,5130,
bukhari,5558,5132,
bukhari,5559,5133,
bukhari,5560,5134,
bukhari,5561,5135,
bukhari,5562,5136,
bukhari,5563,5137,
bukhari,5565,5139,
bukhari,5566,5140,
bukhari,5567,5141,
bukhari,5568,5142,
bukhari,5569,5143,
bukhari,5570,5144,
bukhari,5571,5145,
bukhari,5574,5146,
bukhari,5579,5151,
bukhari,5580,5152,
bukhari,5581,5153,
bukhari,5582,5154,
bukhari,5583,5155,
bukhari,5584,5156,
bukhari,5587,5159,
bukhari,5588,5160,
bukhari,5589,5161,
bukhari,5592,5163,
bukhari,5593,5164,
bukhari,5594,5165,
bukhari,5595,5166,
bukhari,5597,5168,
bukhari,5598,5169,
bukhari,5599,5170,
bukhari,5600,5171,
bukhari,5601,5172,
bukhari,5602,5173,
bukhari,5604,5175,
bukhari,5605,5176,
bukhari,5607,5177,
bukhari,5609,5179,
bukhari,5613,5182,
bukhari,5615,5184,
bukhari,5616,5185,
bukhari,5617,5186,
bukhari,5619,5188,
bukhari,5620,5189,
bukhari,5621,5190,
bukhari,5622,5191,
bukhari,5623,5192,
bukhari,5624,5193,
bukhari,5627,5196,
bukhari,5628,5197,
bukhari,5630,5199,
bukhari,5631,5200,
bukhari,5632,5201,
bukhari,5633,5202,
bukhari,5634,5203,
bukhari,5635,5204,
bukhari,5638,5207,
bukhari,5639,5208,
bukhari,5640,5209,
bukhari,5642,5210,
bukhari,5643,5211,
bukhari,5644,5212,
bukhari,5645,5213,
bukhari,5646,5214,
bukhari,5647,5215,
bukhari,5648,5216,
bukhari,5649,5217,
bukhari,5650,5218,
bukhari,5651,5219,
bukhari,5652,5220,
bukhari,5653,5221,
bukhari,5655,5223,
bukhari,5658,5226,
bukhari,5659,5227,
bukhari,5660,5228,
bukhari,5661,5229,
bukhari,5662,5230,
bukhari,5665,5233,
bukhari,5666,5234,
bukhari,5667,5235,
bukhari,5668,5236,
bukhari,5669,5237,
bukhari,5670,5238,
bukhari,5671,5239,
bukhari,5672,5240,
bukhari,5674,5242,
bukhari,5675,5243,
bukhari,5676,5244,
bukhari,5678,5246,
bukhari,5679,5247,
bukhari,5680,5248,
bukhari,5681,5249,
bukhari,5682,5250,
bukhari,5683,5251,
bukhari,5685,5253,
bukhari,5686,5254,
bukhari,5687,5255,
bukhari,5689,5257,
bukhari,5690,5258,
bukhari,5693,5260,
bukhari,5695,5262,
bukhari,5696,5263,
bukhari,5697,5264,
bukhari,5699,5265,
bukhari,5701,5266,
bukhari,5702,5267,
bukhari,5703,5268,
bukhari,5704,5269,
bukhari,5705,5270,
bukhari,5706,5271,
bukhari,5708,5272,
bukhari,5709,5273,
bukhari,5713,5274,
bukhari,5714,5275,
bukhari,5718,5279,
bukhari,5721,5280,
bukhari,5722,5281,
bukhari,5723,5282,
bukhari,5724,5283,
bukhari,5725,5284,
bukhari,5726,5285,
bukhari,5728,5287,
bukhari,5731,5290,
bukhari,5733,5292,
bukhari,5734,5293,
bukhari,5735,5294,
bukhari,5736,5295,
bukhari,5737,5296,
bukhari,5738,5297,
bukhari,5739,5298,
bukhari,5741,5300,
bukhari,5742,5301,
bukhari,5743,5302,
bukhari,5744,5303,
bukhari,5745,5304,
bukhari,5746,5305,
bukhari,5747,5306,
bukhari,5748,5307,
bukhari,5750,5309,
bukhari,5751,5310,
bukhari,5752,5311,
bukhari,5753,5312,
bukhari,5755,5314,
bukhari,5757,5316,
bukhari,5758,5317,
bukhari,5760,5318,
bukhari,5761,5319,
bukhari,5762,5320,
bukhari,5763,5321,
bukhari,5765,5323,
bukhari,5767,5325,
bukhari,5768,5326,
bukhari,5769,5327,
bukhari,5772,5329,
bukhari,5776,5331,
bukhari,5777,5332,
bukhari,5779,5334,
bukhari,5781,5335,
bukhari,5782,5336,
bukhari,5783,5337,
bukhari,5784,6502,
bukhari,5785,5339,
bukhari,5786,5340,
bukhari,5787,5341,
bukhari,5790,5344,
bukhari,5791,5345,
bukhari,5794,5348,
bukhari,5796,5350,
bukhari,5797,5351,
bukhari,5798,5352,
bukhari,5799,5353,
bukhari,5800,5354,
bukhari,5804,5357,
bukhari,5808,5361,
bukhari,5809,5362,
bukhari,5810,5363,
bukhari,5812,5365,
bukhari,5813,5366,
bukhari,5817,5369,
bukhari,5818,5370,
bukhari,5819,5371,
bukhari,5822,5374,
bukhari,5823,5375,
bukhari,5824,5376,
bukhari,5825,5377,
bukhari,5826,5378,
bukhari,5828,5380,
bukhari,5829,5381,
bukhari,5830,5382,
bukhari,5832,5384,
bukhari,5834,5386,
bukhari,5835,5387,
bukhari,5837,5389,
bukhari,5838,5390,
bukhari,5839,5391,
bukhari,5840,5392,
bukhari,5841,5393,
bukhari,5845,5397,
bukhari,5848,5400,
bukhari,5850,5402,
bukhari,5851,5403,
bukhari,5853,5405,
bukhari,5854,5406,
bukhari,5857,5409,
bukhari,5858,5410,
bukhari,5859,5411,
bukhari,5860,5412,
bukhari,5861,5413,
bukhari,5863,5414,
bukhari,5864,5415,
bukhari,5866,5417,
bukhari,5867,5418,
bukhari,5869,5420,
bukhari,5870,5421,
bukhari,5872,5423,
bukhari,5873,5424,
bukhari,5874,5425,
bukhari,5875,5426,
bukhari,5876,5427,
bukhari,5877,5428,
bukhari,5878,5429,
bukhari,5880,5430,
bukhari,5881,5431,
bukhari,5882,5432,
bukhari,5883,5433,
bukhari,5884,5434,
bukhari,5886,5436,
bukhari,5887,5437,
bukhari,5888,5438,
bukhari,5889,5439,
bukhari,5890,5440,
bukhari,5893,5443,
bukhari,5894,5444,
bukhari,5895,5445,
bukhari,5896,5446,
bukhari,5897,5447,
bukhari,5899,5448,
bukhari,5900,5449,
bukhari,5901,5450,
bukhari,5904,5453,
bukhari,5905,5454,
bukhari,5906,5455,
bukhari,5907,5456,
bukhari,5909,5457,
bukhari,5913,5458,
bukhari,5915,5460,
bukhari,5916,5461,
bukhari,5918,5463,
bukhari,5919,5464,
bukhari,5920,5465,
bukhari,5921,5466,
bukhari,5922,5467,
bukhari,5923,5468,
bukhari,5926,5471,
bukhari,5927,5472,
bukhari,5928,5473,
bukhari,5929,5474,
bukhari,5930,5475,
bukhari,5931,5476,
bukhari,5932,5477,
bukhari,5934,5478,
bukhari,5935,5479,
bukhari,5936,5480,
bukhari,5937,5481,
bukhari,5938,5482,
bukhari,5939,5483,
bukhari,5940,5484,
bukhari,5941,5485,
bukhari,5942,5486,
bukhari,5943,5487,
bukhari,5944,5488,
bukhari,5945,5489,
bukhari,5946,5490,
bukhari,5947,5491,
bukhari,5948,5492,
bukhari,5949,5493,
bukhari,5950,5494,
bukhari,5951,5495,
bukhari,5952,5496,
bukhari,5953,5497,
bukhari,5954,5498,
bukhari,5955,5499,
bukhari,5957,5500,
bukhari,5958,5501,
bukhari,5959,5502,
bukhari,5960,5503,
bukhari,5961,5504,
bukhari,5962,5505,
bukhari,5964,5507,
bukhari,5965,5508,
bukhari,5966,5509,
bukhari,5968,5511,
bukhari,5969,5512,
bukhari,5970,5513,
bukhari,5971,5514,
bukhari,5972,5515,
bukhari,5973,5516,
bukhari,5974,5517,
bukhari,5975,5518,
bukhari,5976,5519,
bukhari,5977,5520,
bukhari,5978,5521,
bukhari,5980,5522,
bukhari,5982,5524,
bukhari,5985,5526,
bukhari,5987,5528,
bukhari,5988,5529,
bukhari,5989,5530,
bukhari,5990,5531,
bukhari,5991,5532,
bukhari,5993,5534,
bukhari,5994,5535,
bukhari,5996,5537,
bukhari,5997,5538,
bukhari,5998,5539,
bukhari,5999,5540,
bukhari,6000,5541,
bukhari,6001,5542,
bukhari,6002,5543,
bukhari,6003,5544,
bukhari,6005,5546,
bukhari,6006,5547,
bukhari,6007,5548,
bukhari,6009,5550,
bukhari,6011,5552,
bukhari,6012,5553,
bukhari,6014,5555,
bukhari,6015,5556,
bukhari,6016,5557,
bukhari,6017,5558,
bukhari,6018,5559,
bukhari,6019,5560,
bukhari,6020,5561,
bukhari,6021,5562,
bukhari,6022,5563,
bukhari,6023,5564,
bukhari,6025,5566,
bukhari,6027,5567,
bukhari,6029,5569,
bukhari,6030,5570,
bukhari,6031,5571,
bukhari,6032,5572,
bukhari,6033,5573,
bukhari,6034,5574,
bukhari,6038,5578,
bukhari,6040,5580,
bukhari,6041,5581,
bukhari,6042,5582,
bukhari,6043,5583,
bukhari,6044,5584,
bukhari,6045,5585,
bukhari,6047,5587,
bukhari,6049,5589,
bukhari,6050,5590,
bukhari,6051,5591,
bukhari,6052,5592,
bukhari,6053,5593,
bukhari,6054,5594,
bukhari,6055,5595,
bukhari,6056,5596,
bukhari,6058,5598,
bukhari,6059,5599,
bukhari,6061,5601,
bukhari,6062,5602,
bukhari,6063,5603,
bukhari,6067,5607,
bukhari,6071,5610,
bukhari,6078,5614,
bukhari,6079,5615,
bukhari,6080,5616,
bukhari,6081,5617,
bukhari,6082,5618,
bukhari,6083,5619,
bukhari,6085,5621,
bukhari,6086,5622,
bukhari,6087,5623,
bukhari,6088,5624,
bukhari,6090,5625,
bukhari,6091,5626,
bukhari,6092,5627,
bukhari,6095,5630,
bukhari,6096,5631,
bukhari,6098,5633,
bukhari,6099,5634,
bukhari,6100,5635,
bukhari,6102,5637,
bukhari,6103,5638,
bukhari,6104,5639,
bukhari,6106,5641,
bukhari,6107,5642,
bukhari,6108,5643,
bukhari,6109,5644,
bukhari,6110,5645,
bukhari,6112,5647,
bukhari,6113,5648,
bukhari,6114,5649,
bukhari,6115,5650,
bukhari,6116,5651,
bukhari,6117,5652,
bukhari,6118,5653,
bukhari,6119,5654,
bukhari,6120,5655,
bukhari,6121,5656,
bukhari,6122,5657,
bukhari,6123,5658,
bukhari,6124,5659,
bukhari,6125,5660,
bukhari,6127,5662,
bukhari,6128,6673,
bukhari,6129,5664,
bukhari,6131,5666,
bukhari,6132,5667,
bukhari,6133,5668,
bukhari,6134,5669,
bukhari,6135,5670,
bukhari,6136,5671,
bukhari,6137,5672,
bukhari,6139,5674,
bukhari,6140,5675,
bukhari,6141,5676,
bukhari,6143,5677,
bukhari,6146,5680,
bukhari,6147,5681,
bukhari,6148,5682,
bukhari,6149,5683,
bukhari,6150,5684,
bukhari,6151,5685,
bukhari,6153,5687,
bukhari,6154,5688,
bukhari,6155,5689,
bukhari,6157,5691,
bukhari,6158,5692,
bukhari,6159,5693,
bukhari,6161,5695,
bukhari,6162,5696,
bukhari,6163,5697,
bukhari,6165,5699,
bukhari,6167,5701,
bukhari,6170,5704,
bukhari,6171,5705,
bukhari,6172,5706,
bukhari,6176,5708,
bukhari,6177,5709,
bukhari,6178,5710,
bukhari,6179,5711,
bukhari,6180,5712,
bukhari,6182,5714,
bukhari,6183,5715,
bukhari,6184,5716,
bukhari,6185,5717,
bukhari,6186,5718,
bukhari,6187,5719,
bukhari,6188,5720,
bukhari,6189,5721,
bukhari,6190,5722,
bukhari,6192,5724,
bukhari,6193,5725,
bukhari,6194,5726,
bukhari,6195,5727,
bukhari,6196,5728,
bukhari,6197,5729,
bukhari,6199,5731,
bukhari,6200,5914,
bukhari,6202,5734,
bukhari,6203,5735,
bukhari,6204,5736,
bukhari,6206,5738,
bukhari,6207,5739,
bukhari,6209,5741,
bukhari,6210,5742,
bukhari,6212,5744,
bukhari,6213,5745,
bukhari,6215,5747,
bukhari,6216,5748,
bukhari,6217,5749,
bukhari,6218,5750,
bukhari,6220,5752,
bukhari,6221,5753,
bukhari,6222,5754,
bukhari,6223,5755,
bukhari,6224,5756,
bukhari,6225,5757,
bukhari,6226,5758,
bukhari,6227,5759,
bukhari,6229,5761,
bukhari,6233,5765,
bukhari,6235,5766,
bukhari,6236,5767,
bukhari,6238,5769,
bukhari,6239,5770,
bukhari,6241,5772,
bukhari,6242,5773,
bukhari,6243,5774,
bukhari,6244,5775,
bukhari,6245,5776,
bukhari,6246,5777,
bukhari,6247,5778,
bukhari,6248,5779,
bukhari,6249,5780,
bukhari,6250,5781,
bukhari,6251,5782,
bukhari,6253,5783,
bukhari,6255,5785,
bukhari,6258,5788,
bukhari,6259,5789,
bukhari,6261,1921,
bukhari,6262,5791,
bukhari,6263,5792,
bukhari,6265,5794,
bukhari,6266,5795,
bukhari,6267,5796,
bukhari,6268,5797,
bukhari,6270,5799,
bukhari,6271,5800,
bukhari,6272,5801,
bukhari,6273,5802,
bukhari,6275,5803,
bukhari,6276,5804,
bukhari,6277,5805,
bukhari,6278,5806,
bukhari,6279,5807,
bukhari,6280,5808,
bukhari,6281,5809,
bukhari,6283,5810,
bukhari,6284,5811,
bukhari,6286,5812,
bukhari,6287,5813,
bukhari,6288,5814,
bukhari,6289,5815,
bukhari,6290,5816,
bukhari,6291,5817,
bukhari,6293,5819,
bukhari,6295,5821,
bukhari,6297,5823,
bukhari,6298,5824,
bukhari,6299,5825,
bukhari,6302,5827,
bukhari,6303,5828,
bukhari,6305,5830,
bukhari,6306,5831,
bukhari,6308,5833,
bukhari,6309,5834,
bukhari,6311,5836,
bukhari,6312,5837,
bukhari,6313,5838,
bukhari,6314,5839,
bukhari,6315,5840,
bukhari,6316,5841,
bukhari,6317,5842,
bukhari,6318,5843,
bukhari,6319,5844,
bukhari,6321,5846,
bukhari,6322,5847,
bukhari,6323,5848,
bukhari,6324,5849,
bukhari,6325,5850,
bukhari,6326,5851,
bukhari,6327,5852,
bukhari,6329,5854,
bukhari,6330,5855,
bukhari,6331,5856,
bukhari,6332,5857,
bukhari,6333,5858,
bukhari,6334,5859,
bukhari,6336,5861,
bukhari,6337,5862,
bukhari,6338,5863,
bukhari,6339,5864,
bukhari,6340,5865,
bukhari,6342,5866,
bukhari,6343,5867,
bukhari,6344,5868,
bukhari,6346,5870,
bukhari,6347,5871,
bukhari,6348,5872,
bukhari,6349,5873,
bukhari,6351,5874,
bukhari,6352,5875,
bukhari,6353,5876,
bukhari,6355,5878,
bukhari,6357,5880,
bukhari,6359,5882,
bukhari,6360,5883,
bukhari,6364,5887,
bukhari,6365,5888,
bukhari,6366,5889,
bukhari,6367,5890,
bukhari,6368,5891,
bukhari,6369,5892,
bukhari,6370,5893,
bukhari,6371,5894,
bukhari,6372,5895,
bukhari,6373,5896,
bukhari,6374,5897,
bukhari,6375,5898,
bukhari,6376,5899,
bukhari,6377,5900,
bukhari,6381,5902,
bukhari,6382,5903,
bukhari,6385,5906,
bukhari,6386,5907,
bukhari,6387,5908,
bukhari,6390,5911,
bukhari,6391,5912,
bukhari,6392,5913,
bukhari,6393,4741,
bukhari,6394,5915,
bukhari,6396,5917,
bukhari,6398,5919,
bukhari,6399,5920,
bukhari,6400,5921,
bukhari,6401,5922,
bukhari,6402,5923,
bukhari,6404,5925,
bukhari,6405,5926,
bukhari,6408,5929,
bukhari,6410,5931,
bukhari,6412,5933,
bukhari,6413,5934,
bukhari,6414,5935,
bukhari,6415,5936,
bukhari,6416,5937,
bukhari,6417,5938,
bukhari,6418,5939,
bukhari,6419,5940,
bukhari,6420,5941,
bukhari,6422,5943,
bukhari,6424,5944,
bukhari,6425,5945,
bukhari,6426,5946,
bukhari,6427,5947,
bukhari,6429,5949,
bukhari,6430,5950,
bukhari,6431,5951,
bukhari,6432,5952,
bukhari,6433,5953,
bukhari,6434,5954,
bukhari,6436,5956,
bukhari,6437,5957,
bukhari,6438,5958,
bukhari,6441,5960,
bukhari,6442,5961,
bukhari,6443,5962,
bukhari,6444,5963,
bukhari,6445,5964,
bukhari,6446,5965,
bukhari,6447,5966,
bukhari,6448,5967,
bukhari,6449,5968,
bukhari,6450,5969,
bukhari,6451,5970,
bukhari,6452,5971,
bukhari,6453,5972,
bukhari,6454,5973,
bukhari,6455,5974,
bukhari,6456,5975,
bukhari,6457,5976,
bukhari,6458,5977,
bukhari,6459,5978,
bukhari,6460,5979,
bukhari,6461,5980,
bukhari,6462,5981,
bukhari,6463,5982,
bukhari,6464,5983,
bukhari,6465,5984,
bukhari,6466,5985,
bukhari,6467,5986,
bukhari,6468,2584,
bukhari,6469,5988,
bukhari,6471,5990,
bukhari,6472,5991,
bukhari,6473,5992,
bukhari,6474,5993,
bukhari,6475,5994,
bukhari,6476,5995,
bukhari,6478,5997,
bukhari,6479,5998,
bukhari,6480,5999,
bukhari,6481,6000,
bukhari,6484,6003,
bukhari,6486,6005,
bukhari,6488,6007,
bukhari,6491,6010,
bukhari,6493,6012,
bukhari,6494,6013,
bukhari,6495,6014,
bukhari,6496,6015,
bukhari,6499,6018,
bukhari,6501,6020,
bukhari,6502,6021,
bukhari,6503,6022,
bukhari,6504,6023,
bukhari,6505,6024,
bukhari,6507,6026,
bukhari,6510,6029,
bukhari,6511,6030,
bukhari,6512,6031,
bukhari,6513,6032,
bukhari,6514,6033,
bukhari,6516,6035,
bukhari,6517,6036,
bukhari,6520,6039,
bukhari,6521,6040,
bukhari,6522,6041,
bukhari,6523,6042,
bukhari,6524,6043,
bukhari,6525,6044,
bukhari,6526,6045,
bukhari,6527,6046,
bukhari,6528,6047,
bukhari,6529,6048,
bukhari,6530,6049,
bukhari,6531,6050,
bukhari,6532,6051,
bukhari,6533,6052,
bukhari,6534,6053,
bukhari,6535,6054,
bukhari,6536,6055,
bukhari,6537,6056,
bukhari,6538,6057,
bukhari,6539,6058,
bukhari,6541,6059,
bukhari,6542,6060,
bukhari,6543,6061,
bukhari,6546,6064,
bukhari,6547,6065,
bukhari,6548,6066,
bukhari,6549,6067,
bukhari,6551,6069,
bukhari,6554,6070,
bukhari,6555,6071,
bukhari,6557,6072,
bukhari,6558,6073,
bukhari,6559,6074,
bukhari,6560,6075,
bukhari,6562,6077,
bukhari,6563,6078,
bukhari,6564,6079,
bukhari,6565,6080,
bukhari,6566,6081,
bukhari,6568,6082,
bukhari,6570,6085,
bukhari,6572,6087,
bukhari,6575,6089,
bukhari,6576,6090,
bukhari,6577,6091,
bukhari,6578,6092,
bukhari,6579,6093,
bukhari,6580,6094,
bukhari,6581,6095,
bukhari,6582,6096,
bukhari,6583,6097,
bukhari,6586,6098,
bukhari,6587,6099,
bukhari,6588,6100,
bukhari,6589,6101,
bukhari,6590,6102,
bukhari,6591,6103,
bukhari,6593,6104,
bukhari,6594,6105,
bukhari,6595,6106,
bukhari,6596,6107,
bukhari,6597,6108,
bukhari,6600,4270,
bukhari,6602,6112,
bukhari,6603,6113,
bukhari,6604,6114,
bukhari,6605,6115,
bukhari,6606,6116,
bukhari,6607,6117,
bukhari,6608,6118,
bukhari,6609,6119,
bukhari,6610,6120,
bukhari,6612,6122,
bukhari,6613,6123,
bukhari,6614,6124,
bukhari,6615,6125,
bukhari,6616,6126,
bukhari,6618,6128,
bukhari,6619,6129,
bukhari,6620,6130,
bukhari,6622,6132,
bukhari,6623,6133,
bukhari,6624,6134,
bukhari,6625,6135,
bukhari,6626,6136,
bukhari,6627,6137,
bukhari,6628,6138,
bukhari,6629,6139,
bukhari,6630,6140,
bukhari,6631,6141,
bukhari,6632,6142,
bukhari,6634,6143,
bukhari,6635,6144,
bukhari,6637,6146,
bukhari,6638,6147,
bukhari,6640,6149,
bukhari,6642,6151,
bukhari,6643,6152,
bukhari,6645,6154,
bukhari,6647,6156,
bukhari,6649,6158,
bukhari,6651,6160,
bukhari,6652,6161,
bukhari,6654,6162,
bukhari,6655,6163,
bukhari,6656,6164,
bukhari,6657,6165,
bukhari,6658,6166,
bukhari,6660,6167,
bukhari,6661,6168,
bukhari,6663,6170,
bukhari,6664,6171,
bukhari,6665,6172,
bukhari,6666,6173,
bukhari,6667,6174,
bukhari,6668,6375,
bukhari,6669,6176,
bukhari,6670,6177,
bukhari,6671,6178,
bukhari,6672,6179,
bukhari,6673,6180,
bukhari,6674,6181,
bukhari,6675,6182,
bukhari,6677,6183,
bukhari,6678,6027,
bukhari,6679,6185,
bukhari,6680,6186,
bukhari,6682,6188,
bukhari,6685,6191,
bukhari,6687,6193,
bukhari,6688,6194,
bukhari,6689,6195,
bukhari,6691,6197,
bukhari,6692,6198,
bukhari,6693,6199,
bukhari,6695,6201,
bukhari,6696,6202,
bukhari,6698,6204,
bukhari,6699,6205,
bukhari,6700,6206,
bukhari,6701,6207,
bukhari,6702,6208,
bukhari,6703,6209,
bukhari,6704,6210,
bukhari,6706,6212,
bukhari,6707,6213,
bukhari,6708,6214,
bukhari,6709,6215,
bukhari,6710,6216,
bukhari,6711,6217,
bukhari,6712,6218,
bukhari,6713,6219,
bukhari,6715,6221,
bukhari,6716,6222,
bukhari,6717,6223,
bukhari,6718,6224,
bukhari,6720,6225,
bukhari,6721,6226,
bukhari,6722,6227,
bukhari,6723,6228,
bukhari,6729,6232,
bukhari,6730,6233,
bukhari,6731,6234,
bukhari,6733,6236,
bukhari,6734,6237,
bukhari,6735,6238,
bukhari,6736,6239,
bukhari,6737,6240,
bukhari,6738,6241,
bukhari,6739,6242,
bukhari,6740,6243,
bukhari,6741,6244,
bukhari,6742,5205,
bukhari,6743,6246,
bukhari,6744,6247,
bukhari,6745,6248,
bukhari,6746,6249,
bukhari,6747,6250,
bukhari,6748,6251,
bukhari,6750,6253,
bukhari,6752,6255,
bukhari,6753,6256,
bukhari,6754,6257,
bukhari,6757,6260,
bukhari,6758,6261,
bukhari,6759,6262,
bukhari,6760,6263,
bukhari,6761,6264,
bukhari,6762,6265,
bukhari,6763,6266,
bukhari,6764,6267,
bukhari,6767,6269,
bukhari,6768,6270,
bukhari,6769,6271,
bukhari,6770,6272,
bukhari,6771,6273,
bukhari,6773,6275,
bukhari,6774,6276,
bukhari,6775,6277,
bukhari,6776,6278,
bukhari,6777,6279,
bukhari,6778,6280,
bukhari,6779,6281,
bukhari,6780,6282,
bukhari,6781,6283,
bukhari,6782,6284,
bukhari,6783,6285,
bukhari,6784,6286,
bukhari,6785,6287,
bukhari,6788,6290,
bukhari,6789,6291,
bukhari,6790,6292,
bukhari,6791,6293,
bukhari,6792,5860,
bukhari,6793,6295,
bukhari,6794,6296,
bukhari,6795,6297,
bukhari,6796,6298,
bukhari,6797,6299,
bukhari,6798,6300,
bukhari,6799,6301,
bukhari,6800,6302,
bukhari,6801,6303,
bukhari,6802,6304,
bukhari,6803,6305,
bukhari,6804,6306,
bukhari,6805,6307,
bukhari,6806,6308,
bukhari,6807,6309,
bukhari,6808,6310,
bukhari,6809,6311,
bukhari,6810,6312,
bukhari,6811,6313,
bukhari,6812,6314,
bukhari,6813,6315,
bukhari,6814,6316,
bukhari,6817,6318,
bukhari,6819,6320,
bukhari,6820,6321,
bukhari,6821,6322,
bukhari,6823,6323,
bukhari,6824,6324,
bukhari,6826,6325,
bukhari,6828,6326,
bukhari,6829,6327,
bukhari,6830,6328,
bukhari,6832,6329,
bukhari,6834,6331,
bukhari,6836,6332,
bukhari,6839,6334,
bukhari,6841,6336,
bukhari,6843,6337,
bukhari,6844,6338,
bukhari,6847,6341,
bukhari,6848,6342,
bukhari,6849,6343,
bukhari,6850,6344,
bukhari,6852,6346,
bukhari,6856,6350,
bukhari,6857,6351,
bukhari,6858,6352,
bukhari,6860,6353,
bukhari,6862,6355,
bukhari,6863,6356,
bukhari,6864,6357,
bukhari,6866,6358,
bukhari,6867,6359,
bukhari,6868,6360,
bukhari,6869,6361,
bukhari,6870,6362,
bukhari,6871,6363,
bukhari,6872,6364,
bukhari,6873,6365,
bukhari,6875,6367,
bukhari,6876,6368,
bukhari,6877,6369,
bukhari,6878,6370,
bukhari,6879,6371,
bukhari,6881,6373,
bukhari,6883,4815,
bukhari,6884,6376,
bukhari,6885,6377,
bukhari,6886,6378,
bukhari,6888,6380,
bukhari,6889,6381,
bukhari,6890,6382,
bukhari,6891,6383,
bukhari,6892,6384,
bukhari,6893,6385,
bukhari,6894,6386,
bukhari,6895,6387,
bukhari,6897,6388,
bukhari,6898,6389,
bukhari,6899,6390,
bukhari,6900,6391,
bukhari,6901,6392,
bukhari,6903,6394,
bukhari,6904,6395,
bukhari,6906,6396,
bukhari,6908,6397,
bukhari,6909,6398,
bukhari,6910,6399,
bukhari,6911,6400,
bukhari,6912,6401,
bukhari,6913,6402,
bukhari,6914,6403,
bukhari,6915,6404,
bukhari,6916,6405,
bukhari,6917,6406,
bukhari,6918,6407,
bukhari,6920,6409,
bukhari,6921,6410,
bukhari,6922,6411,
bukhari,6923,6412,
bukhari,6926,6414,
bukhari,6927,6415,
bukhari,6928,6416,
bukhari,6929,6417,
bukhari,6931,6419,
bukhari,6932,6420,
bukhari,6934,6422,
bukhari,6935,6423,
bukhari,6937,6424,
bukhari,6939,6426,
bukhari,6941,6428,
bukhari,6942,6429,
bukhari,6943,6430,
bukhari,6944,6431,
bukhari,6945,6432,
bukhari,6946,6433,
bukhari,6948,6435,
bukhari,6950,6436,
bukhari,6952,6438,
bukhari,6953,6439,
bukhari,6955,6441,
bukhari,6956,6442,
bukhari,6958,6443,
bukhari,6959,6444,
bukhari,6960,6445,
bukhari,6961,6446,
bukhari,6962,6447,
bukhari,6963,6448,
bukhari,6964,6449,
bukhari,6965,6450,
bukhari,6967,6452,
bukhari,6968,6453,
bukhari,6969,6454,
bukhari,6970,6455,
bukhari,6971,6456,
bukhari,6973,6458,
bukhari,6974,6459,
bukhari,6975,6460,
bukhari,6977,6462,
bukhari,6978,6463,
bukhari,6980,6465,
bukhari,6981,6466,
bukhari,6986,6471,
bukhari,6987,6472,
bukhari,6988,6473,
bukhari,6989,6474,
bukhari,6990,6475,
bukhari,6992,6477,
bukhari,6993,6478,
bukhari,6994,6479,
bukhari,6995,6480,
bukhari,6996,6481,
bukhari,6997,6482,
bukhari,6998,6483,
bukhari,6999,6484,
bukhari,7000,6485,
bukhari,7002,6486,
bukhari,7008,6491,
bukhari,7010,6493,
bukhari,7012,6495,
bukhari,7013,6496,
bukhari,7014,6497,
bukhari,7016,6498,
bukhari,7017,6499,
bukhari,7018,6500,
bukhari,7019,6501,
bukhari,7021,6503,
bukhari,7022,6504,
bukhari,7023,6505,
bukhari,7024,6506,
bukhari,7026,6508,
bukhari,7029,6510,
bukhari,7031,6159,
bukhari,7032,6512,
bukhari,7034,6513,
bukhari,7035,6514,
bukhari,7037,6515,
bukhari,7038,6516,
bukhari,7039,6517,
bukhari,7040,6518,
bukhari,7041,6519,
bukhari,7042,6520,
bukhari,7043,6521,
bukhari,7044,6522,
bukhari,7045,6523,
bukhari,7046,5419,
bukhari,7047,6525,
bukhari,7048,6526,
bukhari,7049,6527,
bukhari,7050,6528,
bukhari,7052,6529,
bukhari,7053,6530,
bukhari,7054,6531,
bukhari,7056,6532,
bukhari,7057,6533,
bukhari,7058,6534,
bukhari,7059,6535,
bukhari,7060,6536,
bukhari,7061,6537,
bukhari,7063,6538,
bukhari,7064,6539,
bukhari,7068,6541,
bukhari,7070,6543,
bukhari,7072,6545,
bukhari,7073,6546,
bukhari,7074,6547,
bukhari,7076,6549,
bukhari,7077,6550,
bukhari,7078,6551,
bukhari,7079,6552,
bukhari,7080,6553,
bukhari,7081,6554,
bukhari,7082,6555,
bukhari,7083,6556,
bukhari,7084,6557,
bukhari,7085,6558,
bukhari,7086,6559,
bukhari,7087,6560,
bukhari,7088,6561,
bukhari,7089,5885,
bukhari,7091,6562,
bukhari,7092,6563,
bukhari,7093,6564,
bukhari,7094,6565,
bukhari,7095,6566,
bukhari,7097,6568,
bukhari,7098,6569,
bukhari,7099,6570,
bukhari,7100,6571,
bukhari,7101,6572,
bukhari,7104,6573,
bukhari,7107,6574,
bukhari,7108,6575,
bukhari,7109,6576,
bukhari,7110,6577,
bukhari,7111,6578,
bukhari,7112,6579,
bukhari,7113,6580,
bukhari,7114,6581,
bukhari,7116,6583,
bukhari,7117,6584,
bukhari,7118,6585,
bukhari,7119,6586,
bukhari,7120,6587,
bukhari,7122,6589,
bukhari,7123,6590,
bukhari,7124,6591,
bukhari,7126,6593,
bukhari,7127,6594,
bukhari,7130,6597,
bukhari,7131,6598,
bukhari,7133,6600,
bukhari,7134,6601,
bukhari,7135,6911,
bukhari,7136,6603,
bukhari,7137,6604,
bukhari,7139,6606,
bukhari,7140,6607,
bukhari,7142,6609,
bukhari,7143,6610,
bukhari,7144,6611,
bukhari,7146,6613,
bukhari,7147,6614,
bukhari,7148,6615,
bukhari,7150,6617,
bukhari,7151,6618,
bukhari,7152,6619,
bukhari,7153,6620,
bukhari,7154,6621,
bukhari,7155,6622,
bukhari,7156,6623,
bukhari,7157,6624,
bukhari,7158,6625,
bukhari,7159,6626,
bukhari,7160,6627,
bukhari,7161,6628,
bukhari,7162,6629,
bukhari,7165,6631,
bukhari,7166,6632,
bukhari,7167,6633,
bukhari,7169,6634,
bukhari,7170,6635,
bukhari,7172,6637,
bukhari,7173,6638,
bukhari,7174,6639,
bukhari,7175,6640,
bukhari,7177,6641,
bukhari,7178,6642,
bukhari,7179,6643,
bukhari,7180,6644,
bukhari,7182,6646,
bukhari,7184,6647,
bukhari,7185,6648,
bukhari,7186,6649,
bukhari,7188,6651,
bukhari,7190,6653,
bukhari,7191,6654,
bukhari,7192,6655,
bukhari,7194,6656,
bukhari,7197,6658,
bukhari,7198,6659,
bukhari,7200,6660,
bukhari,7201,6661,
bukhari,7202,6662,
bukhari,7203,6663,
bukhari,7204,6664,
bukhari,7205,6665,
bukhari,7207,6667,
bukhari,7208,6668,
bukhari,7209,6669,
bukhari,7210,6670,
bukhari,7211,6671,
bukhari,7214,6674,
bukhari,7215,6675,
bukhari,7216,6676,
bukhari,7217,6677,
bukhari,7218,6678,
bukhari,7221,6681,
bukhari,7223,6682,
bukhari,7225,6684,
bukhari,7226,6685,
bukhari,7228,6687,
bukhari,7230,6689,
bukhari,7231,6690,
bukhari,7232,6691,
bukhari,7233,6692,
bukhari,7234,6693,
bukhari,7235,6694,
bukhari,7236,6695,
bukhari,7237,6696,
bukhari,7238,6697,
bukhari,7239,6698,
bukhari,7240,6699,
bukhari,7241,6700,
bukhari,7242,6701,
bukhari,7243,6702,
bukhari,7245,6704,
bukhari,7247,6706,
bukhari,7248,6707,
bukhari,7249,6708,
bukhari,7250,6709,
bukhari,7251,6710,
bukhari,7252,6711,
bukhari,7253,6712,
bukhari,7254,6713,
bukhari,7255,6714,
bukhari,7256,6715,
bukhari,7257,6716,
bukhari,7259,6717,
bukhari,7260,6718,
bukhari,7261,6719,
bukhari,7263,6721,
bukhari,7264,6722,
bukhari,7265,6723,
bukhari,7266,6724,
bukhari,7267,6725,
bukhari,7268,6726,
bukhari,7270,6728,
bukhari,7271,6729,
bukhari,7272,6730,
bukhari,7274,6732,
bukhari,7275,6733,
bukhari,7276,6734,
bukhari,7277,6735,
bukhari,7279,6736,
bukhari,7281,6738,
bukhari,7282,6739,
bukhari,7283,6740,
bukhari,7285,6741,
bukhari,7286,6742,
bukhari,7287,6743,
bukhari,7289,6745,
bukhari,7290,6746,
bukhari,7291,6747,
bukhari,7292,6748,
bukhari,7293,6749,
bukhari,7295,6751,
bukhari,7296,6752,
bukhari,7297,6753,
bukhari,7299,6755,
bukhari,7301,6757,
bukhari,7302,6758,
bukhari,7303,6759,
bukhari,7304,6760,
bukhari,7305,6761,
bukhari,7307,6763,
bukhari,7308,6764,
bukhari,7309,6765,
bukhari,7310,6766,
bukhari,7311,6767,
bukhari,7312,6768,
bukhari,7313,6769,
bukhari,7314,6770,
bukhari,7315,6771,
bukhari,7318,6773,
bukhari,7319,6774,
bukhari,7320,6775,
bukhari,7321,6776,
bukhari,7322,6777,
bukhari,7323,6778,
bukhari,7324,6779,
bukhari,7325,6780,
bukhari,7326,6781,
bukhari,7328,6783,
bukhari,7329,6784,
bukhari,7330,6785,
bukhari,7331,6786,
bukhari,7332,6787,
bukhari,7333,6788,
bukhari,7334,6789,
bukhari,7335,6790,
bukhari,7337,6792,
bukhari,7338,6793,
bukhari,7339,6794,
bukhari,7341,6795,
bukhari,7342,6796,
bukhari,7343,6797,
bukhari,7344,6798,
bukhari,7345,6799,
bukhari,7346,6800,
bukhari,7347,6801,
bukhari,7348,6802,
bukhari,7349,6803,
bukhari,7351,6804,
bukhari,7352,6805,
bukhari,7353,6806,
bukhari,7354,6807,
bukhari,7355,6808,
bukhari,7356,6809,
bukhari,7357,6810,
bukhari,7358,6811,
bukhari,7360,6813,
bukhari,7362,6814,
bukhari,7363,6815,
bukhari,7364,6816,
bukhari,7365,6817,
bukhari,7366,6818,
bukhari,7367,6819,
bukhari,7368,6820,
bukhari,7369,6821,
bukhari,7370,6822,
bukhari,7371,6823,
bukhari,7372,6824,
bukhari,7373,6825,
bukhari,7375,6827,
bukhari,7376,6828,
bukhari,7377,6829,
bukhari,7378,6830,
bukhari,7379,6831,
bukhari,7381,6833,
bukhari,7382,6834,
bukhari,7383,6835,
bukhari,7384,6836,
bukhari,7385,6837,
bukhari,7386,6838,
bukhari,7388,6839,
bukhari,7389,6840,
bukhari,7390,6841,
bukhari,7391,6842,
bukhari,7393,6844,
bukhari,7394,6845,
bukhari,7395,6846,
bukhari,7396,6847,
bukhari,7397,6848,
bukhari,7398,6849,
bukhari,7399,6850,
bukhari,7400,6851,
bukhari,7401,6852,
bukhari,7402,6853,
bukhari,7403,6854,
bukhari,7404,6855,
bukhari,7405,6856,
bukhari,7406,6857,
bukhari,7407,6858,
bukhari,7408,6859,
bukhari,7409,6860,
bukhari,7410,6861,
bukhari,7413,6863,
bukhari,7414,6864,
bukhari,7415,6865,
bukhari,7416,5740,
bukhari,7417,6867,
bukhari,7418,6868,
bukhari,7419,6869,
bukhari,7420,6870,
bukhari,7421,6871,
bukhari,7423,6873,
bukhari,7424,6874,
bukhari,7425,6875,
bukhari,7426,6876,
bukhari,7428,6877,
bukhari,7431,6879,
bukhari,7432,6880,
bukhari,7433,6881,
bukhari,7434,6882,
bukhari,7435,6883,
bukhari,7436,6884,
bukhari,7438,6885,
bukhari,7439,6427,
bukhari,7440,6886,
bukhari,7441,6887,
bukhari,7442,6888,
bukhari,7443,6889,
bukhari,7444,6890,
bukhari,7445,6891,
bukhari,7446,6892,
bukhari,7447,6893,
bukhari,7448,6894,
bukhari,7449,6895,
bukhari,7450,6896,
bukhari,7451,6897,
bukhari,7452,6898,
bukhari,7454,6900,
bukhari,7455,6901,
bukhari,7456,6902,
bukhari,7458,6904,
bukhari,7459,6905,
bukhari,7460,6906,
bukhari,7461,6907,
bukhari,7462,6908,
bukhari,7463,6909,
bukhari,7464,6910,
bukhari,7466,6912,
bukhari,7467,6913,
bukhari,7468,6914,
bukhari,7469,6915,
bukhari,7470,6916,
bukhari,7471,6917,
bukhari,7472,6918,
bukhari,7473,6919,
bukhari,7474,6920,
bukhari,7475,6921,
bukhari,7476,6922,
bukhari,7477,6923,
bukhari,7478,6924,
bukhari,7479,6925,
bukhari,7480,6926,
bukhari,7481,6927,
bukhari,7483,6929,
bukhari,7484,6930,
bukhari,7485,6931,
bukhari,7486,6932,
bukhari,7487,6933,
bukhari,7488,6934,
bukhari,7489,6935,
bukhari,7490,6936,
bukhari,7491,6937,
bukhari,7492,6938,
bukhari,7493,6939,
bukhari,7494,6940,
bukhari,7496,6941,
bukhari,7497,6943,
bukhari,7498,6944,
bukhari,7499,6945,
bukhari,7500,6946,
bukhari,7501,6947,
bukhari,7502,6948,
bukhari,7503,6949,
bukhari,7505,6951,
bukhari,7506,6952,
bukhari,7507,6953,
bukhari,7508,6954,
bukhari,7509,6955,
bukhari,7510,6956,
bukhari,7511,6957,
bukhari,7512,6958,
bukhari,7513,6959,
bukhari,7514,6960,
bukhari,7515,6961,
bukhari,7516,6962,
bukhari,7517,6963,
bukhari,7518,6964,
bukhari,7519,6965,
bukhari,7520,6966,
bukhari,7521,6967,
bukhari,7522,6968,
bukhari,7523,6969,
bukhari,7524,6970,
bukhari,7525,6971,
bukhari,7526,6972,
bukhari,7527,6973,
bukhari,7528,6974,
bukhari,7529,6975,
bukhari,7530,6976,
bukhari,7531,6977,
bukhari,7532,6978,
bukhari,7533,6979,
bukhari,7534,6980,
bukhari,7535,6981,
bukhari,7536,6982,
bukhari,7537,6983,
bukhari,7538,6984,
bukhari,7539,6985,
bukhari,7540,6986,
bukhari,7542,6987,
bukhari,7543,6988,
bukhari,7544,6989,
bukhari,7545,6990,
bukhari,7546,6991,
bukhari,7547,6992,
bukhari,7548,6993,
bukhari,7549,6994,
bukhari,7550,6995,
bukhari,7551,6996,
bukhari,7552,6997,
bukhari,7553,6998,
bukhari,7554,6999,
bukhari,7555,7000,
bukhari,7556,7001,
bukhari,7557,7002,
bukhari,7558,7003,
bukhari,7559,7004,
bukhari,7560,7005,
bukhari,7561,7006,
bukhari,7562,7007,
bukhari,7563,7008,
muslim,3,3,
muslim,4,4,
muslim,15,7,
muslim,93,9,
muslim,99,11,
muslim,102,13,
muslim,106,15,
muslim,107,16,
muslim,111,19,
muslim,112,20,
muslim,113,21,
muslim,114,22,
muslim,115,23,
muslim,118,25,
muslim,119,3268,
muslim,120,26,
muslim,122,27,
muslim,124,29,
muslim,125,30,
muslim,126,31,
muslim,129,33,
muslim,130,34,
muslim,132,35,
muslim,134,36,
muslim,135,37,
muslim,136,38,
muslim,138,39,
muslim,139,40,
muslim,140,41,
muslim,142,42,
muslim,143,43,
muslim,144,44,
muslim,148,47,
muslim,151,49,
muslim,152,50,
muslim,153,51,
muslim,156,54,
muslim,161,57,
muslim,162,58,
muslim,163,59,
muslim,165,60,
muslim,168,62,
muslim,171,65,
muslim,173,67,
muslim,174,68,
muslim,176,69,
muslim,179,71,
muslim,182,73,
muslim,184,74,
muslim,186,76,
muslim,189,78,
muslim,193,80,
muslim,196,82,
muslim,201,85,
muslim,202,86,
muslim,207,87,
muslim,211,89,
muslim,214,90,
muslim,215,91,
muslim,216,92,
muslim,218,94,
muslim,219,95,
muslim,221,97,
muslim,225,99,
muslim,227,100,
muslim,229,102,
muslim,230,103,
muslim,232,105,
muslim,237,110,
muslim,239,112,
muslim,240,113,
muslim,241,114,
muslim,246,116,
muslim,247,117,
muslim,249,118,
muslim,250,119,
muslim,253,121,
muslim,257,124,
muslim,258,125,
muslim,259,126,
muslim,262,129,
muslim,263,130,
muslim,265,131,
muslim,266,132,
muslim,267,133,
muslim,268,134,
muslim,271,136,
muslim,273,138,
muslim,277,140,
muslim,278,141,
muslim,280,143,
muslim,281,144,
muslim,284,147,
muslim,287,149,
muslim,289,150,
muslim,290,151,
muslim,292,152,
muslim,294,155,
muslim,302,159,
muslim,303,160,
muslim,305,162,
muslim,307,164,
muslim,309,165,
muslim,310,166,
muslim,311,167,
muslim,312,168,
muslim,313,169,
muslim,318,171,
muslim,319,172,
muslim,321,173,
muslim,322,174,
muslim,324,176,
muslim,326,177,
muslim,329,179,
muslim,330,180,
muslim,331,181,
muslim,333,182,
muslim,334,183,
muslim,337,186,
muslim,338,187,
muslim,342,189,
muslim,343,190,
muslim,345,191,
muslim,347,192,
muslim,349,193,
muslim,350,194,
muslim,351,195,
muslim,357,198,
muslim,358,199,
muslim,360,201,
muslim,362,202,
muslim,363,203,
muslim,364,204,
muslim,372,208,
muslim,373,209,
muslim,375,211,
muslim,378,214,
muslim,386,218,
muslim,387,219,
muslim,393,223,
muslim,394,224,
muslim,395,225,
muslim,400,228,
muslim,402,230,
muslim,406,232,
muslim,409,233,
muslim,412,235,
muslim,415,237,
muslim,419,240,
muslim,420,241,
muslim,422,243,
muslim,424,245,
muslim,426,247,
muslim,427,248,
muslim,429,250,
muslim,430,251,
muslim,431,252,
muslim,432,253,
muslim,433,254,
muslim,435,256,
muslim,436,257,
muslim,437,258,
muslim,441,259,
muslim,442,260,
muslim,443,261,
muslim,444,262,
muslim,448,265,
muslim,450,266,
muslim,451,267,
muslim,454,269,
muslim,457,270,
muslim,459,271,
muslim,461,272,
muslim,469,278,
muslim,471,280,
muslim,472,281,
muslim,473,282,
muslim,474,283,
muslim,475,284,
muslim,479,286,
muslim,482,288,
muslim,483,289,
muslim,484,290,
muslim,486,292,
muslim,487,293,
muslim,488,294,
muslim,492,297,
muslim,494,299,
muslim,498,300,
muslim,499,301,
muslim,503,304,
muslim,504,305,
muslim,506,306,
muslim,510,308,
muslim,513,310,
muslim,514,311,
muslim,517,314,
muslim,518,315,
muslim,519,316,
muslim,520,317,
muslim,522,318,
muslim,524,320,
muslim,525,321,
muslim,527,323,
muslim,529,324,
muslim,531,326,
muslim,532,327,
muslim,537,330,
muslim,540,333,
muslim,542,334,
muslim,543,335,
muslim,544,336,
muslim,546,338,
muslim,548,340,
muslim,550,342,
muslim,551,343,
muslim,552,344,
muslim,553,345,
muslim,555,346,
muslim,559,347,
muslim,560,348,
muslim,561,349,
muslim,564,351,
muslim,565,352,
muslim,566,353,
muslim,571,354,
muslim,572,355,
muslim,574,357,
muslim,576,359,
muslim,577,360,
muslim,579,362,
muslim,580,363,
muslim,581,364,
muslim,582,365,
muslim,583,366,
muslim,584,367,
muslim,586,368,
muslim,588,369,
muslim,589,370,
muslim,590,371,
muslim,591,372,
muslim,592,373,
muslim,593,374,
muslim,596,376,
muslim,599,379,
muslim,600,380,
muslim,601,381,
muslim,602,382,
muslim,603,383,
muslim,609,388,
muslim,610,389,
muslim,613,392,
muslim,614,393,
muslim,618,397,
muslim,620,399,
muslim,621,400,
muslim,623,401,
muslim,624,402,
muslim,625,403,
muslim,628,405,
muslim,629,406,
muslim,630,407,
muslim,632,409,
muslim,633,410,
muslim,634,411,
muslim,636,412,
muslim,641,414,
muslim,643,416,
muslim,646,417,
muslim,651,420,
muslim,653,422,
muslim,658,426,
muslim,659,427,
muslim,660,428,
muslim,663,431,
muslim,665,432,
muslim,669,435,
muslim,673,436,
muslim,674,437,
muslim,675,438,
muslim,678,439,
muslim,679,440,
muslim,681,442,
muslim,682,443,
muslim,687,448,
muslim,690,451,
muslim,691,452,
muslim,693,5284,
muslim,695,456,
muslim,700,461,
muslim,702,462,
muslim,703,463,
muslim,704,464,
muslim,705,465,
muslim,708,467,
muslim,709,468,
muslim,710,469,
muslim,711,470,
muslim,712,471,
muslim,715,472,
muslim,718,474,
muslim,721,475,
muslim,722,476,
muslim,725,478,
muslim,728,481,
muslim,730,483,
muslim,731,484,
muslim,733,486,
muslim,734,487,
muslim,735,488,
muslim,736,489,
muslim,737,490,
muslim,738,491,
muslim,742,495,
muslim,746,497,
muslim,747,498,
muslim,748,499,
muslim,759,504,
muslim,760,505,
muslim,761,506,
muslim,764,509,
muslim,765,510,
muslim,767,511,
muslim,768,512,
muslim,771,514,
muslim,773,516,
muslim,774,517,
muslim,777,520,
muslim,779,522,
muslim,781,524,
muslim,783,525,
muslim,785,526,
muslim,787,528,
muslim,788,529,
muslim,789,530,
muslim,790,531,
muslim,791,532,
muslim,792,533,
muslim,793,534,
muslim,795,535,
muslim,797,536,
muslim,801,538,
muslim,802,539,
muslim,804,540,
muslim,807,543,
muslim,809,544,
muslim,812,547,
muslim,814,548,
muslim,815,549,
muslim,816,550,
muslim,818,552,
muslim,820,553,
muslim,822,554,
muslim,824,556,
muslim,826,558,
muslim,827,559,
muslim,829,561,
muslim,830,562,
muslim,831,563,
muslim,833,564,
muslim,835,566,
muslim,837,568,
muslim,838,569,
muslim,840,570,
muslim,841,571,
muslim,845,574,
muslim,846,503,
muslim,847,575,
muslim,848,4641,
muslim,850,578,
muslim,851,579,
muslim,855,581,
muslim,856,582,
muslim,857,583,
muslim,861,586,
muslim,865,589,
muslim,873,594,
muslim,874,595,
muslim,880,598,
muslim,882,599,
muslim,883,600,
muslim,884,601,
muslim,885,602,
muslim,887,603,
muslim,890,605,
muslim,894,607,
muslim,896,608,
muslim,901,609,
muslim,903,611,
muslim,904,612,
muslim,907,613,
muslim,911,615,
muslim,917,619,
muslim,918,620,
muslim,933,626,
muslim,934,627,
muslim,935,628,
muslim,936,629,
muslim,938,631,
muslim,940,633,
muslim,949,639,
muslim,952,640,
muslim,958,643,
muslim,959,644,
muslim,961,646,
muslim,965,648,
muslim,967,650,
muslim,970,652,
muslim,971,653,
muslim,974,655,
muslim,976,657,
muslim,982,662,
muslim,984,663,
muslim,987,665,
muslim,990,668,
muslim,991,669,
muslim,992,670,
muslim,994,671,
muslim,995,672,
muslim,996,673,
muslim,997,674,
muslim,998,675,
muslim,1001,677,
muslim,1004,679,
muslim,1005,680,
muslim,1006,681,
muslim,1007,682,
muslim,1011,684,
muslim,1012,685,
muslim,1015,688,
muslim,1016,689,
muslim,1020,691,
muslim,1022,693,
muslim,1023,694,
muslim,1024,695,
muslim,1025,696,
muslim,1028,699,
muslim,1029,700,
muslim,1030,701,
muslim,1032,703,
muslim,1039,708,
muslim,1040,709,
muslim,1041,710,
muslim,1042,711,
muslim,1043,712,
muslim,1046,714,
muslim,1048,716,
muslim,1050,717,
muslim,1052,719,
muslim,1053,720,
muslim,1057,724,
muslim,1060,726,
muslim,1062,728,
muslim,1064,730,
muslim,1066,732,
muslim,1069,735,
muslim,1071,736,
muslim,1072,737,
muslim,1074,738,
muslim,1076,739,
muslim,1078,741,
muslim,1081,742,
muslim,1083,744,
muslim,1084,745,
muslim,1085,746,
muslim,1087,748,
muslim,1089,750,
muslim,1090,751,
muslim,1093,753,
muslim,1094,754,
muslim,1095,755,
muslim,1097,757,
muslim,1099,759,
muslim,1102,762,
muslim,1104,763,
muslim,1105,764,
muslim,1107,765,
muslim,1108,766,
muslim,1112,770,
muslim,1113,771,
muslim,1114,772,
muslim,1115,773,
muslim,1117,775,
muslim,1119,777,
muslim,1120,778,
muslim,1130,784,
muslim,1134,786,
muslim,1135,787,
muslim,1136,788,
muslim,1138,789,
muslim,1139,790,
muslim,1142,793,
muslim,1143,794,
muslim,1144,795,
muslim,1146,797,
muslim,1147,798,
muslim,1150,800,
muslim,1152,802,
muslim,1154,803,
muslim,1155,804,
muslim,1156,805,
muslim,1158,806,
muslim,1160,807,
muslim,1161,808,
muslim,1162,809,
muslim,1163,810,
muslim,1165,811,
muslim,1168,813,
muslim,1171,814,
muslim,1173,816,
muslim,1176,818,
muslim,1177,819,
muslim,1178,820,
muslim,1181,822,
muslim,1185,824,
muslim,1186,825,
muslim,1187,826,
muslim,1188,827,
muslim,1190,829,
muslim,1191,830,
muslim,1193,831,
muslim,1196,833,
muslim,1197,834,
muslim,1198,835,
muslim,1206,840,
muslim,1207,841,
muslim,1210,842,
muslim,1211,843,
muslim,1213,845,
muslim,1215,846,
muslim,1216,847,
muslim,1218,848,
muslim,1219,849,
muslim,1220,851,
muslim,1231,857,
muslim,1233,859,
muslim,1235,861,
muslim,1236,862,
muslim,1240,865,
muslim,1241,866,
muslim,1242,867,
muslim,1245,868,
muslim,1247,869,
muslim,1248,870,
muslim,1249,871,
muslim,1250,872,
muslim,1253,874,
muslim,1256,877,
muslim,1260,880,
muslim,1262,881,
muslim,1263,882,
muslim,1270,886,
muslim,1271,887,
muslim,1272,888,
muslim,1280,889,
muslim,1282,891,
muslim,1284,892,
muslim,1287,895,
muslim,1290,897,
muslim,1294,899,
muslim,1295,900,
muslim,1296,5200,
muslim,1298,903,
muslim,1302,906,
muslim,1304,907,
muslim,1307,909,
muslim,1308,910,
muslim,1310,912,
muslim,1311,913,
muslim,1313,914,
muslim,1314,915,
muslim,1315,916,
muslim,1316,917,
muslim,1317,918,
muslim,1318,919,
muslim,1319,920,
muslim,1320,921,
muslim,1322,922,
muslim,1323,923,
muslim,1324,924,
muslim,1325,925,
muslim,1326,926,
muslim,1327,927,
muslim,1328,928,
muslim,1334,931,
muslim,1341,933,
muslim,1342,934,
muslim,1347,936,
muslim,1349,937,
muslim,1350,938,
muslim,1352,939,
muslim,1354,940,
muslim,1356,941,
muslim,1357,942,
muslim,1358,943,
muslim,1360,945,
muslim,1362,947,
muslim,1364,948,
muslim,1365,949,
muslim,1367,950,
muslim,1368,951,
muslim,1369,952,
muslim,1377,958,
muslim,1379,959,
muslim,1380,960,
muslim,1382,961,
muslim,1385,964,
muslim,1389,967,
muslim,1390,968,
muslim,1391,969,
muslim,1392,970,
muslim,1393,971,
muslim,1397,973,
muslim,1398,974,
muslim,1399,975,
muslim,1400,976,
muslim,1401,977,
muslim,1402,978,
muslim,1403,979,
muslim,1404,980,
muslim,1406,982,
muslim,1407,983,
muslim,1409,984,
muslim,1411,986,
muslim,1412,987,
muslim,1413,988,
muslim,1414,989,
muslim,1419,992,
muslim,1426,997,
muslim,1427,998,
muslim,1430,1000,
muslim,1434,1002,
muslim,1436,1003,
muslim,1437,1004,
muslim,1438,1005,
muslim,1440,1006,
muslim,1443,1008,
muslim,1445,1009,
muslim,1446,1010,
muslim,1448,1012,
muslim,1449,1013,
muslim,1451,1014,
muslim,1454,1017,
muslim,1455,1018,
muslim,1459,1022,
muslim,1461,1023,
muslim,1463,1025,
muslim,1464,1026,
muslim,1465,1027,
muslim,1466,1028,
muslim,1469,1031,
muslim,1470,1032,
muslim,1471,1033,
muslim,1475,1036,
muslim,1476,1037,
muslim,1481,1040,
muslim,1482,1041,
muslim,1488,1046,
muslim,1489,1047,
muslim,1490,1048,
muslim,1492,1049,
muslim,1493,1050,
muslim,1495,1051,
muslim,1499,1053,
muslim,1500,1054,
muslim,1504,1057,
muslim,1509,1061,
muslim,1511,1063,
muslim,1514,1065,
muslim,1516,1066,
muslim,1518,1067,
muslim,1519,1068,
muslim,1520,1069,
muslim,1521,1070,
muslim,1522,1071,
muslim,1524,1073,
muslim,1525,1074,
muslim,1526,1075,
muslim,1528,1076,
muslim,1529,1077,
muslim,1532,1078,
muslim,1537,1080,
muslim,1539,1081,
muslim,1545,1085,
muslim,1546,1086,
muslim,1547,1087,
muslim,1548,1088,
muslim,1550,1090,
muslim,1553,1091,
muslim,1554,1092,
muslim,1556,1094,
muslim,1557,1095,
muslim,1561,1098,
muslim,1563,1100,
muslim,1565,1101,
muslim,1570,1105,
muslim,1571,1106,
muslim,1572,1107,
muslim,1575,1109,
muslim,1579,1112,
muslim,1580,1113,
muslim,1581,1114,
muslim,1582,1115,
muslim,1583,1116,
muslim,1584,1117,
muslim,1590,1119,
muslim,1594,1121,
muslim,1596,1122,
muslim,1598,1123,
muslim,1600,1125,
muslim,1609,1128,
muslim,1611,1130,
muslim,1612,1131,
muslim,1614,1132,
muslim,1615,1133,
muslim,1617,1135,
muslim,1619,1137,
muslim,1620,1138,
muslim,1622,1140,
muslim,1623,1141,
muslim,1625,1143,
muslim,1626,1144,
muslim,1627,1145,
muslim,1629,1147,
muslim,1632,1150,
muslim,1635,1153,
muslim,1636,1154,
muslim,1637,1155,
muslim,1638,1156,
muslim,1640,1157,
muslim,1642,1159,
muslim,1644,1160,
muslim,1645,1161,
muslim,1649,1162,
muslim,1650,1163,
muslim,1651,1164,
muslim,1652,1165,
muslim,1656,1168,
muslim,1658,1170,
muslim,1659,1171,
muslim,1661,1173,
muslim,1663,1175,
muslim,1665,1176,
muslim,1668,1178,
muslim,1669,1179,
muslim,1678,1185,
muslim,1680,1186,
muslim,1681,1187,
muslim,1683,1188,
muslim,1687,1192,
muslim,1688,1193,
muslim,1689,1194,
muslim,1690,1195,
muslim,1691,1196,
muslim,1694,1198,
muslim,1698,1200,
muslim,1699,1201,
muslim,1700,1202,
muslim,1702,1203,
muslim,1703,1204,
muslim,1704,1205,
muslim,1706,1207,
muslim,1707,1208,
muslim,1708,1209,
muslim,1711,1211,
muslim,1715,1214,
muslim,1718,1216,
muslim,1720,1217,
muslim,1722,1218,
muslim,1723,1219,
muslim,1724,1220,
muslim,1726,1221,
muslim,1727,1222,
muslim,1728,1223,
muslim,1729,1224,
muslim,1730,1225,
muslim,1731,1226,
muslim,1732,1227,
muslim,1734,1228,
muslim,1736,1230,
muslim,1738,1232,
muslim,1739,1233,
muslim,1743,1234,
muslim,1744,1235,
muslim,1745,1236,
muslim,1746,1237,
muslim,1747,1238,
muslim,1748,1239,
muslim,1750,1241,
muslim,1753,1243,
muslim,1757,1247,
muslim,1759,1249,
muslim,1760,1250,
muslim,1761,1251,
muslim,1765,1254,
muslim,1766,1255,
muslim,1768,1257,
muslim,1774,1263,
muslim,1775,1264,
muslim,1781,1268,
muslim,1782,1269,
muslim,1785,1272,
muslim,1788,1274,
muslim,1789,1275,
muslim,1790,106,
muslim,1791,1276,
muslim,1793,1278,
muslim,1799,1280,
muslim,1801,1282,
muslim,1804,1284,
muslim,1805,1285,
muslim,1806,1286,
muslim,1807,1287,
muslim,1808,1288,
muslim,1811,1289,
muslim,1812,1290,
muslim,1816,1292,
muslim,1817,1293,
muslim,1819,1295,
muslim,1820,1296,
muslim,1821,1297,
muslim,1823,1299,
muslim,1824,1300,
muslim,1825,1301,
muslim,1829,1304,
muslim,1830,1305,
muslim,1831,1306,
muslim,1833,1307,
muslim,1838,1312,
muslim,1841,1314,
muslim,1842,1315,
muslim,1844,1317,
muslim,1847,1319,
muslim,1849,1320,
muslim,1852,1322,
muslim,1853,1323,
muslim,1854,1324,
muslim,1856,1325,
muslim,1859,1327,
muslim,1860,1328,
muslim,1862,1329,
muslim,1867,1332,
muslim,1873,1336,
muslim,1874,1337,
muslim,1876,1338,
muslim,1877,1339,
muslim,1878,1340,
muslim,1883,1342,
muslim,1885,1343,
muslim,1886,1344,
muslim,1888,1345,
muslim,1889,1346,
muslim,1890,1347,
muslim,1891,1348,
muslim,1892,1349,
muslim,1896,1352,
muslim,1897,1353,
muslim,1904,1356,
muslim,1908,1358,
muslim,1911,1359,
muslim,1912,1360,
muslim,1916,1364,
muslim,1919,1365,
muslim,1920,1366,
muslim,1922,1367,
muslim,1923,1368,
muslim,1926,1371,
muslim,1927,1372,
muslim,1929,1373,
muslim,1930,1374,
muslim,1931,1375,
muslim,1932,1376,
muslim,1934,1378,
muslim,1935,1379,
muslim,1938,1382,
muslim,1939,1383,
muslim,1940,1384,
muslim,1948,1390,
muslim,1956,1396,
muslim,1957,1397,
muslim,1960,1400,
muslim,1961,1401,
muslim,1965,1404,
muslim,1972,1407,
muslim,1975,1409,
muslim,1978,1412,
muslim,1980,1413,
muslim,1982,1415,
muslim,1984,1416,
muslim,1987,1418,
muslim,1989,1420,
muslim,1990,1421,
muslim,1991,1422,
muslim,1992,1423,
muslim,1993,1424,
muslim,1994,1425,
muslim,1995,1426,
muslim,1996,1427,
muslim,1998,1428,
muslim,1999,1429,
muslim,2000,1430,
muslim,2002,1432,
muslim,2003,1433,
muslim,2004,1434,
muslim,2005,1435,
muslim,2008,1436,
muslim,2009,1437,
muslim,2011,1439,
muslim,2012,1440,
muslim,2014,1441,
muslim,2018,1444,
muslim,2020,1445,
muslim,2022,1447,
muslim,2024,1449,
muslim,2025,1450,
muslim,2026,1451,
muslim,2029,1452,
muslim,2030,1453,
muslim,2031,1454,
muslim,2034,1455,
muslim,2035,1456,
muslim,2037,2735,
muslim,2038,1459,
muslim,2042,1463,
muslim,2046,1465,
muslim,2047,1466,
muslim,2051,1470,
muslim,2052,1471,
muslim,2055,1474,
muslim,2056,1475,
muslim,2059,1477,
muslim,2065,1482,
muslim,2066,1483,
muslim,2068,1484,
muslim,2071,1487,
muslim,2075,1492,
muslim,2076,1491,
muslim,2083,1494,
muslim,2085,1496,
muslim,2086,1497,
muslim,2089,1499,
muslim,2091,1500,
muslim,2092,1501,
muslim,2094,1502,
muslim,2095,1503,
muslim,2096,1504,
muslim,2101,1507,
muslim,2103,1509,
muslim,2109,1512,
muslim,2111,1513,
muslim,2112,1514,
muslim,2113,1515,
muslim,2114,1516,
muslim,2115,1517,
muslim,2117,1518,
muslim,2118,1519,
muslim,2123,1523,
muslim,2125,1524,
muslim,2126,1525,
muslim,2127,1526,
muslim,2128,5,
muslim,2130,1528,
muslim,2134,1530,
muslim,2135,1531,
muslim,2137,1532,
muslim,2138,1533,
muslim,2139,1534,
muslim,2140,1535,
muslim,2143,1537,
muslim,2145,1539,
muslim,2146,1540,
muslim,2147,1541,
muslim,2148,1542,
muslim,2149,1543,
muslim,2150,1544,
muslim,2153,1546,
muslim,2157,1549,
muslim,2158,418,
muslim,2161,1551,
muslim,2163,1552,
muslim,2164,1553,
muslim,2165,1554,
muslim,2166,1555,
muslim,2172,1558,
muslim,2173,1559,
muslim,2175,1560,
muslim,2176,1561,
muslim,2177,1562,
muslim,2180,1564,
muslim,2182,1565,
muslim,2183,1566,
muslim,2185,1567,
muslim,2187,1464,
muslim,2189,1570,
muslim,2192,1571,
muslim,2193,5287,
muslim,2195,1574,
muslim,2196,1575,
muslim,2198,1576,
muslim,2199,1577,
muslim,2200,1578,
muslim,2207,1582,
muslim,2209,1584,
muslim,2210,1585,
muslim,2211,1586,
muslim,2214,1587,
muslim,2215,1588,
muslim,2220,1591,
muslim,2221,1592,
muslim,2222,1593,
muslim,2224,1595,
muslim,2229,1598,
muslim,2233,1600,
muslim,2235,1602,
muslim,2237,1603,
muslim,2240,1606,
muslim,2241,1607,
muslim,2242,1608,
muslim,2245,1610,
muslim,2247,1611,
muslim,2250,1613,
muslim,2251,1614,
muslim,2253,1616,
muslim,2254,1617,
muslim,2255,1618,
muslim,2256,1619,
muslim,2258,1621,
muslim,2259,1622,
muslim,2262,1624,
muslim,2263,1625,
muslim,2266,1626,
muslim,2270,1628,
muslim,2273,1631,
muslim,2274,1632,
muslim,2277,1634,
muslim,2279,1636,
muslim,2283,1640,
muslim,2285,1642,
muslim,2287,1644,
muslim,2288,1645,
muslim,2289,1646,
muslim,2290,1647,
muslim,2292,1648,
muslim,2296,1649,
muslim,2305,1655,
muslim,2306,1656,
muslim,2307,1657,
muslim,2308,1658,
muslim,2310,1660,
muslim,2311,1661,
muslim,2312,1662,
muslim,2315,1664,
muslim,2318,1667,
muslim,2325,1671,
muslim,2326,1672,
muslim,2328,1673,
muslim,2329,1674,
muslim,2330,1675,
muslim,2331,1392,
muslim,2333,1676,
muslim,2336,1678,
muslim,2338,1680,
muslim,2340,1682,
muslim,2341,1683,
muslim,2346,1686,
muslim,2347,1687,
muslim,2351,1691,
muslim,2355,1692,
muslim,2358,1694,
muslim,2359,1695,
muslim,2361,1697,
muslim,2362,1698,
muslim,2363,1699,
muslim,2365,1700,
muslim,2366,1701,
muslim,2368,1702,
muslim,2369,1703,
muslim,2371,1705,
muslim,2373,1706,
muslim,2374,1707,
muslim,2375,1708,
muslim,2377,1709,
muslim,2378,1710,
muslim,2379,1712,
muslim,2382,1713,
muslim,2386,1716,
muslim,2388,1718,
muslim,2389,1719,
muslim,2394,1723,
muslim,2396,1724,
muslim,2398,1725,
muslim,2400,1727,
muslim,2402,1728,
muslim,2403,1729,
muslim,2404,1730,
muslim,2405,1731,
muslim,2406,1732,
muslim,2410,1734,
muslim,2411,1735,
muslim,2412,1736,
muslim,2413,1505,
muslim,2415,1737,
muslim,2416,1381,
muslim,2418,1739,
muslim,2419,1740,
muslim,2420,1741,
muslim,2421,1742,
muslim,2422,1743,
muslim,2423,1744,
muslim,2426,1746,
muslim,2427,1747,
muslim,2428,1748,
muslim,2430,1749,
muslim,2431,1750,
muslim,2432,1751,
muslim,2435,597,
muslim,2436,1753,
muslim,2440,1755,
muslim,2441,1756,
muslim,2443,1757,
muslim,2447,1759,
muslim,2448,1760,
muslim,2452,1763,
muslim,2456,1765,
muslim,2457,1766,
muslim,2458,1767,
muslim,2459,1768,
muslim,2460,1769,
muslim,2461,1770,
muslim,2462,1771,
muslim,2465,1772,
muslim,2467,1773,
muslim,2472,1777,
muslim,2477,1780,
muslim,2478,1781,
muslim,2479,1782,
muslim,2480,1783,
muslim,2487,1788,
muslim,2490,1789,
muslim,2502,1797,
muslim,2503,1798,
muslim,2506,1801,
muslim,2507,1802,
muslim,2508,1803,
muslim,2509,1804,
muslim,2516,1810,
muslim,2517,1811,
muslim,2518,1812,
muslim,2521,1814,
muslim,2525,1817,
muslim,2529,1820,
muslim,2531,1822,
muslim,2532,1823,
muslim,2534,1825,
muslim,2535,1826,
muslim,2543,1830,
muslim,2544,1831,
muslim,2545,1832,
muslim,2547,1834,
muslim,2549,1835,
muslim,2550,1836,
muslim,2552,1837,
muslim,2556,1839,
muslim,2557,1840,
muslim,2558,1841,
muslim,2559,1842,
muslim,2560,1843,
muslim,2569,1847,
muslim,2570,1848,
muslim,2571,1849,
muslim,2572,1850,
muslim,2573,1851,
muslim,2574,1852,
muslim,2577,1855,
muslim,2579,1857,
muslim,2584,1860,
muslim,2585,1861,
muslim,2592,1867,
muslim,2593,1868,
muslim,2594,1869,
muslim,2595,1870,
muslim,2601,1873,
muslim,2604,1875,
muslim,2608,1876,
muslim,2609,1877,
muslim,2610,1878,
muslim,2618,1882,
muslim,2619,1883,
muslim,2620,1884,
muslim,2622,1886,
muslim,2623,1887,
muslim,2624,1888,
muslim,2625,1889,
muslim,2626,2070,
muslim,2629,1891,
muslim,2630,1892,
muslim,2631,1893,
muslim,2632,1894,
muslim,2639,1898,
muslim,2640,5202,
muslim,2645,1903,
muslim,2647,1904,
muslim,2650,1906,
muslim,2651,1907,
muslim,2652,1908,
muslim,2656,1910,
muslim,2658,1911,
muslim,2661,1913,
muslim,2662,1914,
muslim,2666,1916,
muslim,2668,1918,
muslim,2669,1919,
muslim,2672,1921,
muslim,2673,1922,
muslim,2674,1923,
muslim,2675,1924,
muslim,2676,1925,
muslim,2677,1926,
muslim,2679,1927,
muslim,2681,1928,
muslim,2683,1929,
muslim,2684,1930,
muslim,2685,1931,
muslim,2686,1932,
muslim,2687,1933,
muslim,2691,1934,
muslim,2693,1936,
muslim,2694,1937,
muslim,2696,1938,
muslim,2697,1939,
muslim,2707,1945,
muslim,2708,1946,
muslim,2710,1947,
muslim,2711,1948,
muslim,2713,1949,
muslim,2714,1950,
muslim,2715,1951,
muslim,2716,1952,
muslim,2717,1953,
muslim,2718,1954,
muslim,2719,1955,
muslim,2721,1956,
muslim,2723,1958,
muslim,2724,1959,
muslim,2728,1961,
muslim,2729,1962,
muslim,2731,1963,
muslim,2732,1964,
muslim,2733,1965,
muslim,2736,1967,
muslim,2739,1969,
muslim,2743,1973,
muslim,2744,1974,
muslim,2745,1975,
muslim,2746,1976,
muslim,2751,1979,
muslim,2752,1980,
muslim,2755,1982,
muslim,2756,1983,
muslim,2763,1987,
muslim,2768,1992,
muslim,2769,1993,
muslim,2771,1994,
muslim,2772,1995,
muslim,2774,1996,
muslim,2775,1997,
muslim,2776,1998,
muslim,2777,1999,
muslim,2779,2001,
muslim,2780,2002,
muslim,2781,2003,
muslim,2782,2004,
muslim,2783,2005,
muslim,2784,2006,
muslim,2785,2007,
muslim,2787,2008,
muslim,2788,2009,
muslim,2789,2010,
muslim,2790,2011,
muslim,2792,2013,
muslim,2794,2015,
muslim,2796,4304,
muslim,2797,2016,
muslim,2798,2017,
muslim,2799,2018,
muslim,2800,2019,
muslim,2801,2020,
muslim,2802,2021,
muslim,2803,2022,
muslim,2804,2023,
muslim,2806,2025,
muslim,2809,2028,
muslim,2813,2030,
muslim,2815,2032,
muslim,2817,2034,
muslim,2820,2036,
muslim,2823,2039,
muslim,2824,2040,
muslim,2825,2041,
muslim,2826,2042,
muslim,2827,2043,
muslim,2828,2044,
muslim,2830,2046,
muslim,2832,2048,
muslim,2834,2050,
muslim,2837,2052,
muslim,2838,2053,
muslim,2839,2054,
muslim,2841,2055,
muslim,2842,2056,
muslim,2844,2058,
muslim,2850,2061,
muslim,2851,2062,
muslim,2852,2063,
muslim,2854,2064,
muslim,2855,2065,
muslim,2857,2066,
muslim,2860,2067,
muslim,2861,2068,
muslim,2865,2071,
muslim,2868,2073,
muslim,2870,2075,
muslim,2871,2076,
muslim,2873,2078,
muslim,2877,2080,
muslim,2881,2083,
muslim,2882,2084,
muslim,2884,2086,
muslim,2885,2087,
muslim,2886,2088,
muslim,2888,2090,
muslim,2891,2092,
muslim,2893,2093,
muslim,2894,2094,
muslim,2896,2095,
muslim,2897,2096,
muslim,2900,2099,
muslim,2901,2100,
muslim,2902,2101,
muslim,2905,2103,
muslim,2906,2104,
muslim,2908,2106,
muslim,2909,2107,
muslim,2913,2111,
muslim,2917,2113,
muslim,2919,2115,
muslim,2921,2116,
muslim,2922,2117,
muslim,2923,2118,
muslim,2925,2119,
muslim,2926,1764,
muslim,2927,2120,
muslim,2930,2121,
muslim,2934,2124,
muslim,2935,2125,
muslim,2937,2127,
muslim,2944,2132,
muslim,2945,2133,
muslim,2946,2134,
muslim,2949,2136,
muslim,2952,2138,
muslim,2953,2139,
muslim,2955,2141,
muslim,2956,2142,
muslim,2959,2144,
muslim,2965,2148,
muslim,2966,2149,
muslim,2967,2150,
muslim,2968,2151,
muslim,2969,2152,
muslim,2973,2153,
muslim,2974,2154,
muslim,2976,2155,
muslim,2977,2156,
muslim,2979,2157,
muslim,2980,2158,
muslim,2983,2160,
muslim,2986,2162,
muslim,2987,1120,
muslim,2988,2163,
muslim,2989,2164,
muslim,2990,2165,
muslim,2992,2166,
muslim,2994,2167,
muslim,2995,2168,
muslim,2997,2170,
muslim,2998,2171,
muslim,2999,2172,
muslim,3003,2174,
muslim,3005,2176,
muslim,3007,2177,
muslim,3012,2180,
muslim,3016,2184,
muslim,3019,2186,
muslim,3020,2187,
muslim,3021,2188,
muslim,3023,2190,
muslim,3024,2191,
muslim,3025,2192,
muslim,3026,2193,
muslim,3029,2195,
muslim,3030,2196,
muslim,3032,2197,
muslim,3034,2198,
muslim,3035,2199,
muslim,3036,2200,
muslim,3042,2204,
muslim,3044,2206,
muslim,3045,2207,
muslim,3046,2208,
muslim,3049,2211,
muslim,3050,2212,
muslim,3051,2213,
muslim,3052,2214,
muslim,3053,2215,
muslim,3055,2217,
muslim,3057,2218,
muslim,3058,2219,
muslim,3060,2221,
muslim,3061,2222,
muslim,3062,2223,
muslim,3064,2225,
muslim,3065,2226,
muslim,3066,2227,
muslim,3067,2228,
muslim,3069,2230,
muslim,3071,2232,
muslim,3074,2234,
muslim,3075,2235,
muslim,3076,2236,
muslim,3077,2237,
muslim,3078,2238,
muslim,3079,2239,
muslim,3080,2240,
muslim,3081,2241,
muslim,3083,2242,
muslim,3084,2243,
muslim,3087,2246,
muslim,3088,2247,
muslim,3091,2249,
muslim,3093,2250,
muslim,3094,2251,
muslim,3095,2252,
muslim,3096,2253,
muslim,3097,2254,
muslim,3098,2255,
muslim,3099,2256,
muslim,3100,2257,
muslim,3101,2258,
muslim,3102,2259,
muslim,3103,2260,
muslim,3105,2262,
muslim,3106,2263,
muslim,3109,2264,
muslim,3114,2268,
muslim,3118,2271,
muslim,3119,2272,
muslim,3120,2273,
muslim,3122,2274,
muslim,3124,2275,
muslim,3126,2277,
muslim,3127,2278,
muslim,3128,2279,
muslim,3129,2280,
muslim,3132,2283,
muslim,3136,2285,
muslim,3137,2286,
muslim,3139,2288,
muslim,3140,2289,
muslim,3141,2290,
muslim,3145,2293,
muslim,3147,2294,
muslim,3148,2295,
muslim,3150,2296,
muslim,3151,2297,
muslim,3152,2298,
muslim,3155,2300,
muslim,3159,2303,
muslim,3161,2304,
muslim,3163,2305,
muslim,3164,2306,
muslim,3165,2307,
muslim,3166,2308,
muslim,3167,2309,
muslim,3168,2310,
muslim,3172,2313,
muslim,3175,2316,
muslim,3179,2319,
muslim,3180,2320,
muslim,3183,2321,
muslim,3185,2322,
muslim,3187,2324,
muslim,3190,2327,
muslim,3191,2328,
muslim,3193,2330,
muslim,3194,2331,
muslim,3197,2332,
muslim,3199,2334,
muslim,3200,2335,
muslim,3201,2336,
muslim,3204,2339,
muslim,3207,2341,
muslim,3211,2344,
muslim,3212,2345,
muslim,3216,2348,
muslim,3218,2349,
muslim,3219,2350,
muslim,3220,2351,
muslim,3221,2352,
muslim,3225,2354,
muslim,3227,2356,
muslim,3231,2359,
muslim,3232,1060,
muslim,3233,2360,
muslim,3234,2361,
muslim,3237,2364,
muslim,3238,2365,
muslim,3239,2366,
muslim,3243,2369,
muslim,3244,2370,
muslim,3245,2371,
muslim,3248,2373,
muslim,3249,2374,
muslim,3252,2376,
muslim,3257,2380,
muslim,3260,2447,
muslim,3263,2383,
muslim,3267,2387,
muslim,3268,2388,
muslim,3269,2389,
muslim,3270,2390,
muslim,3272,2391,
muslim,3277,2393,
muslim,3283,2397,
muslim,3284,2398,
muslim,3285,2399,
muslim,3286,2400,
muslim,3287,2401,
muslim,3288,2402,
muslim,3291,2404,
muslim,3295,2406,
muslim,3296,2407,
muslim,3298,2409,
muslim,3299,2410,
muslim,3301,2411,
muslim,3303,2412,
muslim,3305,2414,
muslim,3306,2415,
muslim,3307,2416,
muslim,3308,2417,
muslim,3309,2418,
muslim,3310,2419,
muslim,3311,2420,
muslim,3312,2421,
muslim,3315,2423,
muslim,3316,2424,
muslim,3320,2427,
muslim,3321,2428,
muslim,3323,2429,
muslim,3324,2430,
muslim,3326,2432,
muslim,3327,2433,
muslim,3333,2436,
muslim,3335,2438,
muslim,3336,2439,
muslim,3338,2440,
muslim,3339,2441,
muslim,3342,2444,
muslim,3344,2445,
muslim,3345,2446,
muslim,3349,2448,
muslim,3350,2449,
muslim,3351,2450,
muslim,3356,2454,
muslim,3357,2455,
muslim,3358,2456,
muslim,3359,2457,
muslim,3363,2458,
muslim,3364,2459,
muslim,3365,2460,
muslim,3366,2461,
muslim,3369,2464,
muslim,3372,2467,
muslim,3373,2468,
muslim,3374,2469,
muslim,3376,2471,
muslim,3377,2472,
muslim,3384,2475,
muslim,3386,2476,
muslim,3387,2477,
muslim,3389,2478,
muslim,3390,2479,
muslim,3391,2480,
muslim,3394,2482,
muslim,3395,2483,
muslim,3396,2484,
muslim,3403,2487,
muslim,3404,2488,
muslim,3405,2489,
muslim,3406,2490,
muslim,3407,2491,
muslim,3414,2495,
muslim,3415,2496,
muslim,3419,2500,
muslim,3424,2503,
muslim,3425,2504,
muslim,3426,2505,
muslim,3427,2506,
muslim,3428,2507,
muslim,3429,2508,
muslim,3433,2511,
muslim,3436,2514,
muslim,3438,2516,
muslim,3440,2518,
muslim,3442,2519,
muslim,3443,2520,
muslim,3444,2521,
muslim,3446,2522,
muslim,3447,2523,
muslim,3448,2524,
muslim,3451,2527,
muslim,3452,2528,
muslim,3453,2529,
muslim,3455,2531,
muslim,3458,2532,
muslim,3461,2534,
muslim,3462,2535,
muslim,3464,2536,
muslim,3467,2538,
muslim,3469,2540,
muslim,3472,2542,
muslim,3473,2543,
muslim,3476,2545,
muslim,3477,2546,
muslim,3479,2547,
muslim,3480,2548,
muslim,3482,2550,
muslim,3485,2552,
muslim,3486,2553,
muslim,3487,2554,
muslim,3489,2555,
muslim,3490,2556,
muslim,3491,2557,
muslim,3493,2558,
muslim,3495,2560,
muslim,3497,2561,
muslim,3501,2566,
muslim,3502,2565,
muslim,3503,2567,
muslim,3504,2568,
muslim,3505,2569,
muslim,3506,2570,
muslim,3507,2571,
muslim,3510,2575,
muslim,3514,2579,
muslim,3515,2580,
muslim,3516,2581,
muslim,3517,2582,
muslim,3518,2583,
muslim,3524,2586,
muslim,3526,2587,
muslim,3529,2589,
muslim,3534,2591,
muslim,3536,2593,
muslim,3540,2595,
muslim,3542,2597,
muslim,3543,2598,
muslim,3547,2601,
muslim,3549,2602,
muslim,3550,2603,
muslim,3553,2604,
muslim,3554,2605,
muslim,3556,2606,
muslim,3557,2607,
muslim,3559,2608,
muslim,3561,2610,
muslim,3562,2611,
muslim,3564,2612,
muslim,3565,2613,
muslim,3567,2614,
muslim,3569,2616,
muslim,3576,2562,
muslim,3581,2623,
muslim,3583,2624,
muslim,3585,2625,
muslim,3586,2626,
muslim,3588,2627,
muslim,3590,2628,
muslim,3591,2629,
muslim,3592,2630,
muslim,3593,2631,
muslim,3595,2632,
muslim,3596,2633,
muslim,3598,2635,
muslim,3600,2636,
muslim,3601,2637,
muslim,3602,2638,
muslim,3604,2640,
muslim,3605,2641,
muslim,3606,2642,
muslim,3608,2643,
muslim,3611,2644,
muslim,3615,2646,
muslim,3617,2647,
muslim,3618,2648,
muslim,3619,2649,
muslim,3621,2650,
muslim,3626,2654,
muslim,3629,2657,
muslim,3632,2659,
muslim,3634,2660,
muslim,3638,2664,
muslim,3640,2665,
muslim,3641,2666,
muslim,3642,2667,
muslim,3643,2668,
muslim,3648,2672,
muslim,3653,2676,
muslim,3656,2678,
muslim,3657,2679,
muslim,3659,2680,
muslim,3663,2682,
muslim,3664,2683,
muslim,3669,2687,
muslim,3673,2689,
muslim,3674,2690,
muslim,3675,2691,
muslim,3676,2692,
muslim,3677,2693,
muslim,3678,2694,
muslim,3679,2695,
muslim,3681,2696,
muslim,3682,2697,
muslim,3684,2698,
muslim,3685,2699,
muslim,3687,2701,
muslim,3690,2703,
muslim,3691,2704,
muslim,3692,2705,
muslim,3694,2706,
muslim,3696,2708,
muslim,3699,2711,
muslim,3700,2712,
muslim,3702,2713,
muslim,3704,2714,
muslim,3705,2715,
muslim,3707,2716,
muslim,3709,2718,
muslim,3710,2719,
muslim,3712,2720,
muslim,3715,2721,
muslim,3716,2722,
muslim,3717,2723,
muslim,3718,2724,
muslim,3720,2726,
muslim,3721,2727,
muslim,3722,2728,
muslim,3723,2729,
muslim,3728,2732,
muslim,3734,2736,
muslim,3735,2737,
muslim,3739,2738,
muslim,3740,2739,
muslim,3741,1845,
muslim,3742,2740,
muslim,3743,2741,
muslim,3745,1529,
muslim,3746,2742,
muslim,3749,2744,
muslim,3752,2746,
muslim,3753,2747,
muslim,3756,2748,
muslim,3757,2749,
muslim,3758,2750,
muslim,3760,2751,
muslim,3764,2755,
muslim,3766,2756,
muslim,3775,2760,
muslim,3776,2761,
muslim,3777,2762,
muslim,3779,2763,
muslim,3781,2764,
muslim,3782,2765,
muslim,3785,2767,
muslim,3786,2768,
muslim,3787,2769,
muslim,3788,2770,
muslim,3793,2773,
muslim,3794,2774,
muslim,3796,2776,
muslim,3797,2777,
muslim,3798,2778,
muslim,3799,2779,
muslim,3801,2780,
muslim,3808,2783,
muslim,3810,2785,
muslim,3812,2787,
muslim,3814,2789,
muslim,3819,2793,
muslim,3821,2794,
muslim,3822,2795,
muslim,3823,2796,
muslim,3825,2798,
muslim,3826,2799,
muslim,3828,2800,
muslim,3830,2802,
muslim,3832,2804,
muslim,3833,2805,
muslim,3837,2807,
muslim,3839,2808,
muslim,3842,2812,
muslim,3844,2814,
muslim,3847,2816,
muslim,3848,2817,
muslim,3849,2818,
muslim,3850,2819,
muslim,3856,2823,
muslim,3858,2825,
muslim,3864,2828,
muslim,3865,2829,
muslim,3872,2832,
muslim,3874,2834,
muslim,3875,2835,
muslim,3877,2836,
muslim,3878,2837,
muslim,3880,2839,
muslim,3883,2840,
muslim,3887,2842,
muslim,3891,2844,
muslim,3892,2845,
muslim,3896,2848,
muslim,3897,2849,
muslim,3902,2852,
muslim,3910,2856,
muslim,3911,2857,
muslim,3912,2858,
muslim,3913,2859,
muslim,3915,2860,
muslim,3916,2861,
muslim,3917,2862,
muslim,3918,2863,
muslim,3919,2864,
muslim,3921,2866,
muslim,3922,2867,
muslim,3923,2868,
muslim,3925,2870,
muslim,3926,2871,
muslim,3928,2872,
muslim,3929,2873,
muslim,3930,2874,
muslim,3931,2875,
muslim,3932,2876,
muslim,3935,2879,
muslim,3937,2880,
muslim,3938,2881,
muslim,3940,2882,
muslim,3945,2885,
muslim,3950,2886,
muslim,3952,2888,
muslim,3953,2889,
muslim,3955,2890,
muslim,3956,2891,
muslim,3957,2892,
muslim,3958,2893,
muslim,3960,2894,
muslim,3961,2895,
muslim,3962,2896,
muslim,3963,2897,
muslim,3964,2841,
muslim,3966,2898,
muslim,3967,2899,
muslim,3968,2900,
muslim,3970,2902,
muslim,3971,2903,
muslim,3972,466,
muslim,3973,2904,
muslim,3975,2905,
muslim,3978,2907,
muslim,3979,2908,
muslim,3980,2909,
muslim,3981,2910,
muslim,3983,2911,
muslim,3984,2912,
muslim,3987,2913,
muslim,3989,2914,
muslim,3992,2916,
muslim,3994,2918,
muslim,3996,2920,
muslim,4000,2923,
muslim,4004,2925,
muslim,4005,2926,
muslim,4006,2927,
muslim,4007,2928,
muslim,4008,2929,
muslim,4011,2931,
muslim,4014,2932,
muslim,4018,2936,
muslim,4019,2937,
muslim,4020,2938,
muslim,4024,2941,
muslim,4028,2945,
muslim,4034,2949,
muslim,4035,2950,
muslim,4036,2951,
muslim,4040,2953,
muslim,4041,2954,
muslim,4042,2955,
muslim,4046,2958,
muslim,4047,2959,
muslim,4049,932,
muslim,4051,2961,
muslim,4052,2962,
muslim,4054,2964,
muslim,4058,2967,
muslim,4061,2969,
muslim,4063,2970,
muslim,4065,2971,
muslim,4066,2972,
muslim,4068,2973,
muslim,4069,2974,
muslim,4071,2975,
muslim,4073,2977,
muslim,4076,2979,
muslim,4078,2980,
muslim,4079,2981,
muslim,4082,2984,
muslim,4083,2985,
muslim,4085,2987,
muslim,4086,2988,
muslim,4087,2989,
muslim,4088,2990,
muslim,4089,2991,
muslim,4090,2992,
muslim,4091,2993,
muslim,4092,2994,
muslim,4093,2995,
muslim,4094,2996,
muslim,4102,2998,
muslim,4107,3001,
muslim,4108,3002,
muslim,4111,3004,
muslim,4113,3006,
muslim,4114,3007,
muslim,4115,3008,
muslim,4117,3009,
muslim,4118,3010,
muslim,4119,3011,
muslim,4125,3014,
muslim,4126,3015,
muslim,4129,3018,
muslim,4133,3021,
muslim,4134,3022,
muslim,4135,3023,
muslim,4137,3025,
muslim,4139,3026,
muslim,4140,3027,
muslim,4141,3028,
muslim,4144,3030,
muslim,4145,3031,
muslim,4146,3032,
muslim,4147,3033,
muslim,4148,3034,
muslim,4150,3035,
muslim,4152,3036,
muslim,4155,3038,
muslim,4156,3039,
muslim,4157,3040,
muslim,4159,3041,
muslim,4163,3044,
muslim,4165,3045,
muslim,4169,3047,
muslim,4172,3048,
muslim,4173,3049,
muslim,4175,1538,
muslim,4176,3051,
muslim,4178,3053,
muslim,4181,3055,
muslim,4183,3057,
muslim,4184,3058,
muslim,4185,3059,
muslim,4186,3060,
muslim,4190,3064,
muslim,4191,3065,
muslim,4192,3066,
muslim,4193,3067,
muslim,4196,3068,
muslim,4198,3069,
muslim,4199,3070,
muslim,4204,3074,
muslim,4209,3076,
muslim,4212,3077,
muslim,4213,908,
muslim,4214,3078,
muslim,4215,3079,
muslim,4216,2999,
muslim,4218,3080,
muslim,4220,3082,
muslim,4223,3084,
muslim,4224,3085,
muslim,4227,3086,
muslim,4231,3088,
muslim,4232,3089,
muslim,4233,3090,
muslim,4235,3092,
muslim,4237,3093,
muslim,4238,3094,
muslim,4243,3098,
muslim,4245,3099,
muslim,4247,3100,
muslim,4249,3096,
muslim,4250,3102,
muslim,4253,3103,
muslim,4254,3104,
muslim,4259,3106,
muslim,4260,3107,
muslim,4262,3108,
muslim,4263,3109,
muslim,4265,3111,
muslim,4270,3112,
muslim,4271,3113,
muslim,4272,3114,
muslim,4273,3115,
muslim,4275,3116,
muslim,4277,3118,
muslim,4283,3121,
muslim,4284,3122,
muslim,4285,3123,
muslim,4286,3124,
muslim,4288,3125,
muslim,4292,3128,
muslim,4294,3129,
muslim,4298,3130,
muslim,4304,3134,
muslim,4308,3136,
muslim,4311,3138,
muslim,4317,3142,
muslim,4319,2473,
muslim,4325,3147,
muslim,4326,3148,
muslim,4327,3149,
muslim,4329,3150,
muslim,4334,3153,
muslim,4335,3154,
muslim,4341,3156,
muslim,4342,3157,
muslim,4349,3160,
muslim,4350,3161,
muslim,4353,3162,
muslim,4354,3163,
muslim,4360,3164,
muslim,4365,3167,
muslim,4369,3170,
muslim,4370,3171,
muslim,4371,3172,
muslim,4372,3173,
muslim,4375,3175,
muslim,4377,3176,
muslim,4382,3178,
muslim,4383,3179,
muslim,4388,3182,
muslim,4390,3184,
muslim,4391,3185,
muslim,4393,3186,
muslim,4394,3187,
muslim,4399,3189,
muslim,4400,3190,
muslim,4401,3191,
muslim,4402,3192,
muslim,4404,3193,
muslim,4414,3199,
muslim,4416,3200,
muslim,4418,3201,
muslim,4420,3202,
muslim,4423,2513,
muslim,4424,3203,
muslim,4427,3205,
muslim,4428,3206,
muslim,4431,3207,
muslim,4433,3209,
muslim,4435,3210,
muslim,4439,3211,
muslim,4442,3213,
muslim,4444,3214,
muslim,4445,3215,
muslim,4447,3216,
muslim,4450,3217,
muslim,4455,879,
muslim,4457,3220,
muslim,4458,3221,
muslim,4459,386,
muslim,4460,3222,
muslim,4463,3224,
muslim,4468,3227,
muslim,4469,1408,
muslim,4471,3229,
muslim,4472,3230,
muslim,4473,3232,
muslim,4474,1442,
muslim,4475,3231,
muslim,4477,3233,
muslim,4480,3235,
muslim,4484,3237,
muslim,4485,3238,
muslim,4486,3239,
muslim,4487,3240,
muslim,4490,3241,
muslim,4492,3242,
muslim,4493,3243,
muslim,4494,3244,
muslim,4495,3245,
muslim,4498,3247,
muslim,4499,3248,
muslim,4501,2681,
muslim,4509,3252,
muslim,4510,3253,
muslim,4511,3254,
muslim,4512,2474,
muslim,4514,3256,
muslim,4517,3258,
muslim,4518,3259,
muslim,4519,3260,
muslim,4520,2081,
muslim,4522,3261,
muslim,4526,3263,
muslim,4531,3266,
muslim,4535,3269,
muslim,4538,3272,
muslim,4539,3273,
muslim,4540,3274,
muslim,4545,3277,
muslim,4546,3278,
muslim,4549,3281,
muslim,4553,3285,
muslim,4554,3286,
muslim,4555,3287,
muslim,4556,3288,
muslim,4560,3292,
muslim,4563,3293,
muslim,4565,3294,
muslim,4566,3295,
muslim,4569,3296,
muslim,4572,3298,
muslim,4573,3299,
muslim,4574,3300,
muslim,4575,3301,
muslim,4580,3304,
muslim,4582,3305,
muslim,4585,3307,
muslim,4586,3308,
muslim,4588,3309,
muslim,4593,3312,
muslim,4594,3313,
muslim,4598,3315,
muslim,4600,3316,
muslim,4602,3317,
muslim,4604,3319,
muslim,4605,3320,
muslim,4606,3321,
muslim,4608,3322,
muslim,4612,3324,
muslim,4615,3325,
muslim,4616,3326,
muslim,4619,3328,
muslim,4620,3329,
muslim,4624,3332,
muslim,4627,3334,
muslim,4631,3336,
muslim,4635,3339,
muslim,4636,3340,
muslim,4637,3341,
muslim,4639,3342,
muslim,4640,3343,
muslim,4641,3344,
muslim,4646,3347,
muslim,4652,3351,
muslim,4653,4165,
muslim,4654,3353,
muslim,4657,3354,
muslim,4658,3355,
muslim,4660,3356,
muslim,4661,3357,
muslim,4664,3359,
muslim,4665,3360,
muslim,4667,3362,
muslim,4668,3363,
muslim,4671,2267,
muslim,4672,3366,
muslim,4675,3369,
muslim,4676,3370,
muslim,4677,3371,
muslim,4678,3372,
muslim,4679,3373,
muslim,4682,3375,
muslim,4683,3376,
muslim,4687,3378,
muslim,4689,3379,
muslim,4693,3382,
muslim,4694,3383,
muslim,4695,3384,
muslim,4696,3385,
muslim,4698,3386,
muslim,4699,3387,
muslim,4700,3388,
muslim,4703,3391,
muslim,4704,3392,
muslim,4705,3393,
muslim,4708,3395,
muslim,4709,3396,
muslim,4710,3397,
muslim,4711,5288,
muslim,4714,3400,
muslim,4718,3403,
muslim,4719,3404,
muslim,4720,3405,
muslim,4721,3406,
muslim,4722,3407,
muslim,4727,1800,
muslim,4729,3409,
muslim,4731,205,
muslim,4732,3410,
muslim,4733,3411,
muslim,4737,3412,
muslim,4738,3413,
muslim,4743,3415,
muslim,4746,3416,
muslim,4748,3417,
muslim,4754,3419,
muslim,4755,3420,
muslim,4760,1915,
muslim,4763,3423,
muslim,4766,3425,
muslim,4767,156,
muslim,4771,3427,
muslim,4772,3428,
muslim,4775,3430,
muslim,4778,3431,
muslim,4779,1758,
muslim,4784,3434,
muslim,4785,3435,
muslim,4787,3158,
muslim,4788,3437,
muslim,4790,3438,
muslim,4791,3439,
muslim,4792,3440,
muslim,4793,3441,
muslim,4796,3442,
muslim,4798,3443,
muslim,4799,3444,
muslim,4800,3445,
muslim,4801,3446,
muslim,4804,3447,
muslim,4805,3448,
muslim,4807,3449,
muslim,4808,3450,
muslim,4809,3451,
muslim,4810,3452,
muslim,4811,3453,
muslim,4814,3456,
muslim,4817,3458,
muslim,4820,3460,
muslim,4821,3461,
muslim,4823,3462,
muslim,4824,3463,
muslim,4825,3464,
muslim,4826,3465,
muslim,4827,3466,
muslim,4830,3467,
muslim,4832,3469,
muslim,4835,3471,
muslim,4836,3472,
muslim,4837,3473,
muslim,4839,3474,
muslim,4840,3475,
muslim,4841,3476,
muslim,4843,3477,
muslim,4847,3479,
muslim,4850,3481,
muslim,4856,3483,
muslim,4859,3484,
muslim,4861,3485,
muslim,4864,1405,
muslim,4865,1302,
muslim,4867,3488,
muslim,4869,3490,
muslim,4871,3491,
muslim,4874,3493,
muslim,4879,3496,
muslim,4883,3498,
muslim,4884,3499,
muslim,4885,3500,
muslim,4886,3501,
muslim,4889,3503,
muslim,4892,3504,
muslim,4893,996,
muslim,4896,3507,
muslim,4898,3508,
muslim,4899,3509,
muslim,4901,3510,
muslim,4902,3511,
muslim,4903,3512,
muslim,4906,3513,
muslim,4907,3514,
muslim,4910,3515,
muslim,4912,3517,
muslim,4913,3518,
muslim,4914,3519,
muslim,4915,3520,
muslim,4916,3521,
muslim,4917,3522,
muslim,4918,3523,
muslim,4921,3525,
muslim,4922,3526,
muslim,4925,3528,
muslim,4926,3897,
muslim,4927,3530,
muslim,4929,3531,
muslim,4930,3532,
muslim,4931,3533,
muslim,4934,3535,
muslim,4935,3536,
muslim,4941,3539,
muslim,4944,3540,
muslim,4946,3541,
muslim,4948,3542,
muslim,4949,3543,
muslim,4950,3544,
muslim,4951,3545,
muslim,4953,3546,
muslim,4955,3548,
muslim,4956,3549,
muslim,4958,3551,
muslim,4961,3554,
muslim,4962,3555,
muslim,4964,3556,
muslim,4965,3557,
muslim,4967,3558,
muslim,4969,3559,
muslim,4972,3560,
muslim,4973,3561,
muslim,4977,3563,
muslim,4981,3565,
muslim,4982,3566,
muslim,4983,3567,
muslim,4985,3568,
muslim,4986,3569,
muslim,4987,692,
muslim,4988,3570,
muslim,4990,3572,
muslim,4992,3573,
muslim,4996,3575,
muslim,4999,3577,
muslim,5000,3578,
muslim,5001,3579,
muslim,5002,3580,
muslim,5005,3581,
muslim,5007,3582,
muslim,5009,3584,
muslim,5011,3586,
muslim,5015,3590,
muslim,5017,3591,
muslim,5018,3592,
muslim,5020,3593,
muslim,5021,3594,
muslim,5022,3595,
muslim,5025,3597,
muslim,5027,3598,
muslim,5029,3600,
muslim,5032,3601,
muslim,5035,3603,
muslim,5039,3604,
muslim,5041,3606,
muslim,5043,3608,
muslim,5044,3609,
muslim,5045,3610,
muslim,5050,3612,
muslim,5052,3613,
muslim,5054,3614,
muslim,5056,3615,
muslim,5059,3617,
muslim,5062,3619,
muslim,5063,3620,
muslim,5064,3621,
muslim,5065,3622,
muslim,5069,3624,
muslim,5070,3625,
muslim,5076,3628,
muslim,5077,3629,
muslim,5079,3630,
muslim,5083,3632,
muslim,5085,3634,
muslim,5087,3635,
muslim,5088,3636,
muslim,5090,238,
muslim,5091,3637,
muslim,5092,3638,
muslim,5097,3639,
muslim,5098,3640,
muslim,5099,332,
muslim,5102,3642,
muslim,5103,3643,
muslim,5104,3644,
muslim,5107,3646,
muslim,5108,3647,
muslim,5109,3648,
muslim,5110,3649,
muslim,5113,3650,
muslim,5119,3653,
muslim,5120,3654,
muslim,5121,3655,
muslim,5123,3656,
muslim,5124,3657,
muslim,5125,3658,
muslim,5127,3660,
muslim,5130,3661,
muslim,5131,3662,
muslim,5132,3663,
muslim,5133,3664,
muslim,5135,3665,
muslim,5136,2745,
muslim,5138,3667,
muslim,5139,3668,
muslim,5140,3669,
muslim,5142,3671,
muslim,5143,3672,
muslim,5144,3673,
muslim,5145,3674,
muslim,5146,3675,
muslim,5147,3676,
muslim,5148,3677,
muslim,5149,3678,
muslim,5150,3679,
muslim,5153,3680,
muslim,5154,3681,
muslim,5156,3682,
muslim,5159,3683,
muslim,5160,3684,
muslim,5164,3686,
muslim,5165,3687,
muslim,5166,3688,
muslim,5167,3689,
muslim,5168,3690,
muslim,5169,3691,
muslim,5170,3692,
muslim,5171,3693,
muslim,5173,3695,
muslim,5175,3696,
muslim,5176,3697,
muslim,5178,3698,
muslim,5180,3700,
muslim,5181,3701,
muslim,5182,3702,
muslim,5183,3703,
muslim,5185,3704,
muslim,5186,3705,
muslim,5187,3706,
muslim,5190,3708,
muslim,5191,3709,
muslim,5193,3711,
muslim,5194,3712,
muslim,5199,3716,
muslim,5203,3719,
muslim,5204,3720,
muslim,5205,3721,
muslim,5206,3722,
muslim,5207,3723,
muslim,5208,3724,
muslim,5209,3725,
muslim,5210,3726,
muslim,5215,3730,
muslim,5216,3731,
muslim,5218,3733,
muslim,5220,3734,
muslim,5221,3735,
muslim,5223,3737,
muslim,5224,3738,
muslim,5228,3741,
muslim,5229,3742,
muslim,5230,3743,
muslim,5231,3744,
muslim,5232,3745,
muslim,5234,2966,
muslim,5237,3748,
muslim,5240,3751,
muslim,5242,3752,
muslim,5252,3756,
muslim,5253,3757,
muslim,5254,2379,
muslim,5255,3758,
muslim,5258,3760,
muslim,5263,3762,
muslim,5267,3765,
muslim,5268,3766,
muslim,5269,3767,
muslim,5270,3768,
muslim,5271,3769,
muslim,5274,3771,
muslim,5275,3772,
muslim,5277,3773,
muslim,5278,3774,
muslim,5279,3775,
muslim,5280,3776,
muslim,5281,3777,
muslim,5282,3778,
muslim,5283,3779,
muslim,5285,3780,
muslim,5286,3781,
muslim,5287,3782,
muslim,5291,3785,
muslim,5294,3787,
muslim,5295,3788,
muslim,5296,3789,
muslim,5298,3791,
muslim,5306,3795,
muslim,5307,3796,
muslim,5309,3797,
muslim,5312,3798,
muslim,5313,3799,
muslim,5315,3800,
muslim,5316,3801,
muslim,5326,3804,
muslim,5328,3805,
muslim,5330,3806,
muslim,5331,3807,
muslim,5332,3808,
muslim,5335,3810,
muslim,5337,3812,
muslim,5339,3814,
muslim,5341,3815,
muslim,5343,3816,
muslim,5346,3819,
muslim,5347,3820,
muslim,5348,3821,
muslim,5349,3822,
muslim,5350,3823,
muslim,5352,3824,
muslim,5354,3825,
muslim,5358,3828,
muslim,5359,3829,
muslim,5360,3830,
muslim,5362,3831,
muslim,5364,3832,
muslim,5365,3833,
muslim,5366,3834,
muslim,5369,3836,
muslim,5371,3838,
muslim,5374,3840,
muslim,5375,5285,
muslim,5379,3843,
muslim,5382,3844,
muslim,5383,3845,
muslim,5385,3846,
muslim,5387,3847,
muslim,5388,3848,
muslim,5390,1380,
muslim,5397,3562,
muslim,5399,3849,
muslim,5400,3850,
muslim,5404,3853,
muslim,5406,3854,
muslim,5409,3855,
muslim,5410,3856,
muslim,5411,3857,
muslim,5414,3858,
muslim,5417,3860,
muslim,5419,3861,
muslim,5420,3862,
muslim,5422,3863,
muslim,5423,3864,
muslim,5424,3865,
muslim,5426,3867,
muslim,5431,3870,
muslim,5433,3871,
muslim,5436,3873,
muslim,5437,3874,
muslim,5439,3876,
muslim,5440,3877,
muslim,5443,3880,
muslim,5445,3881,
muslim,5447,3883,
muslim,5449,3884,
muslim,5450,3885,
muslim,5453,3887,
muslim,5456,3685,
muslim,5457,3889,
muslim,5461,3891,
muslim,5462,3892,
muslim,5463,3893,
muslim,5470,3896,
muslim,5473,3898,
muslim,5476,3899,
muslim,5477,3900,
muslim,5478,3901,
muslim,5480,3902,
muslim,5481,3903,
muslim,5482,3904,
muslim,5483,3905,
muslim,5484,3906,
muslim,5486,3907,
muslim,5489,3909,
muslim,5490,3910,
muslim,5492,3588,
muslim,5493,3911,
muslim,5495,3913,
muslim,5499,3916,
muslim,5501,3918,
muslim,5502,3919,
muslim,5503,3920,
muslim,5505,1654,
muslim,5506,3922,
muslim,5508,3924,
muslim,5509,3925,
muslim,5511,3927,
muslim,5514,3929,
muslim,5518,3932,
muslim,5520,3933,
muslim,5522,3934,
muslim,5525,3936,
muslim,5528,3937,
muslim,5532,3940,
muslim,5533,3941,
muslim,5535,3942,
muslim,5537,3943,
muslim,5538,2338,
muslim,5540,3945,
muslim,5546,3949,
muslim,5549,3951,
muslim,5550,3952,
muslim,5553,3954,
muslim,5554,3955,
muslim,5557,3957,
muslim,5558,3958,
muslim,5559,3959,
muslim,5567,3962,
muslim,5568,3963,
muslim,5570,3964,
muslim,5572,3965,
muslim,5576,3966,
muslim,5577,3967,
muslim,5581,3970,
muslim,5583,3972,
muslim,5584,3973,
muslim,5586,3974,
muslim,5587,3975,
muslim,5588,3976,
muslim,5589,3977,
muslim,5591,3978,
muslim,5595,3980,
muslim,5599,3983,
muslim,5600,3984,
muslim,5601,3985,
muslim,5603,3986,
muslim,5604,3987,
muslim,5608,3991,
muslim,5609,3992,
muslim,5610,3993,
muslim,5612,3995,
muslim,5615,3997,
muslim,5616,3998,
muslim,5619,4000,
muslim,5621,4002,
muslim,5622,4003,
muslim,5623,4004,
muslim,5626,4006,
muslim,5628,4007,
muslim,5629,4008,
muslim,5631,4009,
muslim,5633,4010,
muslim,5634,4011,
muslim,5635,4012,
muslim,5638,4013,
muslim,5641,4015,
muslim,5644,4018,
muslim,5646,4019,
muslim,5647,4020,
muslim,5648,4021,
muslim,5652,4024,
muslim,5653,4025,
muslim,5654,4026,
muslim,5656,4027,
muslim,5658,4028,
muslim,5663,4031,
muslim,5665,4032,
muslim,5666,4033,
muslim,5673,4036,
muslim,5676,4038,
muslim,5677,4039,
muslim,5680,4041,
muslim,5683,4043,
muslim,5684,4044,
muslim,5688,4046,
muslim,5689,4047,
muslim,5691,4049,
muslim,5692,4050,
muslim,5693,4051,
muslim,5697,4054,
muslim,5699,4055,
muslim,5700,4056,
muslim,5702,4058,
muslim,5703,4059,
muslim,5708,4061,
muslim,5709,4062,
muslim,5710,4063,
muslim,5712,4064,
muslim,5714,4065,
muslim,5717,4067,
muslim,5718,4068,
muslim,5719,4069,
muslim,5721,4070,
muslim,5722,4071,
muslim,5723,4072,
muslim,5724,4073,
muslim,5726,4075,
muslim,5731,4078,
muslim,5732,4079,
muslim,5733,4080,
muslim,5738,4083,
muslim,5740,2655,
muslim,5741,4084,
muslim,5742,4085,
muslim,5743,4086,
muslim,5745,4088,
muslim,5747,4089,
muslim,5749,4091,
muslim,5750,4092,
muslim,5751,4093,
muslim,5752,4094,
muslim,5753,4095,
muslim,5754,4096,
muslim,5757,4098,
muslim,5759,4099,
muslim,5761,4101,
muslim,5763,4102,
muslim,5765,4103,
muslim,5766,4104,
muslim,5768,4105,
muslim,5772,4108,
muslim,5773,4109,
muslim,5774,4110,
muslim,5775,4111,
muslim,5777,4112,
muslim,5779,4113,
muslim,5784,4114,
muslim,5787,4115,
muslim,5788,4116,
muslim,5791,4117,
muslim,5795,4119,
muslim,5796,4120,
muslim,5797,4121,
muslim,5798,4122,
muslim,5800,4123,
muslim,5801,4124,
muslim,5802,4125,
muslim,5803,4126,
muslim,5804,4127,
muslim,5805,4128,
muslim,5807,4129,
muslim,5809,4130,
muslim,5810,4131,
muslim,5812,4132,
muslim,5818,2216,
muslim,5819,4136,
muslim,5821,4137,
muslim,5822,4138,
muslim,5823,4139,
muslim,5825,4140,
muslim,5827,4141,
muslim,5828,4142,
muslim,5829,4143,
muslim,5830,4144,
muslim,5831,4145,
muslim,5832,4146,
muslim,5834,4147,
muslim,5835,4148,
muslim,5837,4149,
muslim,5841,4151,
muslim,5842,4152,
muslim,5843,4153,
muslim,5844,4154,
muslim,5846,4156,
muslim,5849,4157,
muslim,5855,4161,
muslim,5860,4163,
muslim,5863,4166,
muslim,5865,4168,
muslim,5866,4169,
muslim,5867,4170,
muslim,5868,4171,
muslim,5869,4172,
muslim,5870,4173,
muslim,5872,4175,
muslim,5873,4176,
muslim,5875,4178,
muslim,5881,4182,
muslim,5883,4183,
muslim,5884,4184,
muslim,5886,4185,
muslim,5888,4186,
muslim,5889,4187,
muslim,5890,4188,
muslim,5892,4190,
muslim,5893,4191,
muslim,5895,4193,
muslim,5896,4194,
muslim,5899,4195,
muslim,5902,4197,
muslim,5903,4198,
muslim,5905,4200,
muslim,5906,2578,
muslim,5912,4203,
muslim,5913,4204,
muslim,5916,4205,
muslim,5919,4206,
muslim,5920,4207,
muslim,5921,4208,
muslim,5923,4209,
muslim,5924,4210,
muslim,5925,4211,
muslim,5927,4213,
muslim,5933,4216,
muslim,5934,4217,
muslim,5935,4218,
muslim,5936,4219,
muslim,5937,4220,
muslim,5938,4221,
muslim,5939,4222,
muslim,5940,4223,
muslim,5941,4224,
muslim,5942,4225,
muslim,5943,4226,
muslim,5947,4229,
muslim,5952,1550,
muslim,5953,4232,
muslim,5954,4233,
muslim,5955,4234,
muslim,5958,4236,
muslim,5959,4237,
muslim,5961,4239,
muslim,5963,4240,
muslim,5965,4241,
muslim,5966,4242,
muslim,5972,4245,
muslim,5973,4246,
muslim,5974,4247,
muslim,5976,4248,
muslim,5977,4249,
muslim,5982,4251,
muslim,5984,4252,
muslim,5988,4254,
muslim,5989,4255,
muslim,5991,4256,
muslim,5993,4257,
muslim,6004,4264,
muslim,6005,4265,
muslim,6006,4266,
muslim,6007,4267,
muslim,6011,4269,
muslim,6013,4270,
muslim,6014,4271,
muslim,6016,4272,
muslim,6017,4273,
muslim,6018,4274,
muslim,6020,4275,
muslim,6022,4277,
muslim,6023,4278,
muslim,6025,4279,
muslim,6026,4280,
muslim,6028,4282,
muslim,6031,4283,
muslim,6032,4284,
muslim,6033,4285,
muslim,6035,4286,
muslim,6036,4287,
muslim,6038,4290,
muslim,6039,4288,
muslim,6040,4289,
muslim,6042,4291,
muslim,6043,4292,
muslim,6044,4293,
muslim,6045,4294,
muslim,6048,4295,
muslim,6050,4296,
muslim,6051,3455,
muslim,6052,4297,
muslim,6053,4298,
muslim,6054,4299,
muslim,6055,4300,
muslim,6056,4301,
muslim,6058,4303,
muslim,6059,4180,
muslim,6060,4305,
muslim,6061,4306,
muslim,6062,4307,
muslim,6063,3364,
muslim,6065,4309,
muslim,6067,4311,
muslim,6068,4312,
muslim,6069,4313,
muslim,6071,4315,
muslim,6072,4316,
muslim,6073,4317,
muslim,6074,4318,
muslim,6075,4319,
muslim,6076,4320,
muslim,6077,4321,
muslim,6079,4322,
muslim,6081,4324,
muslim,6083,4325,
muslim,6084,4326,
muslim,6087,4328,
muslim,6088,4329,
muslim,6089,4330,
muslim,6090,2599,
muslim,6091,4331,
muslim,6093,3908,
muslim,6094,4333,
muslim,6095,4334,
muslim,6096,4335,
muslim,6097,4336,
muslim,6098,4337,
muslim,6099,4338,
muslim,6100,4339,
muslim,6102,4340,
muslim,6104,4341,
muslim,6105,4342,
muslim,6108,4344,
muslim,6111,4346,
muslim,6116,4349,
muslim,6117,4350,
muslim,6118,433,
muslim,6119,4351,
muslim,6120,4352,
muslim,6121,4353,
muslim,6123,4354,
muslim,6124,3072,
muslim,6126,4356,
muslim,6127,4357,
muslim,6128,4358,
muslim,6131,4361,
muslim,6135,4364,
muslim,6136,4365,
muslim,6138,4367,
muslim,6143,4370,
muslim,6145,4371,
muslim,6147,4373,
muslim,6148,4374,
muslim,6151,4376,
muslim,6153,4377,
muslim,6156,4378,
muslim,6157,4379,
muslim,6158,4380,
muslim,6159,4381,
muslim,6163,4385,
muslim,6164,4386,
muslim,6167,4387,
muslim,6169,4389,
muslim,6170,4390,
muslim,6172,4391,
muslim,6174,4393,
muslim,6175,4394,
muslim,6177,4396,
muslim,6178,4397,
muslim,6180,4398,
muslim,6181,4399,
muslim,6182,4400,
muslim,6187,4402,
muslim,6189,4403,
muslim,6195,4406,
muslim,6198,4408,
muslim,6201,4409,
muslim,6204,4411,
muslim,6206,4412,
muslim,6210,4415,
muslim,6212,4416,
muslim,6214,4417,
muslim,6217,4418,
muslim,6220,4420,
muslim,6223,4423,
muslim,6224,4424,
muslim,6225,4425,
muslim,6229,4426,
muslim,6230,4427,
muslim,6237,4431,
muslim,6238,4432,
muslim,6240,4433,
muslim,6241,4434,
muslim,6242,4435,
muslim,6243,4436,
muslim,6246,4437,
muslim,6247,4438,
muslim,6248,4439,
muslim,6249,4440,
muslim,6251,4441,
muslim,6252,4442,
muslim,6253,4443,
muslim,6256,4445,
muslim,6257,4446,
muslim,6259,4448,
muslim,6260,4449,
muslim,6262,4451,
muslim,6265,4453,
muslim,6267,4454,
muslim,6268,4455,
muslim,6269,4456,
muslim,6270,4457,
muslim,6273,4460,
muslim,6274,4461,
muslim,6275,148,
muslim,6276,4462,
muslim,6278,4464,
muslim,6282,4467,
muslim,6283,4468,
muslim,6285,4469,
muslim,6287,4470,
muslim,6289,4471,
muslim,6290,4472,
muslim,6292,4473,
muslim,6295,5289,
muslim,6297,4476,
muslim,6298,4477,
muslim,6301,4479,
muslim,6305,4481,
muslim,6307,4482,
muslim,6308,4483,
muslim,6309,4484,
muslim,6312,4486,
muslim,6314,4488,
muslim,6315,4489,
muslim,6316,4490,
muslim,6317,4491,
muslim,6318,4492,
muslim,6319,4493,
muslim,6320,4494,
muslim,6321,4495,
muslim,6322,4496,
muslim,6323,142,
muslim,6324,4497,
muslim,6325,4498,
muslim,6328,4499,
muslim,6330,4501,
muslim,6332,4502,
muslim,6333,4503,
muslim,6335,4505,
muslim,6341,4508,
muslim,6345,4511,
muslim,6346,4512,
muslim,6351,4515,
muslim,6353,4516,
muslim,6354,4517,
muslim,6355,4518,
muslim,6358,4519,
muslim,6359,4520,
muslim,6362,4521,
muslim,6363,4522,
muslim,6364,4523,
muslim,6365,4524,
muslim,6367,4525,
muslim,6368,4526,
muslim,6369,4527,
muslim,6371,4528,
muslim,6373,4507,
muslim,6374,3740,
muslim,6375,4530,
muslim,6377,4532,
muslim,6378,4533,
muslim,6379,4534,
muslim,6380,4535,
muslim,6381,4536,
muslim,6383,4538,
muslim,6385,4539,
muslim,6387,4541,
muslim,6391,4543,
muslim,6393,4544,
muslim,6396,4546,
muslim,6400,4549,
muslim,6406,4554,
muslim,6407,4555,
muslim,6408,4556,
muslim,6409,4557,
muslim,6411,4558,
muslim,6412,4559,
muslim,6413,4560,
muslim,6415,4561,
muslim,6416,4562,
muslim,6417,4563,
muslim,6418,4564,
muslim,6424,4567,
muslim,6425,4568,
muslim,6427,4569,
muslim,6428,4570,
muslim,6429,4571,
muslim,6430,4572,
muslim,6432,4573,
muslim,6433,4574,
muslim,6434,4575,
muslim,6435,4576,
muslim,6438,4577,
muslim,6439,4578,
muslim,6441,4579,
muslim,6443,4581,
muslim,6446,4583,
muslim,6447,637,
muslim,6449,4585,
muslim,6450,4586,
muslim,6451,4587,
muslim,6456,4589,
muslim,6460,4591,
muslim,6462,4592,
muslim,6463,4593,
muslim,6465,4595,
muslim,6466,4596,
muslim,6467,4597,
muslim,6468,4598,
muslim,6469,4599,
muslim,6471,4600,
muslim,6472,4601,
muslim,6473,4602,
muslim,6475,4603,
muslim,6478,4604,
muslim,6479,4605,
muslim,6483,4607,
muslim,6484,3996,
muslim,6485,4608,
muslim,6486,4609,
muslim,6490,4612,
muslim,6492,4613,
muslim,6493,4614,
muslim,6494,4615,
muslim,6495,4616,
muslim,6496,4617,
muslim,6499,4620,
muslim,6500,4621,
muslim,6501,4622,
muslim,6504,4623,
muslim,6507,4624,
muslim,6509,4626,
muslim,6512,3948,
muslim,6513,4629,
muslim,6514,4630,
muslim,6515,4631,
muslim,6516,4632,
muslim,6517,4633,
muslim,6518,4634,
muslim,6520,4636,
muslim,6521,4637,
muslim,6525,4640,
muslim,6533,4547,
muslim,6534,4644,
muslim,6539,4648,
muslim,6540,4649,
muslim,6543,4651,
muslim,6546,4653,
muslim,6547,4654,
muslim,6549,4656,
muslim,6551,4657,
muslim,6552,4658,
muslim,6553,4659,
muslim,6554,4660,
muslim,6556,4661,
muslim,6558,4662,
muslim,6560,4663,
muslim,6561,4664,
muslim,6562,4665,
muslim,6563,4666,
muslim,6565,4667,
muslim,6566,4668,
muslim,6567,4669,
muslim,6569,4671,
muslim,6571,4673,
muslim,6572,4674,
muslim,6576,4675,
muslim,6577,4676,
muslim,6579,4678,
muslim,6581,4680,
muslim,6582,4681,
muslim,6584,4683,
muslim,6585,4684,
muslim,6586,4685,
muslim,6589,4687,
muslim,6595,4692,
muslim,6596,4693,
muslim,6598,4694,
muslim,6599,4695,
muslim,6600,4696,
muslim,6606,4700,
muslim,6608,4701,
muslim,6610,4702,
muslim,6612,4703,
muslim,6613,5286,
muslim,6614,4705,
muslim,6624,4710,
muslim,6626,4711,
muslim,6627,4712,
muslim,6628,4713,
muslim,6630,4714,
muslim,6632,4716,
muslim,6637,4719,
muslim,6639,4721,
muslim,6641,4722,
muslim,6643,4723,
muslim,6646,4725,
muslim,6647,4726,
muslim,6648,32,
muslim,6649,4727,
muslim,6651,4728,
muslim,6653,4729,
muslim,6655,4731,
muslim,6656,4732,
muslim,6657,5278,
muslim,6658,4734,
muslim,6660,4735,
muslim,6661,4736,
muslim,6662,4737,
muslim,6664,4739,
muslim,6665,4740,
muslim,6666,4741,
muslim,6669,4743,
muslim,6671,4745,
muslim,6672,4746,
muslim,6673,4747,
muslim,6674,4748,
muslim,6675,4749,
muslim,6677,4750,
muslim,6680,4752,
muslim,6681,4753,
muslim,6685,4756,
muslim,6687,4757,
muslim,6688,4758,
muslim,6689,4759,
muslim,6690,4760,
muslim,6691,4761,
muslim,6692,4762,
muslim,6693,4763,
muslim,6695,4765,
muslim,6699,4768,
muslim,6703,4770,
muslim,6704,4771,
muslim,6705,4772,
muslim,6709,4774,
muslim,6710,4775,
muslim,6712,4776,
muslim,6713,4777,
muslim,6720,4779,
muslim,6721,4780,
muslim,6725,4782,
muslim,6726,5290,
muslim,6728,4784,
muslim,6732,4786,
muslim,6733,4787,
muslim,6735,4788,
muslim,6736,1874,
muslim,6737,4789,
muslim,6739,4790,
muslim,6742,4793,
muslim,6743,5175,
muslim,6744,4795,
muslim,6745,4796,
muslim,6747,4174,
muslim,6750,4797,
muslim,6751,4798,
muslim,6752,4799,
muslim,6753,4800,
muslim,6754,4801,
muslim,6755,4802,
muslim,6756,4803,
muslim,6758,4804,
muslim,6759,4805,
muslim,6763,4808,
muslim,6766,4810,
muslim,6767,4811,
muslim,6768,4812,
muslim,6769,4813,
muslim,6773,4815,
muslim,6774,4816,
muslim,6775,4817,
muslim,6776,4818,
muslim,6777,4819,
muslim,6779,4820,
muslim,6780,4821,
muslim,6784,4823,
muslim,6785,4824,
muslim,6788,4826,
muslim,6794,4540,
muslim,6796,4828,
muslim,6799,4829,
muslim,6800,4830,
muslim,6801,2270,
muslim,6805,4832,
muslim,6808,4834,
muslim,6809,4835,
muslim,6810,4836,
muslim,6811,4837,
muslim,6813,4839,
muslim,6815,4840,
muslim,6816,4841,
muslim,6822,4845,
muslim,6824,4846,
muslim,6826,4847,
muslim,6828,4848,
muslim,6829,4849,
muslim,6830,4850,
muslim,6832,4851,
muslim,6833,4852,
muslim,6835,4853,
muslim,6838,4778,
muslim,6839,4854,
muslim,6840,4855,
muslim,6841,4856,
muslim,6842,4857,
muslim,6843,4858,
muslim,6846,4860,
muslim,6848,4862,
muslim,6849,4863,
muslim,6850,4864,
muslim,6851,4865,
muslim,6852,4866,
muslim,6853,4867,
muslim,6857,4869,
muslim,6858,4870,
muslim,6859,4871,
muslim,6861,4872,
muslim,6862,4873,
muslim,6864,4874,
muslim,6868,4875,
muslim,6873,4878,
muslim,6876,4879,
muslim,6877,4880,
muslim,6878,4881,
muslim,6880,4882,
muslim,6881,4883,
muslim,6883,4884,
muslim,6884,4885,
muslim,6887,4886,
muslim,6888,4887,
muslim,6889,4888,
muslim,6893,4889,
muslim,6894,4890,
muslim,6895,4891,
muslim,6896,4892,
muslim,6898,4893,
muslim,6899,4894,
muslim,6900,4895,
muslim,6903,4897,
muslim,6906,4899,
muslim,6907,4900,
muslim,6908,4901,
muslim,6909,4902,
muslim,6910,4903,
muslim,6911,4904,
muslim,6913,4905,
muslim,6919,4907,
muslim,6920,4908,
muslim,6921,4909,
muslim,6925,4910,
muslim,6926,4911,
muslim,6927,4912,
muslim,6928,4913,
muslim,6931,4914,
muslim,6932,4915,
muslim,6934,4916,
muslim,6935,4917,
muslim,6936,4918,
muslim,6937,4919,
muslim,6941,4920,
muslim,6942,4921,
muslim,6943,3564,
muslim,6944,4922,
muslim,6945,4923,
muslim,6946,4924,
muslim,6951,4926,
muslim,6952,4927,
muslim,6953,4928,
muslim,6954,5142,
muslim,6957,4929,
muslim,6958,4930,
muslim,6959,4931,
muslim,6960,4932,
muslim,6962,4933,
muslim,6963,4934,
muslim,6964,4935,
muslim,6965,4936,
muslim,6966,4937,
muslim,6968,4938,
muslim,6969,4939,
muslim,6971,4941,
muslim,6972,4942,
muslim,6973,4943,
muslim,6974,4944,
muslim,6975,4945,
muslim,6977,4946,
muslim,6978,4947,
muslim,6979,4948,
muslim,6980,4949,
muslim,6983,4951,
muslim,6986,4953,
muslim,6990,4954,
muslim,6991,4955,
muslim,6992,4956,
muslim,6994,4958,
muslim,6995,4959,
muslim,6996,4960,
muslim,6998,4961,
muslim,7001,4963,
muslim,7002,4964,
muslim,7006,4965,
muslim,7007,4966,
muslim,7009,4968,
muslim,7011,4969,
muslim,7012,4970,
muslim,7014,4971,
muslim,7015,4972,
muslim,7018,4973,
muslim,7019,4228,
muslim,7021,4974,
muslim,7022,3402,
muslim,7023,4975,
muslim,7024,4976,
muslim,7025,4977,
muslim,7028,3271,
muslim,7029,4979,
muslim,7030,729,
muslim,7033,4981,
muslim,7034,4982,
muslim,7035,4983,
muslim,7036,4984,
muslim,7037,4985,
muslim,7038,4986,
muslim,7040,4987,
muslim,7041,4988,
muslim,7042,4989,
muslim,7043,4990,
muslim,7045,4991,
muslim,7046,4992,
muslim,7048,4993,
muslim,7051,4995,
muslim,7052,4996,
muslim,7054,4997,
muslim,7055,4998,
muslim,7056,4999,
muslim,7057,5000,
muslim,7058,5001,
muslim,7059,5002,
muslim,7060,4686,
muslim,7062,5003,
muslim,7065,5005,
muslim,7066,5006,
muslim,7067,5007,
muslim,7068,5008,
muslim,7071,5010,
muslim,7072,5011,
muslim,7074,3623,
muslim,7077,5013,
muslim,7078,5014,
muslim,7079,5015,
muslim,7081,5016,
muslim,7082,5017,
muslim,7086,5019,
muslim,7087,5020,
muslim,7088,5021,
muslim,7089,5022,
muslim,7090,5023,
muslim,7092,5024,
muslim,7094,5025,
muslim,7095,5026,
muslim,7099,5028,
muslim,7101,2082,
muslim,7102,5029,
muslim,7104,5030,
muslim,7105,5031,
muslim,7106,5032,
muslim,7109,5034,
muslim,7110,5035,
muslim,7112,5036,
muslim,7113,5037,
muslim,7114,5038,
muslim,7116,5040,
muslim,7117,5041,
muslim,7121,5042,
muslim,7123,5043,
muslim,7124,5044,
muslim,7125,5045,
muslim,7127,5047,
muslim,7129,5048,
muslim,7130,5049,
muslim,7131,3126,
muslim,7132,5050,
muslim,7133,5051,
muslim,7135,5053,
muslim,7136,5054,
muslim,7139,5056,
muslim,7140,5057,
muslim,7143,5059,
muslim,7146,5061,
muslim,7147,5062,
muslim,7149,5063,
muslim,7153,5066,
muslim,7154,5067,
muslim,7156,5068,
muslim,7157,5069,
muslim,7158,5070,
muslim,7159,5071,
muslim,7160,5072,
muslim,7161,5073,
muslim,7162,5074,
muslim,7163,5075,
muslim,7164,5076,
muslim,7165,5077,
muslim,7167,5078,
muslim,7169,5079,
muslim,7171,5080,
muslim,7172,5081,
muslim,7173,5082,
muslim,7176,4212,
muslim,7177,5084,
muslim,7179,5085,
muslim,7180,5086,
muslim,7181,5087,
muslim,7183,5088,
muslim,7184,5089,
muslim,7185,5090,
muslim,7186,5091,
muslim,7188,4189,
muslim,7189,5093,
muslim,7190,5094,
muslim,7191,5095,
muslim,7193,5097,
muslim,7194,5098,
muslim,7195,5099,
muslim,7196,5100,
muslim,7197,5101,
muslim,7198,5102,
muslim,7199,1912,
muslim,7200,5103,
muslim,7202,5105,
muslim,7203,5106,
muslim,7205,5199,
muslim,7206,5108,
muslim,7207,5109,
muslim,7211,5110,
muslim,7212,5111,
muslim,7213,5112,
muslim,7215,5114,
muslim,7216,5115,
muslim,7217,5116,
muslim,7219,5117,
muslim,7220,5118,
muslim,7221,5119,
muslim,7222,5120,
muslim,7223,5121,
muslim,7224,3323,
muslim,7226,5122,
muslim,7227,5123,
muslim,7229,5124,
muslim,7231,5125,
muslim,7232,5126,
muslim,7234,5127,
muslim,7235,5128,
muslim,7238,4639,
muslim,7239,5130,
muslim,7241,5131,
muslim,7242,5132,
muslim,7243,5133,
muslim,7244,5134,
muslim,7246,5135,
muslim,7247,5136,
muslim,7249,5137,
muslim,7250,5138,
muslim,7251,4459,
muslim,7252,5139,
muslim,7253,5140,
muslim,7255,5141,
muslim,7258,5144,
muslim,7260,5145,
muslim,7262,5146,
muslim,7264,5147,
muslim,7265,5148,
muslim,7267,5149,
muslim,7268,5150,
muslim,7271,5151,
muslim,7274,5153,
muslim,7275,5154,
muslim,7276,5155,
muslim,7277,5156,
muslim,7278,5157,
muslim,7279,5158,
muslim,7280,5159,
muslim,7281,5160,
muslim,7283,1099,
muslim,7284,5161,
muslim,7285,5162,
muslim,7290,5165,
muslim,7292,5167,
muslim,7295,5170,
muslim,7296,5171,
muslim,7297,5172,
muslim,7298,5173,
muslim,7299,5174,
muslim,7302,5176,
muslim,7303,5177,
muslim,7304,5178,
muslim,7305,5179,
muslim,7308,5182,
muslim,7309,5183,
muslim,7310,5184,
muslim,7311,5185,
muslim,7312,5186,
muslim,7313,5203,
muslim,7314,5188,
muslim,7315,5189,
muslim,7318,5190,
muslim,7319,5191,
muslim,7320,5192,
muslim,7322,5193,
muslim,7324,5194,
muslim,7326,5195,
muslim,7327,5196,
muslim,7344,5206,
muslim,7345,5207,
muslim,7346,5208,
muslim,7348,5209,
muslim,7349,5210,
muslim,7350,5211,
muslim,7351,5212,
muslim,7352,5213,
muslim,7356,5215,
muslim,7357,3275,
muslim,7359,5216,
muslim,7360,5217,
muslim,7361,5218,
muslim,7364,5220,
muslim,7365,5221,
muslim,7366,5222,
muslim,7367,5223,
muslim,7368,5224,
muslim,7369,5225,
muslim,7370,5226,
muslim,7372,5227,
muslim,7373,5228,
muslim,7375,5229,
muslim,7377,5230,
muslim,7378,5231,
muslim,7380,5232,
muslim,7383,5234,
muslim,7386,5235,
muslim,7390,5236,
muslim,7392,5237,
muslim,7393,5238,
muslim,7396,5239,
muslim,7397,5240,
muslim,7398,5241,
muslim,7400,5242,
muslim,7402,5243,
muslim,7403,5244,
muslim,7405,5246,
muslim,7406,3482,
muslim,7408,5247,
muslim,7410,5249,
muslim,7411,5250,
muslim,7412,5251,
muslim,7413,5252,
muslim,7414,5253,
muslim,7415,5254,
muslim,7417,5256,
muslim,7418,5257,
muslim,7420,5258,
muslim,7421,5113,
muslim,7423,5259,
muslim,7424,5260,
muslim,7425,5261,
muslim,7427,5262,
muslim,7428,5263,
muslim,7430,5264,
muslim,7431,5265,
muslim,7432,5266,
muslim,7433,5267,
muslim,7435,5268,
muslim,7437,5269,
muslim,7438,5270,
muslim,7439,5271,
muslim,7440,5272,
muslim,7441,5273,
muslim,7443,5274,
muslim,7444,5275,
muslim,7446,5277,
muslim,7464,5292,
muslim,7465,5293,
muslim,7467,5294,
muslim,7468,5295,
muslim,7469,5296,
muslim,7470,5297,
muslim,7471,5298,
muslim,7473,5299,
muslim,7475,5300,
muslim,7476,5301,
muslim,7477,5302,
muslim,7481,5303,
muslim,7482,5304,
muslim,7483,5305,
muslim,7484,4611,
muslim,7485,5306,
muslim,7486,5307,
muslim,7488,5308,
muslim,7489,5309,
muslim,7490,5310,
muslim,7491,5311,
muslim,7492,5312,
muslim,7493,5313,
muslim,7495,5314,
muslim,7497,5316,
muslim,7499,5317,
muslim,7500,5318,
muslim,7501,5319,
muslim,7502,5320,
muslim,7504,5321,
muslim,7505,5322,
muslim,7506,5323,
muslim,7508,5324,
muslim,7509,5325,
muslim,7510,5326,
muslim,7511,5327,
muslim,7512,5328,
muslim,7521,5329,
muslim,7523,5330,
muslim,7524,5331,
muslim,7525,5332,
muslim,7526,5333,
muslim,7527,5334,
muslim,7528,5335,
muslim,7530,5336,
muslim,7532,5338,
muslim,7534,5340,
muslim,7536,5341,
muslim,7537,5342,
muslim,7538,5343,
muslim,7539,5344,
muslim,7541,5345,
muslim,7542,3489,
muslim,7543,5346,
muslim,7544,5347,
muslim,7545,5348,
muslim,7546,5349,
muslim,7548,5350,
muslim,7549,5351,
muslim,7550,5352,
muslim,7551,5353,
muslim,7552,5354,
muslim,7553,5355,
muslim,7554,5356,
muslim,7555,5357,
muslim,7556,5358,
muslim,7558,5359,
muslim,7559,5360,
muslim,7560,5361,
muslim,7562,5362,
abudawud,1,1,
abudawud,2,2,
abudawud,3,3,
abudawud,4,4,
abudawud,6,5,
abudawud,9,8,
abudawud,10,9,
abudawud,11,10,
abudawud,12,11,
abudawud,13,12,
abudawud,14,13,
abudawud,15,14,
abudawud,16,15,
abudawud,18,17,
abudawud,19,18,
abudawud,20,19,
abudawud,22,20,
abudawud,24,22,
abudawud,25,23,
abudawud,27,25,
abudawud,28,26,
abudawud,30,28,
abudawud,31,29,
abudawud,32,30,
abudawud,33,31,
abudawud,38,34,
abudawud,39,35,
abudawud,42,38,
abudawud,43,39,
abudawud,44,40,
abudawud,45,41,
abudawud,46,42,
abudawud,47,43,
abudawud,48,44,
abudawud,50,46,
abudawud,52,48,
abudawud,53,49,
abudawud,55,50,
abudawud,56,51,
abudawud,57,52,
abudawud,59,54,
abudawud,62,57,
abudawud,63,58,
abudawud,65,59,
abudawud,66,60,
abudawud,67,61,
abudawud,70,64,
abudawud,71,65,
abudawud,73,66,
abudawud,74,67,
abudawud,75,68,
abudawud,76,69,
abudawud,77,70,
abudawud,78,71,
abudawud,79,72,
abudawud,81,74,
abudawud,82,75,
abudawud,83,76,
abudawud,84,77,
abudawud,85,78,
abudawud,86,79,
abudawud,87,80,
abudawud,89,82,
abudawud,90,83,
abudawud,92,84,
abudawud,93,85,
abudawud,95,87,
abudawud,96,88,
abudawud,97,89,
abudawud,100,91,
abudawud,101,92,
abudawud,102,93,
abudawud,103,94,
abudawud,105,95,
abudawud,106,96,
abudawud,108,97,
abudawud,110,98,
abudawud,111,99,
abudawud,115,100,
abudawud,116,101,
abudawud,117,102,
abudawud,118,103,
abudawud,120,104,
abudawud,121,105,
abudawud,122,106,
abudawud,128,109,
abudawud,129,110,
abudawud,130,111,
abudawud,131,112,
abudawud,132,113,
abudawud,133,114,
abudawud,134,115,
abudawud,135,116,
abudawud,136,117,
abudawud,137,118,
abudawud,138,119,
abudawud,139,120,
abudawud,141,122,
abudawud,142,123,
abudawud,145,124,
abudawud,146,125,
abudawud,148,127,
abudawud,150,129,
abudawud,151,130,
abudawud,154,132,
abudawud,155,133,
abudawud,156,134,
abudawud,157,135,
abudawud,158,136,
abudawud,159,137,
abudawud,160,138,
abudawud,161,139,
abudawud,162,140,
abudawud,165,141,
abudawud,166,142,
abudawud,167,143,
abudawud,168,144,
abudawud,169,145,
abudawud,171,146,
abudawud,172,147,
abudawud,173,148,
abudawud,175,149,
abudawud,176,150,
abudawud,177,151,
abudawud,178,152,
abudawud,181,154,
abudawud,185,157,
abudawud,187,159,
abudawud,188,160,
abudawud,189,161,
abudawud,190,162,
abudawud,191,163,
abudawud,192,164,
abudawud,193,165,
abudawud,194,166,
abudawud,195,167,
abudawud,197,169,
abudawud,200,172,
abudawud,201,173,
abudawud,202,174,
abudawud,203,175,
abudawud,204,176,
abudawud,206,178,
abudawud,207,179,
abudawud,210,180,
abudawud,211,181,
abudawud,212,182,
abudawud,213,183,
abudawud,215,185,
abudawud,216,186,
abudawud,218,188,
abudawud,219,189,
abudawud,220,190,
abudawud,222,192,
abudawud,224,193,
abudawud,225,194,
abudawud,226,195,
abudawud,227,196,
abudawud,230,199,
abudawud,231,200,
abudawud,232,201,
abudawud,234,202,
abudawud,235,203,
abudawud,236,204,
abudawud,240,208,
abudawud,242,210,
abudawud,243,211,
abudawud,244,212,
abudawud,245,213,
abudawud,246,214,
abudawud,247,215,
abudawud,248,216,
abudawud,251,219,
abudawud,253,220,
abudawud,254,221,
abudawud,255,222,
abudawud,256,223,
abudawud,257,224,
abudawud,259,226,
abudawud,260,227,
abudawud,261,228,
abudawud,263,229,
abudawud,264,230,
abudawud,266,232,
abudawud,267,233,
abudawud,268,234,
abudawud,269,235,
abudawud,271,237,
abudawud,272,238,
abudawud,274,240,
abudawud,281,243,
abudawud,282,244,
abudawud,286,247,
abudawud,287,248,
abudawud,288,249,
abudawud,292,250,
abudawud,295,253,
abudawud,297,255,
abudawud,298,256,
abudawud,300,257,
abudawud,301,258,
abudawud,302,259,
abudawud,304,261,
abudawud,305,262,
abudawud,306,263,
abudawud,308,264,
abudawud,309,265,
abudawud,310,266,
abudawud,311,267,
abudawud,312,268,
abudawud,314,270,
abudawud,317,271,
abudawud,320,273,
abudawud,321,274,
abudawud,322,275,
abudawud,327,276,
abudawud,328,277,
abudawud,329,278,
abudawud,330,279,
abudawud,331,280,
abudawud,332,281,
abudawud,333,282,
abudawud,334,283,
abudawud,336,284,
abudawud,337,285,
abudawud,339,286,
abudawud,340,287,
abudawud,341,288,
abudawud,342,289,
abudawud,344,291,
abudawud,345,292,
abudawud,347,293,
abudawud,349,295,
abudawud,350,296,
abudawud,352,298,
abudawud,355,301,
abudawud,357,303,
abudawud,358,304,
abudawud,359,305,
abudawud,361,307,
abudawud,363,308,
abudawud,364,309,
abudawud,365,310,
abudawud,366,311,
abudawud,368,313,
abudawud,369,314,
abudawud,371,316,
abudawud,372,317,
abudawud,373,318,
abudawud,375,320,
abudawud,376,321,
abudawud,377,322,
abudawud,380,324,
abudawud,383,326,
abudawud,384,327,
abudawud,385,328,
abudawud,388,329,
abudawud,390,330,
abudawud,391,331,
abudawud,393,332,
abudawud,394,333,
abudawud,395,334,
abudawud,398,337,
abudawud,399,338,
abudawud,400,339,
abudawud,401,340,
abudawud,402,341,
abudawud,403,342,
abudawud,404,343,
abudawud,408,345,
abudawud,409,346,
abudawud,410,347,
abudawud,412,349,
abudawud,416,352,
abudawud,417,353,
abudawud,418,354,
abudawud,419,355,
abudawud,421,357,
abudawud,422,358,
abudawud,424,360,
abudawud,425,361,
abudawud,426,362,
abudawud,427,363,
abudawud,428,364,
abudawud,429,365,
abudawud,430,366,
abudawud,431,367,
abudawud,432,368,
abudawud,434,370,
abudawud,440,372,
abudawud,441,373,
abudawud,442,374,
abudawud,443,375,
abudawud,444,376,
abudawud,447,750,
abudawud,448,378,
abudawud,449,379,
abudawud,450,380,
abudawud,451,381,
abudawud,452,382,
abudawud,453,383,
abudawud,455,384,
abudawud,456,385,
abudawud,457,386,
abudawud,458,387,
abudawud,459,388,
abudawud,460,389,
abudawud,461,390,
abudawud,464,392,
abudawud,465,393,
abudawud,466,394,
abudawud,471,398,
abudawud,472,399,
abudawud,473,400,
abudawud,474,401,
abudawud,475,402,
abudawud,477,403,
abudawud,479,405,
abudawud,480,406,
abudawud,483,408,
abudawud,484,409,
abudawud,485,410,
abudawud,486,411,
abudawud,490,414,
abudawud,492,415,
abudawud,494,417,
abudawud,496,418,
abudawud,497,419,
abudawud,498,420,
abudawud,500,422,
abudawud,502,423,
abudawud,503,424,
abudawud,505,425,
abudawud,506,426,
abudawud,507,427,
abudawud,508,428,
abudawud,510,429,
abudawud,512,430,
abudawud,514,431,
abudawud,515,432,
abudawud,517,434,
abudawud,519,435,
abudawud,520,436,
abudawud,521,437,
abudawud,523,439,
abudawud,524,440,
abudawud,525,441,
abudawud,526,442,
abudawud,527,443,
abudawud,528,444,
abudawud,529,445,
abudawud,530,446,
abudawud,531,447,
abudawud,534,449,
abudawud,535,450,
abudawud,536,451,
abudawud,537,452,
abudawud,538,453,
abudawud,540,454,
abudawud,541,455,
abudawud,542,456,
abudawud,543,457,
abudawud,546,459,
abudawud,547,460,
abudawud,549,462,
abudawud,550,463,
abudawud,551,464,
abudawud,552,465,
abudawud,554,467,
abudawud,555,468,
abudawud,556,469,
abudawud,558,471,
abudawud,560,473,
abudawud,561,474,
abudawud,562,475,
abudawud,563,476,
abudawud,565,478,
abudawud,566,479,
abudawud,568,481,
abudawud,570,483,
abudawud,571,484,
abudawud,573,486,
abudawud,574,487,
abudawud,575,488,
abudawud,577,489,
abudawud,578,490,
abudawud,579,491,
abudawud,581,493,
abudawud,582,494,
abudawud,586,495,
abudawud,587,496,
abudawud,588,497,
abudawud,589,498,
abudawud,590,499,
abudawud,593,501,
abudawud,595,503,
abudawud,596,504,
abudawud,597,505,
abudawud,600,508,
abudawud,602,510,
abudawud,603,511,
abudawud,607,513,
abudawud,608,514,
abudawud,609,515,
abudawud,610,516,
abudawud,612,517,
abudawud,613,518,
abudawud,614,519,
abudawud,615,520,
abudawud,616,521,
abudawud,618,523,
abudawud,619,524,
abudawud,620,525,
abudawud,621,526,
abudawud,622,527,
abudawud,623,528,
abudawud,624,529,
abudawud,627,532,
abudawud,628,533,
abudawud,629,534,
abudawud,631,536,
abudawud,632,537,
abudawud,633,538,
abudawud,634,539,
abudawud,635,540,
abudawud,636,541,
abudawud,637,542,
abudawud,638,543,
abudawud,639,544,
abudawud,640,545,
abudawud,641,546,
abudawud,643,548,
abudawud,644,549,
abudawud,647,552,
abudawud,648,553,
abudawud,649,554,
abudawud,652,556,
abudawud,653,557,
abudawud,654,558,
abudawud,655,559,
abudawud,656,560,
abudawud,657,561,
abudawud,658,562,
abudawud,660,564,
abudawud,661,565,
abudawud,662,566,
abudawud,663,567,
abudawud,664,568,
abudawud,665,569,
abudawud,666,570,
abudawud,667,571,
abudawud,668,572,
abudawud,670,573,
abudawud,672,575,
abudawud,675,577,
abudawud,677,579,
abudawud,678,580,
abudawud,679,581,
abudawud,680,582,
abudawud,681,583,
abudawud,683,585,
abudawud,685,587,
abudawud,686,588,
abudawud,687,589,
abudawud,688,590,
abudawud,690,591,
abudawud,691,592,
abudawud,692,593,
abudawud,693,594,
abudawud,694,595,
abudawud,695,596,
abudawud,696,597,
abudawud,697,598,
abudawud,699,599,
abudawud,700,600,
abudawud,701,601,
abudawud,702,602,
abudawud,703,603,
abudawud,705,605,
abudawud,707,606,
abudawud,709,608,
abudawud,710,609,
abudawud,712,611,
abudawud,713,612,
abudawud,714,613,
abudawud,716,615,
abudawud,719,617,
abudawud,720,618,
abudawud,722,620,
abudawud,723,621,
abudawud,724,622,
abudawud,725,623,
abudawud,728,625,
abudawud,729,626,
abudawud,730,627,
abudawud,737,628,
abudawud,739,630,
abudawud,740,631,
abudawud,741,632,
abudawud,742,633,
abudawud,743,634,
abudawud,744,635,
abudawud,745,636,
abudawud,746,637,
abudawud,747,638,
abudawud,748,639,
abudawud,750,640,
abudawud,752,641,
abudawud,753,642,
abudawud,754,643,
abudawud,755,644,
abudawud,756,645,
abudawud,757,646,
abudawud,758,647,
abudawud,759,648,
abudawud,760,649,
abudawud,763,650,
abudawud,764,651,
abudawud,766,652,
abudawud,767,653,
abudawud,770,654,
abudawud,771,655,
abudawud,773,656,
abudawud,774,657,
abudawud,775,658,
abudawud,776,659,
abudawud,778,660,
abudawud,779,661,
abudawud,780,662,
abudawud,781,663,
abudawud,783,665,
abudawud,784,666,
abudawud,785,667,
abudawud,786,668,
abudawud,788,669,
abudawud,789,670,
abudawud,791,671,
abudawud,792,672,
abudawud,796,675,
abudawud,797,676,
abudawud,798,677,
abudawud,802,679,
abudawud,803,680,
abudawud,804,681,
abudawud,805,682,
abudawud,807,684,
abudawud,808,685,
abudawud,809,686,
abudawud,810,687,
abudawud,811,688,
abudawud,812,689,
abudawud,814,691,
abudawud,815,692,
abudawud,816,693,
abudawud,817,694,
abudawud,819,696,
abudawud,820,697,
abudawud,821,699,
abudawud,822,700,
abudawud,824,702,
abudawud,826,703,
abudawud,830,706,
abudawud,832,708,
abudawud,834,709,
abudawud,835,710,
abudawud,836,711,
abudawud,837,712,
abudawud,838,713,
abudawud,840,714,
abudawud,841,715,
abudawud,842,716,
abudawud,843,717,
abudawud,844,718,
abudawud,845,719,
abudawud,846,720,
abudawud,847,721,
abudawud,848,722,
abudawud,849,723,
abudawud,850,724,
abudawud,853,727,
abudawud,854,728,
abudawud,855,729,
abudawud,861,730,
abudawud,862,731,
abudawud,863,732,
abudawud,866,733,
abudawud,867,734,
abudawud,868,735,
abudawud,870,736,
abudawud,871,737,
abudawud,872,738,
abudawud,873,739,
abudawud,874,740,
abudawud,875,741,
abudawud,876,742,
abudawud,877,743,
abudawud,878,744,
abudawud,879,745,
abudawud,880,746,
abudawud,881,747,
abudawud,883,749,
abudawud,885,751,
abudawud,886,752,
abudawud,887,753,
abudawud,888,754,
abudawud,889,755,
abudawud,890,756,
abudawud,891,757,
abudawud,893,759,
abudawud,894,760,
abudawud,896,761,
abudawud,897,762,
abudawud,898,763,
abudawud,900,765,
abudawud,901,766,
abudawud,902,767,
abudawud,903,768,
abudawud,904,769,
abudawud,905,770,
abudawud,906,771,
abudawud,908,774,
abudawud,910,776,
abudawud,911,777,
abudawud,912,778,
abudawud,914,780,
abudawud,917,782,
abudawud,918,783,
abudawud,919,784,
abudawud,920,785,
abudawud,921,786,
abudawud,922,787,
abudawud,923,788,
abudawud,924,789,
abudawud,925,790,
abudawud,927,792,
abudawud,929,794,
abudawud,930,795,
abudawud,931,796,
abudawud,932,797,
abudawud,933,798,
abudawud,934,799,
abudawud,935,800,
abudawud,937,802,
abudawud,938,803,
abudawud,939,804,
abudawud,940,1806,
abudawud,943,806,
abudawud,945,808,
abudawud,946,809,
abudawud,947,810,
abudawud,948,811,
abudawud,949,812,
abudawud,950,813,
abudawud,951,814,
abudawud,952,815,
abudawud,953,816,
abudawud,954,817,
abudawud,955,818,
abudawud,956,819,
abudawud,957,820,
abudawud,958,821,
abudawud,959,822,
abudawud,962,823,
abudawud,963,824,
abudawud,968,825,
abudawud,971,826,
abudawud,972,827,
abudawud,974,828,
abudawud,979,831,
abudawud,982,832,
abudawud,984,834,
abudawud,985,835,
abudawud,986,836,
abudawud,987,837,
abudawud,988,838,
abudawud,989,839,
abudawud,991,840,
abudawud,992,841,
abudawud,993,842,
abudawud,994,843,
abudawud,996,845,
abudawud,997,846,
abudawud,998,847,
abudawud,1001,849,
abudawud,1002,850,
abudawud,1004,852,
abudawud,1006,854,
abudawud,1007,855,
abudawud,1014,857,
abudawud,1019,860,
abudawud,1022,862,
abudawud,1023,863,
abudawud,1024,864,
abudawud,1028,867,
abudawud,1029,868,
abudawud,1033,870,
abudawud,1034,871,
abudawud,1036,872,
abudawud,1037,873,
abudawud,1038,874,
abudawud,1039,875,
abudawud,1040,876,
abudawud,1041,877,
abudawud,1042,878,
abudawud,1043,879,
abudawud,1044,880,
abudawud,1045,881,
abudawud,1047,883,
abudawud,1049,885,
abudawud,1051,887,
abudawud,1052,888,
abudawud,1053,889,
abudawud,1054,890,
abudawud,1055,891,
abudawud,1056,892,
abudawud,1057,893,
abudawud,1059,894,
abudawud,1060,895,
abudawud,1061,896,
abudawud,1063,898,
abudawud,1067,901,
abudawud,1068,902,
abudawud,1069,903,
abudawud,1071,905,
abudawud,1073,907,
abudawud,1074,908,
abudawud,1079,911,
abudawud,1080,912,
abudawud,1081,913,
abudawud,1082,914,
abudawud,1083,915,
abudawud,1084,916,
abudawud,1085,917,
abudawud,1086,918,
abudawud,1087,919,
abudawud,1091,920,
abudawud,1093,922,
abudawud,1094,923,
abudawud,1096,924,
abudawud,1099,926,
abudawud,1101,928,
abudawud,1102,929,
abudawud,1104,930,
abudawud,1106,932,
abudawud,1107,933,
abudawud,1108,934,
abudawud,1109,935,
abudawud,1110,936,
abudawud,1111,937,
abudawud,1112,938,
abudawud,1113,939,
abudawud,1114,940,
abudawud,1115,941,
abudawud,1117,942,
abudawud,1118,943,
abudawud,1119,944,
abudawud,1120,945,
abudawud,1121,946,
abudawud,1122,947,
abudawud,1124,949,
abudawud,1125,950,
abudawud,1126,951,
abudawud,1127,952,
abudawud,1128,953,
abudawud,1130,955,
abudawud,1131,956,
abudawud,1132,957,
abudawud,1133,958,
abudawud,1134,959,
abudawud,1135,960,
abudawud,1138,961,
abudawud,1139,962,
abudawud,1145,966,
abudawud,1146,967,
abudawud,1147,968,
abudawud,1148,969,
abudawud,1149,970,
abudawud,1151,971,
abudawud,1152,972,
abudawud,1153,973,
abudawud,1154,974,
abudawud,1155,975,
abudawud,1157,977,
abudawud,1158,978,
abudawud,1159,979,
abudawud,1160,980,
abudawud,1164,983,
abudawud,1165,984,
abudawud,1167,986,
abudawud,1168,987,
abudawud,1169,988,
abudawud,1170,989,
abudawud,1171,990,
abudawud,1173,992,
abudawud,1176,994,
abudawud,1177,995,
abudawud,1178,996,
abudawud,1180,997,
abudawud,1182,998,
abudawud,1183,999,
abudawud,1184,1000,
abudawud,1186,1001,
abudawud,1187,1002,
abudawud,1190,1005,
abudawud,1191,1006,
abudawud,1192,1007,
abudawud,1193,1008,
abudawud,1194,1009,
abudawud,1195,1010,
abudawud,1196,1011,
abudawud,1197,1012,
abudawud,1198,1013,
abudawud,1199,1014,
abudawud,1201,1015,
abudawud,1202,1016,
abudawud,1203,1017,
abudawud,1204,1018,
abudawud,1205,1019,
abudawud,1206,1020,
abudawud,1209,1023,
abudawud,1210,1024,
abudawud,1214,1027,
abudawud,1215,1028,
abudawud,1217,1029,
abudawud,1218,1030,
abudawud,1220,1031,
abudawud,1221,1032,
abudawud,1222,1033,
abudawud,1223,1034,
abudawud,1225,1036,
abudawud,1226,1037,
abudawud,1227,1038,
abudawud,1228,1039,
abudawud,1229,1040,
abudawud,1230,1041,
abudawud,1232,1043,
abudawud,1233,1044,
abudawud,1234,1045,
abudawud,1236,1047,
abudawud,1238,1049,
abudawud,1242,1052,
abudawud,1243,1053,
abudawud,1244,1054,
abudawud,1246,1055,
abudawud,1248,1057,
abudawud,1250,1059,
abudawud,1251,1060,
abudawud,1253,1062,
abudawud,1254,1063,
abudawud,1256,1065,
abudawud,1257,1066,
abudawud,1258,1067,
abudawud,1260,1069,
abudawud,1261,1070,
abudawud,1262,1071,
abudawud,1263,1072,
abudawud,1264,1073,
abudawud,1265,1074,
abudawud,1266,1075,
abudawud,1267,1076,
abudawud,1269,1077,
abudawud,1270,1078,
abudawud,1271,1079,
abudawud,1272,1080,
abudawud,1274,1082,
abudawud,1275,1083,
abudawud,1276,1084,
abudawud,1277,1085,
abudawud,1278,1086,
abudawud,1279,1087,
abudawud,1281,1089,
abudawud,1282,1090,
abudawud,1284,1092,
abudawud,1285,1093,
abudawud,1287,1095,
abudawud,1288,1096,
abudawud,1289,1097,
abudawud,1291,1099,
abudawud,1292,1100,
abudawud,1294,1102,
abudawud,1295,1103,
abudawud,1296,1104,
abudawud,1297,1105,
abudawud,1300,1106,
abudawud,1301,1107,
abudawud,1303,1108,
abudawud,1304,1109,
abudawud,1305,1110,
abudawud,1307,1112,
abudawud,1308,1113,
abudawud,1309,1114,
abudawud,1312,1117,
abudawud,1313,1118,
abudawud,1314,1119,
abudawud,1316,1121,
abudawud,1317,1122,
abudawud,1318,1123,
abudawud,1319,1124,
abudawud,1320,1125,
abudawud,1321,1126,
abudawud,1322,1127,
abudawud,1325,1129,
abudawud,1326,1130,
abudawud,1327,1131,
abudawud,1328,1132,
abudawud,1330,1133,
abudawud,1333,1136,
abudawud,1334,1137,
abudawud,1336,1139,
abudawud,1338,1140,
abudawud,1340,1142,
abudawud,1342,1144,
abudawud,1346,1145,
abudawud,1350,1146,
abudawud,1353,1148,
abudawud,1355,1149,
abudawud,1356,1150,
abudawud,1357,1151,
abudawud,1360,1153,
abudawud,1361,1154,
abudawud,1362,1155,
abudawud,1363,1156,
abudawud,1365,1158,
abudawud,1366,1159,
abudawud,1367,1160,
abudawud,1369,1162,
abudawud,1371,1164,
abudawud,1372,1165,
abudawud,1373,1166,
abudawud,1375,1167,
abudawud,1376,1168,
abudawud,1377,1169,
abudawud,1379,1171,
abudawud,1380,1172,
abudawud,1381,1173,
abudawud,1382,1174,
abudawud,1383,1175,
abudawud,1384,1176,
abudawud,1385,1177,
abudawud,1386,1178,
abudawud,1387,1179,
abudawud,1388,1180,
abudawud,1389,1181,
abudawud,1390,1182,
abudawud,1391,1183,
abudawud,1392,1184,
abudawud,1393,1185,
abudawud,1394,1186,
abudawud,1395,1187,
abudawud,1396,1188,
abudawud,1397,1189,
abudawud,1398,1190,
abudawud,1399,1191,
abudawud,1400,1192,
abudawud,1401,1193,
abudawud,1403,1195,
abudawud,1404,1196,
abudawud,1406,1197,
abudawud,1407,1198,
abudawud,1408,1199,
abudawud,1409,1200,
abudawud,1411,1202,
abudawud,1412,1203,
abudawud,1413,1204,
abudawud,1414,1205,
abudawud,1415,1206,
abudawud,1416,1207,
abudawud,1418,1208,
abudawud,1419,1209,
abudawud,1420,1210,
abudawud,1421,1211,
abudawud,1422,1212,
abudawud,1423,1213,
abudawud,1425,1214,
abudawud,1427,1215,
abudawud,1428,1216,
abudawud,1429,1217,
abudawud,1430,1218,
abudawud,1431,1219,
abudawud,1432,1220,
abudawud,1433,1221,
abudawud,1434,1222,
abudawud,1435,1223,
abudawud,1436,1224,
abudawud,1437,1225,
abudawud,1439,1227,
abudawud,1440,1228,
abudawud,1441,1229,
abudawud,1442,1230,
abudawud,1443,1231,
abudawud,1444,1232,
abudawud,1445,1233,
abudawud,1446,1234,
abudawud,1447,1235,
abudawud,1448,1236,
abudawud,1449,1237,
abudawud,1450,1238,
abudawud,1451,1239,
abudawud,1452,1240,
abudawud,1454,1242,
abudawud,1456,1244,
abudawud,1458,1246,
abudawud,1459,1247,
abudawud,1461,1249,
abudawud,1464,1252,
abudawud,1465,1253,
abudawud,1466,1254,
abudawud,1467,1255,
abudawud,1468,1256,
abudawud,1469,1257,
abudawud,1471,1258,
abudawud,1474,1260,
abudawud,1477,1262,
abudawud,1478,1263,
abudawud,1479,1264,
abudawud,1480,1265,
abudawud,1481,1266,
abudawud,1482,1267,
abudawud,1484,1269,
abudawud,1485,1270,
abudawud,1486,1271,
abudawud,1487,1272,
abudawud,1491,1274,
abudawud,1492,1275,
abudawud,1493,1276,
abudawud,1495,1277,
abudawud,1498,1280,
abudawud,1499,1281,
abudawud,1501,1283,
abudawud,1502,1284,
abudawud,1503,1285,
abudawud,1504,1286,
abudawud,1505,1287,
abudawud,1506,1288,
abudawud,1508,1289,
abudawud,1509,1290,
abudawud,1510,1291,
abudawud,1512,1292,
abudawud,1514,1293,
abudawud,1516,1295,
abudawud,1518,1297,
abudawud,1519,1298,
abudawud,1520,1299,
abudawud,1521,1300,
abudawud,1523,1302,
abudawud,1524,1303,
abudawud,1528,1305,
abudawud,1529,1306,
abudawud,1530,1307,
abudawud,1531,1308,
abudawud,1532,1309,
abudawud,1533,1310,
abudawud,1534,1311,
abudawud,1535,1312,
abudawud,1536,1313,
abudawud,1538,1315,
abudawud,1539,1316,
abudawud,1540,1317,
abudawud,1541,36,
abudawud,1542,1318,
abudawud,1543,1319,
abudawud,1544,1320,
abudawud,1545,1321,
abudawud,1546,1322,
abudawud,1547,1323,
abudawud,1549,1325,
abudawud,1551,1327,
abudawud,1552,1328,
abudawud,1554,1329,
abudawud,1555,1330,
abudawud,1556,1331,
abudawud,1557,982,
abudawud,1559,1333,
abudawud,1561,1334,
abudawud,1562,1335,
abudawud,1563,1336,
abudawud,1564,1337,
abudawud,1565,1338,
abudawud,1567,1339,
abudawud,1568,1340,
abudawud,1571,1341,
abudawud,1575,1344,
abudawud,1576,1345,
abudawud,1579,1346,
abudawud,1580,1347,
abudawud,1582,1349,
abudawud,1583,1350,
abudawud,1584,1351,
abudawud,1586,1353,
abudawud,1588,1354,
abudawud,1589,1355,
abudawud,1590,1356,
abudawud,1592,1357,
abudawud,1594,1359,
abudawud,1595,1360,
abudawud,1596,1361,
abudawud,1598,1363,
abudawud,1599,1364,
abudawud,1600,1365,
abudawud,1603,1366,
abudawud,1605,1367,
abudawud,1607,1369,
abudawud,1608,1370,
abudawud,1609,1371,
abudawud,1611,1373,
abudawud,1614,1375,
abudawud,1616,1377,
abudawud,1618,1378,
abudawud,1619,1379,
abudawud,1620,1380,
abudawud,1622,1381,
abudawud,1623,1382,
abudawud,1624,1383,
abudawud,1625,1384,
abudawud,1626,1385,
abudawud,1628,1387,
abudawud,1629,1388,
abudawud,1630,1389,
abudawud,1631,1390,
abudawud,1633,1391,
abudawud,1634,1392,
abudawud,1635,1393,
abudawud,1637,1394,
abudawud,1638,1395,
abudawud,1639,1396,
abudawud,1640,1397,
abudawud,1641,1398,
abudawud,1642,1399,
abudawud,1643,1400,
abudawud,1645,1402,
abudawud,1646,1403,
abudawud,1647,1404,
abudawud,1649,1406,
abudawud,1650,1407,
abudawud,1651,1408,
abudawud,1652,1409,
abudawud,1653,1410,
abudawud,1655,1411,
abudawud,1656,1412,
abudawud,1657,1413,
abudawud,1661,1414,
abudawud,1662,1415,
abudawud,1663,1416,
abudawud,1664,1417,
abudawud,1665,1418,
abudawud,1667,1419,
abudawud,1668,1420,
abudawud,1670,1422,
abudawud,1671,1423,
abudawud,1672,1424,
abudawud,1675,1426,
abudawud,1677,1428,
abudawud,1678,1429,
abudawud,1679,1430,
abudawud,1681,1431,
abudawud,1682,1432,
abudawud,1683,1433,
abudawud,1684,1434,
abudawud,1685,1435,
abudawud,1686,1436,
abudawud,1688,1438,
abudawud,1689,1439,
abudawud,1690,1440,
abudawud,1691,1441,
abudawud,1692,1442,
abudawud,1693,1443,
abudawud,1696,1445,
abudawud,1697,1446,
abudawud,1698,1447,
abudawud,1699,1448,
abudawud,1700,1449,
abudawud,1701,1450,
abudawud,1705,1451,
abudawud,1706,1452,
abudawud,1707,1453,
abudawud,1709,1454,
abudawud,1714,1456,
abudawud,1715,1457,
abudawud,1717,1459,
abudawud,1719,1461,
abudawud,1720,1462,
abudawud,1721,1463,
abudawud,1722,1464,
abudawud,1723,1465,
abudawud,1726,1466,
abudawud,1727,1467,
abudawud,1728,1468,
abudawud,1729,1469,
abudawud,1730,1470,
abudawud,1731,1471,
abudawud,1732,1472,
abudawud,1733,1473,
abudawud,1734,1474,
abudawud,1736,1475,
abudawud,1737,1483,
abudawud,1739,1477,
abudawud,1740,1478,
abudawud,1741,1479,
abudawud,1743,1481,
abudawud,1744,1482,
abudawud,1746,1484,
abudawud,1748,1486,
abudawud,1749,1487,
abudawud,1750,1488,
abudawud,1751,1489,
abudawud,1752,1490,
abudawud,1754,1491,
abudawud,1755,1492,
abudawud,1757,1494,
abudawud,1758,1495,
abudawud,1759,1496,
abudawud,1762,1499,
abudawud,1763,1500,
abudawud,1764,1501,
abudawud,1765,1502,
abudawud,1766,1503,
abudawud,1767,1504,
abudawud,1768,1505,
abudawud,1769,1506,
abudawud,1770,1507,
abudawud,1771,1508,
abudawud,1772,1509,
abudawud,1773,1510,
abudawud,1774,1511,
abudawud,1775,1512,
abudawud,1776,1513,
abudawud,1777,1514,
abudawud,1778,1515,
abudawud,1779,1516,
abudawud,1781,1517,
abudawud,1782,1518,
abudawud,1784,1520,
abudawud,1787,1522,
abudawud,1788,1523,
abudawud,1789,1524,
abudawud,1791,1526,
abudawud,1792,1527,
abudawud,1794,1529,
abudawud,1795,1530,
abudawud,1796,1531,
abudawud,1797,1532,
abudawud,1799,1534,
abudawud,1800,1535,
abudawud,1801,1536,
abudawud,1802,1537,
abudawud,1803,1538,
abudawud,1804,1539,
abudawud,1805,1540,
abudawud,1806,1541,
abudawud,1807,1542,
abudawud,1808,1543,
abudawud,1809,1544,
abudawud,1810,1545,
abudawud,1811,1546,
abudawud,1814,1548,
abudawud,1815,1549,
abudawud,1816,1550,
abudawud,1817,1551,
abudawud,1818,1552,
abudawud,1819,1553,
abudawud,1823,1554,
abudawud,1826,1555,
abudawud,1828,1557,
abudawud,1829,1558,
abudawud,1830,1559,
abudawud,1831,1560,
abudawud,1833,1562,
abudawud,1834,1563,
abudawud,1838,1567,
abudawud,1840,1568,
abudawud,1841,1569,
abudawud,1843,1570,
abudawud,1844,1571,
abudawud,1846,1572,
abudawud,1847,1573,
abudawud,1848,1574,
abudawud,1849,1575,
abudawud,1853,1579,
abudawud,1854,1580,
abudawud,1855,1581,
abudawud,1856,1582,
abudawud,1857,1583,
abudawud,1858,1584,
abudawud,1859,1585,
abudawud,1860,1586,
abudawud,1862,1587,
abudawud,1864,1588,
abudawud,1866,1590,
abudawud,1868,1592,
abudawud,1869,1593,
abudawud,1870,1594,
abudawud,1872,1596,
abudawud,1874,1598,
abudawud,1876,1600,
abudawud,1879,1603,
abudawud,1880,1604,
abudawud,1883,1607,
abudawud,1884,1608,
abudawud,1885,1609,
abudawud,1886,1610,
abudawud,1887,1611,
abudawud,1888,1612,
abudawud,1889,1613,
abudawud,1890,1614,
abudawud,1891,1615,
abudawud,1892,1616,
abudawud,1893,1617,
abudawud,1894,1618,
abudawud,1895,1619,
abudawud,1896,1620,
abudawud,1897,1621,
abudawud,1899,1623,
abudawud,1901,1625,
abudawud,1903,1626,
abudawud,1904,1627,
abudawud,1905,1628,
abudawud,1906,1629,
abudawud,1907,1630,
abudawud,1910,1631,
abudawud,1911,1632,
abudawud,1912,1633,
abudawud,1914,1635,
abudawud,1915,1636,
abudawud,1916,1637,
abudawud,1917,1638,
abudawud,1919,1639,
abudawud,1920,1640,
abudawud,1921,1641,
abudawud,1923,1642,
abudawud,1924,1643,
abudawud,1925,1644,
abudawud,1926,1645,
abudawud,1930,1646,
abudawud,1931,1647,
abudawud,1932,1648,
abudawud,1933,1649,
abudawud,1934,1650,
abudawud,1935,1651,
abudawud,1936,1652,
abudawud,1937,1653,
abudawud,1938,1654,
abudawud,1939,1655,
abudawud,1940,1656,
abudawud,1941,1657,
abudawud,1943,1659,
abudawud,1944,1660,
abudawud,1945,1661,
abudawud,1946,1662,
abudawud,1948,1663,
abudawud,1949,1664,
abudawud,1950,1665,
abudawud,1952,1667,
abudawud,1953,1668,
abudawud,1954,1669,
abudawud,1955,1670,
abudawud,1956,1671,
abudawud,1957,1672,
abudawud,1958,1673,
abudawud,1959,1674,
abudawud,1960,1675,
abudawud,1966,1677,
abudawud,1967,1678,
abudawud,1969,1679,
abudawud,1970,1680,
abudawud,1972,1682,
abudawud,1973,1683,
abudawud,1974,1684,
abudawud,1975,1685,
abudawud,1976,1686,
abudawud,1977,1687,
abudawud,1978,1688,
abudawud,1980,1690,
abudawud,1981,1691,
abudawud,1983,1692,
abudawud,1984,1693,
abudawud,1985,1694,
abudawud,1986,1695,
abudawud,1987,1696,
abudawud,1990,1699,
abudawud,1992,1701,
abudawud,1993,1702,
abudawud,1994,1703,
abudawud,1995,1704,
abudawud,1996,1705,
abudawud,1997,1706,
abudawud,1998,1707,
abudawud,1999,1708,
abudawud,2001,1710,
abudawud,2002,1711,
abudawud,2003,1712,
abudawud,2004,1713,
abudawud,2005,1714,
abudawud,2006,1715,
abudawud,2007,1716,
abudawud,2008,1717,
abudawud,2009,1718,
abudawud,2012,1720,
abudawud,2013,1721,
abudawud,2014,1722,
abudawud,2016,1724,
abudawud,2019,1726,
abudawud,2020,1727,
abudawud,2021,1728,
abudawud,2022,1729,
abudawud,2025,1591,
abudawud,2026,1731,
abudawud,2027,1732,
abudawud,2028,1733,
abudawud,2029,1734,
abudawud,2030,1735,
abudawud,2031,1736,
abudawud,2032,1737,
abudawud,2034,1739,
abudawud,2036,1740,
abudawud,2037,1741,
abudawud,2039,1743,
abudawud,2040,1744,
abudawud,2041,1745,
abudawud,2042,1746,
abudawud,2043,1747,
abudawud,2045,1749,
abudawud,2047,1751,
abudawud,2048,1752,
abudawud,2049,1753,
abudawud,2050,1754,
abudawud,2051,1755,
abudawud,2052,1756,
abudawud,2053,1757,
abudawud,2054,1758,
abudawud,2056,1760,
abudawud,2057,1761,
abudawud,2058,1762,
abudawud,2059,1763,
abudawud,2063,1766,
abudawud,2064,1767,
abudawud,2065,1768,
abudawud,2066,1769,
abudawud,2067,1770,
abudawud,2068,1771,
abudawud,2070,1772,
abudawud,2071,1773,
abudawud,2072,1774,
abudawud,2074,1776,
abudawud,2077,1778,
abudawud,2078,1779,
abudawud,2079,1780,
abudawud,2081,1782,
abudawud,2082,1783,
abudawud,2083,1784,
abudawud,2085,1785,
abudawud,2087,1787,
abudawud,2088,1788,
abudawud,2089,1789,
abudawud,2092,1791,
abudawud,2093,1792,
abudawud,2095,1793,
abudawud,2096,1794,
abudawud,2098,1795,
abudawud,2101,1797,
abudawud,2102,1798,
abudawud,2103,1799,
abudawud,2106,1801,
abudawud,2107,1802,
abudawud,2108,1803,
abudawud,2109,1804,
abudawud,2110,1805,
abudawud,2114,1807,
abudawud,2117,1808,
abudawud,2119,1809,
abudawud,2120,1810,
abudawud,2121,1811,
abudawud,2122,1812,
abudawud,2123,1813,
abudawud,2124,1814,
abudawud,2125,1815,
abudawud,2126,1816,
abudawud,2129,1818,
abudawud,2130,1819,
abudawud,2131,1820,
abudawud,2133,1821,
abudawud,2135,1823,
abudawud,2136,1824,
abudawud,2137,1825,
abudawud,2138,1826,
abudawud,2139,1827,
abudawud,2140,1828,
abudawud,2141,1829,
abudawud,2142,1830,
abudawud,2143,1831,
abudawud,2144,1832,
abudawud,2145,1833,
abudawud,2146,1834,
abudawud,2147,1835,
abudawud,2148,1836,
abudawud,2149,1837,
abudawud,2150,1838,
abudawud,2152,1840,
abudawud,2156,1842,
abudawud,2157,1843,
abudawud,2159,1844,
abudawud,2160,1845,
abudawud,2161,1846,
abudawud,2162,1847,
abudawud,2163,1848,
abudawud,2165,225,
abudawud,2166,1851,
abudawud,2167,1852,
abudawud,2168,1853,
abudawud,2169,1854,
abudawud,2170,1855,
abudawud,2171,1856,
abudawud,2172,1857,
abudawud,2174,1859,
abudawud,2175,1860,
abudawud,2177,1862,
abudawud,2178,1863,
abudawud,2181,1865,
abudawud,2184,1868,
abudawud,2186,1870,
abudawud,2187,1871,
abudawud,2189,1872,
abudawud,2190,1873,
abudawud,2193,1874,
abudawud,2194,1875,
abudawud,2197,1878,
abudawud,2198,1879,
abudawud,2199,1880,
abudawud,2200,1881,
abudawud,2201,1882,
abudawud,2202,1883,
abudawud,2203,1884,
abudawud,2204,1885,
abudawud,2206,1886,
abudawud,2208,1887,
abudawud,2209,1888,
abudawud,2210,1889,
abudawud,2212,1891,
abudawud,2213,1892,
abudawud,2214,1893,
abudawud,2217,1894,
abudawud,2218,1895,
abudawud,2220,1896,
abudawud,2222,1898,
abudawud,2227,1900,
abudawud,2228,1901,
abudawud,2229,1902,
abudawud,2230,1903,
abudawud,2231,1904,
abudawud,2232,1905,
abudawud,2234,1907,
abudawud,2235,1908,
abudawud,2237,1910,
abudawud,2238,1911,
abudawud,2239,1912,
abudawud,2241,1914,
abudawud,2243,1915,
abudawud,2248,1918,
abudawud,2251,1919,
abudawud,2254,1921,
abudawud,2255,1922,
abudawud,2256,1923,
abudawud,2257,1924,
abudawud,2258,1925,
abudawud,2259,1926,
abudawud,2260,1927,
abudawud,2264,1929,
abudawud,2265,1930,
abudawud,2267,1931,
abudawud,2269,1932,
abudawud,2270,1933,
abudawud,2273,1935,
abudawud,2274,1936,
abudawud,2275,1937,
abudawud,2276,1938,
abudawud,2277,1939,
abudawud,2278,1940,
abudawud,2281,1941,
abudawud,2283,1943,
abudawud,2284,1944,
abudawud,2288,1945,
abudawud,2289,1946,
abudawud,2290,1947,
abudawud,2291,1948,
abudawud,2292,1949,
abudawud,2295,1950,
abudawud,2296,1951,
abudawud,2297,1952,
abudawud,2299,1956,
abudawud,2300,1957,
abudawud,2301,1958,
abudawud,2302,1959,
abudawud,2304,1960,
abudawud,2305,1961,
abudawud,2307,1963,
abudawud,2308,1964,
abudawud,2310,1966,
abudawud,2311,1967,
abudawud,2312,1968,
abudawud,2313,1969,
abudawud,2314,1970,
abudawud,2315,1971,
abudawud,2316,1972,
abudawud,2317,1973,
abudawud,2319,1975,
abudawud,2320,1976,
abudawud,2322,1977,
abudawud,2323,1978,
abudawud,2324,1979,
abudawud,2325,1980,
abudawud,2326,1981,
abudawud,2327,1982,
abudawud,2328,1983,
abudawud,2329,1984,
abudawud,2332,1985,
abudawud,2333,1986,
abudawud,2334,1987,
abudawud,2335,1988,
abudawud,2337,1990,
abudawud,2338,1991,
abudawud,2339,1992,
abudawud,2340,1993,
abudawud,2341,1994,
abudawud,2342,1995,
abudawud,2343,1996,
abudawud,2344,1997,
abudawud,2345,1998,
abudawud,2346,1999,
abudawud,2347,2000,
abudawud,2348,2001,
abudawud,2349,2002,
abudawud,2350,2003,
abudawud,2351,2004,
abudawud,2352,2005,
abudawud,2353,2006,
abudawud,2354,2007,
abudawud,2355,2008,
abudawud,2356,2009,
abudawud,2357,2010,
abudawud,2358,2011,
abudawud,2359,2012,
abudawud,2361,2014,
abudawud,2362,2015,
abudawud,2364,2017,
abudawud,2366,2019,
abudawud,2367,2020,
abudawud,2369,2021,
abudawud,2370,2022,
abudawud,2371,2023,
abudawud,2372,2024,
abudawud,2373,2025,
abudawud,2376,2028,
abudawud,2377,2029,
abudawud,2378,2030,
abudawud,2379,2031,
abudawud,2380,2032,
abudawud,2382,2034,
abudawud,2383,2035,
abudawud,2385,2037,
abudawud,2386,2038,
abudawud,2387,2039,
abudawud,2388,2040,
abudawud,2389,2041,
abudawud,2390,2042,
abudawud,2396,2045,
abudawud,2401,2049,
abudawud,2402,2050,
abudawud,2403,2051,
abudawud,2404,2052,
abudawud,2405,2053,
abudawud,2406,2054,
abudawud,2407,2055,
abudawud,2408,2056,
abudawud,2409,2057,
abudawud,2410,2058,
abudawud,2412,2059,
abudawud,2413,2060,
abudawud,2414,2061,
abudawud,2415,2062,
abudawud,2416,2063,
abudawud,2417,2064,
abudawud,2418,2065,
abudawud,2419,2066,
abudawud,2421,2068,
abudawud,2422,2069,
abudawud,2423,2070,
abudawud,2428,2073,
abudawud,2429,2074,
abudawud,2430,2075,
abudawud,2431,2076,
abudawud,2432,2077,
abudawud,2433,2078,
abudawud,2434,2079,
abudawud,2436,2080,
abudawud,2437,2081,
abudawud,2438,2082,
abudawud,2439,2083,
abudawud,2440,2084,
abudawud,2441,2085,
abudawud,2442,2086,
abudawud,2443,2087,
abudawud,2444,2088,
abudawud,2446,2090,
abudawud,2447,2091,
abudawud,2448,2092,
abudawud,2449,2093,
abudawud,2450,2094,
abudawud,2451,2095,
abudawud,2452,2096,
abudawud,2453,2097,
abudawud,2454,2098,
abudawud,2455,2099,
abudawud,2456,2100,
abudawud,2460,2104,
abudawud,2464,2108,
abudawud,2466,2110,
abudawud,2471,2113,
abudawud,2472,2114,
abudawud,2473,2115,
abudawud,2474,2116,
abudawud,2476,2117,
abudawud,2477,2118,
abudawud,2478,2119,
abudawud,2479,2120,
abudawud,2480,2121,
abudawud,2481,2122,
abudawud,2482,2123,
abudawud,2484,2125,
abudawud,2485,2126,
abudawud,2486,2127,
abudawud,2487,2128,
abudawud,2488,2129,
abudawud,2489,2130,
abudawud,2490,2131,
abudawud,2493,2132,
abudawud,2494,2133,
abudawud,2495,2134,
abudawud,2496,2135,
abudawud,2498,2137,
abudawud,2499,2138,
abudawud,2500,2139,
abudawud,2501,2140,
abudawud,2502,2141,
abudawud,2503,2142,
abudawud,2504,2143,
abudawud,2505,2144,
abudawud,2506,2145,
abudawud,2507,2146,
abudawud,2508,2147,
abudawud,2510,2149,
abudawud,2511,2150,
abudawud,2512,2151,
abudawud,2513,2152,
abudawud,2515,2154,
abudawud,2516,2155,
abudawud,2517,2156,
abudawud,2519,2157,
abudawud,2520,2158,
abudawud,2521,2159,
abudawud,2524,2162,
abudawud,2525,2163,
abudawud,2527,2165,
abudawud,2528,2166,
abudawud,2529,2167,
abudawud,2530,2168,
abudawud,2531,2169,
abudawud,2532,2170,
abudawud,2533,2171,
abudawud,2534,2172,
abudawud,2535,2173,
abudawud,2536,2174,
abudawud,2537,2175,
abudawud,2539,2177,
abudawud,2540,2178,
abudawud,2541,2179,
abudawud,2542,2180,
abudawud,2545,2182,
abudawud,2546,2183,
abudawud,2547,2184,
abudawud,2550,2187,
abudawud,2551,2188,
abudawud,2554,2191,
abudawud,2556,2193,
abudawud,2557,2194,
abudawud,2558,2195,
abudawud,2559,2196,
abudawud,2560,2197,
abudawud,2562,2199,
abudawud,2563,2200,
abudawud,2566,2203,
abudawud,2567,2204,
abudawud,2568,2205,
abudawud,2570,2206,
abudawud,2571,2207,
abudawud,2574,2210,
abudawud,2576,2212,
abudawud,2577,2213,
abudawud,2579,2215,
abudawud,2581,2216,
abudawud,2583,2217,
abudawud,2586,2219,
abudawud,2587,2220,
abudawud,2588,2221,
abudawud,2589,2222,
abudawud,2590,2223,
abudawud,2591,2224,
abudawud,2592,2225,
abudawud,2593,2226,
abudawud,2595,2228,
abudawud,2596,2229,
abudawud,2597,2230,
abudawud,2598,2231,
abudawud,2599,2232,
abudawud,2600,2233,
abudawud,2601,2234,
abudawud,2602,2235,
abudawud,2603,2236,
abudawud,2604,2237,
abudawud,2605,2238,
abudawud,2606,2239,
abudawud,2607,2240,
abudawud,2608,2241,
abudawud,2609,2242,
abudawud,2610,2243,
abudawud,2611,2244,
abudawud,2612,2245,
abudawud,2613,2246,
abudawud,2614,2247,
abudawud,2615,2248,
abudawud,2616,2249,
abudawud,2619,2251,
abudawud,2620,2252,
abudawud,2622,2253,
abudawud,2624,2255,
abudawud,2625,2256,
abudawud,2626,2257,
abudawud,2627,2258,
abudawud,2628,2259,
abudawud,2630,2260,
abudawud,2631,2261,
abudawud,2632,2262,
abudawud,2633,2263,
abudawud,2634,2264,
abudawud,2635,2265,
abudawud,2636,2266,
abudawud,2638,2268,
abudawud,2639,2269,
abudawud,2641,2271,
abudawud,2643,2272,
abudawud,2644,2273,
abudawud,2646,2275,
abudawud,2648,2277,
abudawud,2649,2278,
abudawud,2651,2279,
abudawud,2652,2280,
abudawud,2653,2281,
abudawud,2654,2282,
abudawud,2655,2283,
abudawud,2656,2284,
abudawud,2658,2285,
abudawud,2659,2286,
abudawud,2661,2287,
abudawud,2663,2289,
abudawud,2664,2290,
abudawud,2665,2291,
abudawud,2666,2292,
abudawud,2668,2294,
abudawud,2669,2295,
abudawud,2670,2296,
abudawud,2673,2299,
abudawud,2676,2301,
abudawud,2677,2302,
abudawud,2679,2304,
abudawud,2680,2305,
abudawud,2681,2306,
abudawud,2682,2307,
abudawud,2683,2308,
abudawud,2684,2309,
abudawud,2685,2310,
abudawud,2686,2311,
abudawud,2688,2313,
abudawud,2689,2314,
abudawud,2690,2315,
abudawud,2691,2316,
abudawud,2694,2319,
abudawud,2695,2320,
abudawud,2696,2321,
abudawud,2697,2322,
abudawud,2698,2323,
abudawud,2699,2324,
abudawud,2701,2326,
abudawud,2702,2327,
abudawud,2703,2328,
abudawud,2704,2329,
abudawud,2705,2330,
abudawud,2706,2331,
abudawud,2707,2332,
abudawud,2708,2333,
abudawud,2709,2334,
abudawud,2710,2335,
abudawud,2711,2336,
abudawud,2712,2337,
abudawud,2713,2338,
abudawud,2714,2339,
abudawud,2715,2340,
abudawud,2716,2341,
abudawud,2717,2342,
abudawud,2718,2343,
abudawud,2719,2344,
abudawud,2721,2345,
abudawud,2722,2346,
abudawud,2723,2347,
abudawud,2724,2348,
abudawud,2725,2349,
abudawud,2726,2350,
abudawud,2727,2351,
abudawud,2728,2352,
abudawud,2730,2354,
abudawud,2731,2355,
abudawud,2732,2356,
abudawud,2733,2357,
abudawud,2735,2358,
abudawud,2737,2360,
abudawud,2740,2361,
abudawud,2741,2362,
abudawud,2743,2363,
abudawud,2744,2364,
abudawud,2745,2365,
abudawud,2746,2366,
abudawud,2747,2367,
abudawud,2748,2368,
abudawud,2749,2369,
abudawud,2750,2370,
abudawud,2754,2373,
abudawud,2755,2374,
abudawud,2756,2375,
abudawud,2757,2376,
abudawud,2759,2378,
abudawud,2760,2379,
abudawud,2762,2381,
abudawud,2763,2382,
abudawud,2764,2383,
abudawud,2768,2387,
abudawud,2769,2388,
abudawud,2772,2391,
abudawud,2774,2393,
abudawud,2775,2394,
abudawud,2777,2396,
abudawud,2778,2397,
abudawud,2779,2398,
abudawud,2780,2399,
abudawud,2782,2401,
abudawud,2783,2402,
abudawud,2785,2403,
abudawud,2786,2404,
abudawud,2787,2405,
abudawud,2788,2406,
abudawud,2789,2407,
abudawud,2790,2408,
abudawud,2791,2409,
abudawud,2792,2410,
abudawud,2793,2411,
abudawud,2795,2413,
abudawud,2796,2414,
abudawud,2797,2415,
abudawud,2798,2416,
abudawud,2799,2417,
abudawud,2800,2418,
abudawud,2801,2419,
abudawud,2802,2420,
abudawud,2805,2423,
abudawud,2807,2424,
abudawud,2808,2425,
abudawud,2809,2426,
abudawud,2811,2428,
abudawud,2812,2429,
abudawud,2814,2431,
abudawud,2815,2432,
abudawud,2816,2433,
abudawud,2817,2434,
abudawud,2818,2435,
abudawud,2819,2436,
abudawud,2820,2437,
abudawud,2821,2438,
abudawud,2822,2439,
abudawud,2823,2440,
abudawud,2824,2441,
abudawud,2825,2442,
abudawud,2826,2443,
abudawud,2827,2444,
abudawud,2828,2445,
abudawud,2829,2446,
abudawud,2830,2447,
abudawud,2831,2448,
abudawud,2833,2450,
abudawud,2834,2451,
abudawud,2835,2452,
abudawud,2836,2453,
abudawud,2837,2454,
abudawud,2838,2455,
abudawud,2839,2456,
abudawud,2840,2457,
abudawud,2842,2459,
abudawud,2843,2460,
abudawud,2845,2462,
abudawud,2847,2464,
abudawud,2848,2465,
abudawud,2849,2466,
abudawud,2850,2467,
abudawud,2852,2469,
abudawud,2853,2470,
abudawud,2854,2471,
abudawud,2855,2472,
abudawud,2856,2473,
abudawud,2857,3134,
abudawud,2858,2475,
abudawud,2859,2476,
abudawud,2861,2477,
abudawud,2862,2478,
abudawud,2863,2479,
abudawud,2864,2480,
abudawud,2865,2481,
abudawud,2866,2482,
abudawud,2867,2483,
abudawud,2869,2485,
abudawud,2870,2486,
abudawud,2871,2487,
abudawud,2872,2488,
abudawud,2873,2489,
abudawud,2874,2490,
abudawud,2879,2089,
abudawud,2881,2495,
abudawud,2882,2496,
abudawud,2883,2497,
abudawud,2884,2498,
abudawud,2885,2499,
abudawud,2886,2500,
abudawud,2887,2501,
abudawud,2888,2502,
abudawud,2889,2503,
abudawud,2890,2504,
abudawud,2891,2505,
abudawud,2893,2506,
abudawud,2894,2507,
abudawud,2895,2508,
abudawud,2896,2509,
abudawud,2897,2510,
abudawud,2898,2511,
abudawud,2899,2512,
abudawud,2900,2513,
abudawud,2901,2514,
abudawud,2902,2515,
abudawud,2903,2516,
abudawud,2904,2517,
abudawud,2905,2518,
abudawud,2906,2519,
abudawud,2907,2520,
abudawud,2909,2521,
abudawud,2911,2523,
abudawud,2912,2524,
abudawud,2914,2525,
abudawud,2915,2526,
abudawud,2916,2527,
abudawud,2917,2528,
abudawud,2918,2529,
abudawud,2920,2531,
abudawud,2921,2532,
abudawud,2922,2533,
abudawud,2923,2534,
abudawud,2924,2535,
abudawud,2925,2536,
abudawud,2926,2537,
abudawud,2927,2538,
abudawud,2930,2541,
abudawud,2931,2542,
abudawud,2932,2543,
abudawud,2933,2544,
abudawud,2934,2545,
abudawud,2935,2546,
abudawud,2936,2547,
abudawud,2938,2549,
abudawud,2939,2550,
abudawud,2940,2551,
abudawud,2941,2552,
abudawud,2943,2554,
abudawud,2944,2555,
abudawud,2945,2556,
abudawud,2946,2557,
abudawud,2947,2558,
abudawud,2948,2559,
abudawud,2950,2561,
abudawud,2953,2564,
abudawud,2954,2565,
abudawud,2955,2566,
abudawud,2956,2567,
abudawud,2958,2569,
abudawud,2959,2570,
abudawud,2960,2571,
abudawud,2961,2572,
abudawud,2962,2573,
abudawud,2963,2574,
abudawud,2965,2575,
abudawud,2966,2576,
abudawud,2967,2577,
abudawud,2971,2579,
abudawud,2972,2580,
abudawud,2973,2581,
abudawud,2975,2583,
abudawud,2978,2585,
abudawud,2979,2586,
abudawud,2981,2588,
abudawud,2983,2590,
abudawud,2987,2594,
abudawud,2988,2595,
abudawud,2990,2596,
abudawud,2991,2597,
abudawud,2992,2598,
abudawud,2993,2599,
abudawud,2994,2600,
abudawud,2995,2601,
abudawud,2996,2602,
abudawud,2997,2603,
abudawud,2999,2605,
abudawud,3000,2606,
abudawud,3001,2607,
abudawud,3002,2608,
abudawud,3003,2609,
abudawud,3009,2615,
abudawud,3010,2616,
abudawud,3012,2617,
abudawud,3013,2618,
abudawud,3015,2620,
abudawud,3016,2621,
abudawud,3017,2622,
abudawud,3019,2624,
abudawud,3020,2625,
abudawud,3021,2626,
abudawud,3023,2628,
abudawud,3024,2629,
abudawud,3025,2630,
abudawud,3026,2631,
abudawud,3027,2632,
abudawud,3028,2633,
abudawud,3029,2634,
abudawud,3030,2635,
abudawud,3032,2636,
abudawud,3033,2637,
abudawud,3035,2639,
abudawud,3037,2641,
abudawud,3038,2642,
abudawud,3040,2643,
abudawud,3041,2644,
abudawud,3042,2645,
abudawud,3043,2646,
abudawud,3044,2647,
abudawud,3048,2650,
abudawud,3049,2651,
abudawud,3050,2652,
abudawud,3051,2653,
abudawud,3053,2655,
abudawud,3055,2656,
abudawud,3057,2657,
abudawud,3058,2658,
abudawud,3060,2659,
abudawud,3062,2661,
abudawud,3063,2662,
abudawud,3064,2663,
abudawud,3066,2664,
abudawud,3067,2665,
abudawud,3069,2667,
abudawud,3070,2668,
abudawud,3071,2669,
abudawud,3072,2670,
abudawud,3073,2671,
abudawud,3076,2672,
abudawud,3077,2673,
abudawud,3079,2675,
abudawud,3080,2676,
abudawud,3081,2677,
abudawud,3082,2678,
abudawud,3083,2679,
abudawud,3084,2680,
abudawud,3086,2682,
abudawud,3087,2683,
abudawud,3088,2684,
abudawud,3090,2686,
abudawud,3091,2687,
abudawud,3092,2688,
abudawud,3093,2689,
abudawud,3094,2690,
abudawud,3095,2691,
abudawud,3096,2692,
abudawud,3098,2694,
abudawud,3101,2695,
abudawud,3102,2696,
abudawud,3103,2697,
abudawud,3104,2698,
abudawud,3105,2699,
abudawud,3106,2700,
abudawud,3107,2701,
abudawud,3108,2702,
abudawud,3110,2703,
abudawud,3111,2704,
abudawud,3112,2705,
abudawud,3114,2707,
abudawud,3116,2709,
abudawud,3117,2710,
abudawud,3118,2711,
abudawud,3121,2714,
abudawud,3122,2715,
abudawud,3124,2717,
abudawud,3125,2718,
abudawud,3126,2719,
abudawud,3127,2720,
abudawud,3128,2721,
abudawud,3129,2722,
abudawud,3130,2723,
abudawud,3131,2724,
abudawud,3132,2725,
abudawud,3133,2726,
abudawud,3134,2727,
abudawud,3135,2728,
abudawud,3136,2729,
abudawud,3137,2730,
abudawud,3138,2731,
abudawud,3141,2733,
abudawud,3142,2734,
abudawud,3146,2735,
abudawud,3147,2736,
abudawud,3149,2738,
abudawud,3150,2739,
abudawud,3151,2740,
abudawud,3153,2741,
abudawud,3154,2742,
abudawud,3155,2743,
abudawud,3156,2744,
abudawud,3157,2745,
abudawud,3158,2746,
abudawud,3159,2747,
abudawud,3160,2748,
abudawud,3161,2749,
abudawud,3163,2750,
abudawud,3164,2751,
abudawud,3165,2752,
abudawud,3166,2753,
abudawud,3167,2754,
abudawud,3168,2755,
abudawud,3170,2756,
abudawud,3171,2757,
abudawud,3172,2758,
abudawud,3174,2760,
abudawud,3175,2761,
abudawud,3176,2762,
abudawud,3177,2763,
abudawud,3178,2764,
abudawud,3179,2765,
abudawud,3180,2766,
abudawud,3182,2768,
abudawud,3184,2769,
abudawud,3185,2770,
abudawud,3186,2771,
abudawud,3187,2772,
abudawud,3188,2773,
abudawud,3189,2774,
abudawud,3190,2775,
abudawud,3191,2776,
abudawud,3192,2777,
abudawud,3193,2778,
abudawud,3194,2779,
abudawud,3195,2780,
abudawud,3196,2781,
abudawud,3197,2782,
abudawud,3198,2783,
abudawud,3200,2785,
abudawud,3201,2786,
abudawud,3203,2788,
abudawud,3204,2789,
abudawud,3205,2790,
abudawud,3206,2791,
abudawud,3207,2792,
abudawud,3208,2793,
abudawud,3209,2794,
abudawud,3210,2795,
abudawud,3211,2796,
abudawud,3213,2798,
abudawud,3214,2799,
abudawud,3215,2800,
abudawud,3218,2801,
abudawud,3219,2802,
abudawud,3220,2803,
abudawud,3221,2804,
abudawud,3222,2805,
abudawud,3228,2809,
abudawud,3229,2810,
abudawud,3230,2811,
abudawud,3231,2812,
abudawud,3232,2813,
abudawud,3233,2814,
abudawud,3234,2815,
abudawud,3236,2817,
abudawud,3237,2818,
abudawud,3238,2819,
abudawud,3241,2820,
abudawud,3243,2822,
abudawud,3246,2825,
abudawud,3248,2827,
abudawud,3249,2828,
abudawud,3251,2829,
abudawud,3252,2830,
abudawud,3254,2832,
abudawud,3255,2833,
abudawud,3256,2834,
abudawud,3257,2835,
abudawud,3258,2836,
abudawud,3259,2837,
abudawud,3261,2838,
abudawud,3262,2839,
abudawud,3263,2840,
abudawud,3264,2841,
abudawud,3265,2842,
abudawud,3266,2843,
abudawud,3267,2844,
abudawud,3268,2845,
abudawud,3271,2846,
abudawud,3273,2848,
abudawud,3274,2849,
abudawud,3275,2850,
abudawud,3276,2851,
abudawud,3277,2852,
abudawud,3279,2853,
abudawud,3280,2854,
abudawud,3281,2855,
abudawud,3284,2857,
abudawud,3285,2858,
abudawud,3286,2859,
abudawud,3287,2860,
abudawud,3288,2861,
abudawud,3289,2862,
abudawud,3291,2863,
abudawud,3292,2864,
abudawud,3293,2865,
abudawud,3295,2866,
abudawud,3296,2867,
abudawud,3297,2868,
abudawud,3299,2869,
abudawud,3300,2870,
abudawud,3301,2871,
abudawud,3303,2873,
abudawud,3304,2874,
abudawud,3306,2875,
abudawud,3307,2876,
abudawud,3308,2877,
abudawud,3309,2492,
abudawud,3310,2878,
abudawud,3311,2879,
abudawud,3312,2880,
abudawud,3313,2881,
abudawud,3314,2882,
abudawud,3317,2884,
abudawud,3319,2885,
abudawud,3321,2886,
abudawud,3322,2887,
abudawud,3323,2888,
abudawud,3325,2889,
abudawud,3326,2890,
abudawud,3329,2892,
abudawud,3331,2893,
abudawud,3332,2894,
abudawud,3333,2895,
abudawud,3334,2896,
abudawud,3335,2897,
abudawud,3336,2898,
abudawud,3340,2899,
abudawud,3341,2900,
abudawud,3346,2904,
abudawud,3347,2905,
abudawud,3349,2907,
abudawud,3351,2908,
abudawud,3352,2909,
abudawud,3353,2910,
abudawud,3355,2911,
abudawud,3356,2912,
abudawud,3357,2913,
abudawud,3359,2915,
abudawud,3360,2916,
abudawud,3361,2917,
abudawud,3363,2919,
abudawud,3364,2920,
abudawud,3366,2922,
abudawud,3368,2924,
abudawud,3369,2925,
abudawud,3370,2926,
abudawud,3371,2927,
abudawud,3372,2928,
abudawud,3373,2929,
abudawud,3374,2930,
abudawud,3375,2931,
abudawud,3376,2932,
abudawud,3377,2933,
abudawud,3379,2593,
abudawud,3382,2935,
abudawud,3383,2936,
abudawud,3384,2937,
abudawud,3386,2938,
abudawud,3387,2939,
abudawud,3388,2940,
abudawud,3389,2941,
abudawud,3390,2942,
abudawud,3393,2945,
abudawud,3394,2946,
abudawud,3395,2947,
abudawud,3397,2948,
abudawud,3398,2949,
abudawud,3399,2950,
abudawud,3400,2951,
abudawud,3401,2952,
abudawud,3403,2954,
abudawud,3404,2955,
abudawud,3405,2956,
abudawud,3406,2957,
abudawud,3407,2958,
abudawud,3409,2960,
abudawud,3410,2961,
abudawud,3413,2962,
abudawud,3414,2963,
abudawud,3415,964,
abudawud,3416,2964,
abudawud,3420,2966,
abudawud,3421,2967,
abudawud,3423,2969,
abudawud,3424,2970,
abudawud,3425,2971,
abudawud,3426,2972,
abudawud,3427,2973,
abudawud,3428,2974,
abudawud,3429,2975,
abudawud,3432,2976,
abudawud,3433,2977,
abudawud,3435,2978,
abudawud,3438,2981,
abudawud,3440,2983,
abudawud,3441,2984,
abudawud,3444,2987,
abudawud,3445,2988,
abudawud,3446,2989,
abudawud,3447,2990,
abudawud,3448,2991,
abudawud,3449,2992,
abudawud,3450,2993,
abudawud,3451,2994,
abudawud,3452,2995,
abudawud,3457,2998,
abudawud,3458,2999,
abudawud,3460,3001,
abudawud,3461,3002,
abudawud,3463,3004,
abudawud,3464,3005,
abudawud,3466,3006,
abudawud,3467,3007,
abudawud,3468,3008,
abudawud,3469,3009,
abudawud,3470,3010,
abudawud,3472,3012,
abudawud,3474,3014,
abudawud,3476,3015,
abudawud,3477,3016,
abudawud,3478,3017,
abudawud,3479,3018,
abudawud,3480,3019,
abudawud,3481,3020,
abudawud,3482,3021,
abudawud,3483,3022,
abudawud,3484,3023,
abudawud,3485,3024,
abudawud,3488,3026,
abudawud,3489,3027,
abudawud,3490,3028,
abudawud,3493,3030,
abudawud,3494,3031,
abudawud,3495,3032,
abudawud,3497,3034,
abudawud,3499,3036,
abudawud,3500,3037,
abudawud,3501,3038,
abudawud,3502,3039,
abudawud,3503,3040,
abudawud,3504,3041,
abudawud,3505,3042,
abudawud,3506,3043,
abudawud,3508,3044,
abudawud,3509,3045,
abudawud,3510,3046,
abudawud,3511,3047,
abudawud,3513,3048,
abudawud,3515,3050,
abudawud,3516,3051,
abudawud,3517,3052,
abudawud,3518,3053,
abudawud,3519,3054,
abudawud,3520,3055,
abudawud,3523,3056,
abudawud,3524,3057,
abudawud,3525,3058,
abudawud,3526,3059,
abudawud,3528,3061,
abudawud,3529,3062,
abudawud,3530,3063,
abudawud,3531,3064,
abudawud,3532,3065,
abudawud,3533,3066,
abudawud,3534,3067,
abudawud,3535,3068,
abudawud,3536,3069,
abudawud,3537,3070,
abudawud,3538,3071,
abudawud,3539,3072,
abudawud,3541,3074,
abudawud,3542,3075,
abudawud,3543,3076,
abudawud,3544,3077,
abudawud,3545,3078,
abudawud,3546,3079,
abudawud,3547,3080,
abudawud,3548,3081,
abudawud,3550,3082,
abudawud,3551,3083,
abudawud,3553,3084,
abudawud,3556,3086,
abudawud,3558,3088,
abudawud,3559,3089,
abudawud,3560,3090,
abudawud,3561,3091,
abudawud,3562,3092,
abudawud,3563,3093,
abudawud,3565,3094,
abudawud,3566,3095,
abudawud,3567,3096,
abudawud,3568,3097,
abudawud,3570,3099,
abudawud,3571,3100,
abudawud,3572,3101,
abudawud,3573,3102,
abudawud,3574,3103,
abudawud,3575,3104,
abudawud,3576,3105,
abudawud,3577,3106,
abudawud,3579,3108,
abudawud,3580,3109,
abudawud,3581,3110,
abudawud,3582,3111,
abudawud,3583,3112,
abudawud,3585,2944,
abudawud,3586,3113,
abudawud,3587,3114,
abudawud,3588,3115,
abudawud,3589,3116,
abudawud,3590,3117,
abudawud,3592,3119,
abudawud,3596,3122,
abudawud,3597,3123,
abudawud,3599,3124,
abudawud,3600,3125,
abudawud,3602,3126,
abudawud,3605,3128,
abudawud,3606,3129,
abudawud,3607,3130,
abudawud,3608,3131,
abudawud,3610,3132,
abudawud,3612,3133,
abudawud,3616,3135,
abudawud,3617,3136,
abudawud,3619,3137,
abudawud,3620,3138,
abudawud,3621,3139,
abudawud,3622,3140,
abudawud,3623,3141,
abudawud,3624,3142,
abudawud,3625,1849,
abudawud,3626,1248,
abudawud,3627,3143,
abudawud,3628,3144,
abudawud,3629,3145,
abudawud,3630,3146,
abudawud,3631,3147,
abudawud,3632,3148,
abudawud,3633,3149,
abudawud,3634,3150,
abudawud,3635,3151,
abudawud,3636,3152,
abudawud,3637,3153,
abudawud,3638,3154,
abudawud,3639,3155,
abudawud,3640,3156,
abudawud,3641,3157,
abudawud,3643,3158,
abudawud,3644,3159,
abudawud,3645,3160,
abudawud,3646,3161,
abudawud,3647,3162,
abudawud,3648,3163,
abudawud,3649,3164,
abudawud,3650,3165,
abudawud,3651,3166,
abudawud,3652,3167,
abudawud,3653,3168,
abudawud,3654,3169,
abudawud,3656,3171,
abudawud,3657,3172,
abudawud,3658,3173,
abudawud,3659,3174,
abudawud,3660,3175,
abudawud,3661,3176,
abudawud,3662,3177,
abudawud,3663,3178,
abudawud,3664,3179,
abudawud,3665,3180,
abudawud,3666,3181,
abudawud,3667,3182,
abudawud,3668,3183,
abudawud,3669,3184,
abudawud,3670,3185,
abudawud,3671,3186,
abudawud,3672,3187,
abudawud,3673,3188,
abudawud,3674,3189,
abudawud,3675,3190,
abudawud,3676,3191,
abudawud,3677,3192,
abudawud,3678,3193,
abudawud,3679,3194,
abudawud,3680,3195,
abudawud,3681,3196,
abudawud,3683,3198,
abudawud,3684,3199,
abudawud,3685,3200,
abudawud,3686,3201,
abudawud,3687,3202,
abudawud,3688,3203,
abudawud,3689,3204,
abudawud,3690,3205,
abudawud,3692,3207,
abudawud,3693,3208,
abudawud,3695,3209,
abudawud,3696,3210,
abudawud,3697,3211,
abudawud,3698,3212,
abudawud,3699,3213,
abudawud,3700,3214,
abudawud,3703,3216,
abudawud,3704,3217,
abudawud,3705,3218,
abudawud,3706,3219,
abudawud,3707,3220,
abudawud,3708,3221,
abudawud,3709,3222,
abudawud,3710,3223,
abudawud,3711,3224,
abudawud,3712,3225,
abudawud,3713,3226,
abudawud,3714,3227,
abudawud,3716,3228,
abudawud,3718,3230,
abudawud,3719,3231,
abudawud,3720,3232,
abudawud,3721,3233,
abudawud,3722,3234,
abudawud,3723,3235,
abudawud,3724,3236,
abudawud,3725,3237,
abudawud,3726,3238,
abudawud,3727,3239,
abudawud,3728,3240,
abudawud,3729,3241,
abudawud,3730,3242,
abudawud,3731,3243,
abudawud,3732,2903,
abudawud,3733,3244,
abudawud,3734,3245,
abudawud,3735,3246,
abudawud,3740,3249,
abudawud,3741,3250,
abudawud,3742,3251,
abudawud,3743,3252,
abudawud,3744,3253,
abudawud,3745,3254,
abudawud,3747,3255,
abudawud,3748,3256,
abudawud,3749,3257,
abudawud,3750,3258,
abudawud,3751,3259,
abudawud,3753,3261,
abudawud,3755,3263,
abudawud,3756,3264,
abudawud,3757,3265,
abudawud,3758,3266,
abudawud,3759,3267,
abudawud,3760,3268,
abudawud,3761,3269,
abudawud,3762,3270,
abudawud,3763,3271,
abudawud,3764,3272,
abudawud,3765,3273,
abudawud,3766,3274,
abudawud,3767,3275,
abudawud,3768,3276,
abudawud,3769,3277,
abudawud,3770,3278,
abudawud,3771,3279,
abudawud,3772,3280,
abudawud,3773,3281,
abudawud,3774,3282,
abudawud,3776,3283,
abudawud,3777,3284,
abudawud,3778,3285,
abudawud,3779,3286,
abudawud,3780,3287,
abudawud,3782,3288,
abudawud,3783,3289,
abudawud,3784,3290,
abudawud,3785,3291,
abudawud,3786,3292,
abudawud,3787,3293,
abudawud,3788,3294,
abudawud,3789,3295,
abudawud,3790,3296,
abudawud,3791,3297,
abudawud,3792,3298,
abudawud,3793,3299,
abudawud,3794,3300,
abudawud,3795,3301,
abudawud,3796,3302,
abudawud,3797,3303,
abudawud,3798,3304,
abudawud,3799,3305,
abudawud,3800,3306,
abudawud,3801,3307,
abudawud,3802,3308,
abudawud,3803,3309,
abudawud,3804,3310,
abudawud,3805,3311,
abudawud,3806,3312,
abudawud,3807,3313,
abudawud,3808,3314,
abudawud,3809,3315,
abudawud,3811,3316,
abudawud,3812,3317,
abudawud,3813,3318,
abudawud,3815,3319,
abudawud,3816,3320,
abudawud,3818,3322,
abudawud,3819,3323,
abudawud,3820,3324,
abudawud,3821,3325,
abudawud,3824,3328,
abudawud,3825,3329,
abudawud,3826,3330,
abudawud,3827,3331,
abudawud,3828,3332,
abudawud,3829,3333,
abudawud,3830,3334,
abudawud,3831,3335,
abudawud,3832,3336,
abudawud,3834,3337,
abudawud,3835,3338,
abudawud,3836,3339,
abudawud,3837,3340,
abudawud,3838,3341,
abudawud,3839,3342,
abudawud,3840,3343,
abudawud,3841,3344,
abudawud,3842,3345,
abudawud,3844,3346,
abudawud,3845,3347,
abudawud,3846,3348,
abudawud,3847,3349,
abudawud,3848,3350,
abudawud,3849,3351,
abudawud,3850,3352,
abudawud,3851,3353,
abudawud,3853,3355,
abudawud,3855,3357,
abudawud,3856,3358,
abudawud,3857,3359,
abudawud,3858,3360,
abudawud,3859,3361,
abudawud,3860,3362,
abudawud,3861,3363,
abudawud,3862,3364,
abudawud,3864,3366,
abudawud,3865,3367,
abudawud,3866,3368,
abudawud,3867,3369,
abudawud,3868,3370,
abudawud,3869,3371,
abudawud,3870,3372,
abudawud,3872,3374,
abudawud,3873,3375,
abudawud,3874,3376,
abudawud,3875,3377,
abudawud,3876,3378,
abudawud,3877,3379,
abudawud,3881,3383,
abudawud,3882,3384,
abudawud,3883,3385,
abudawud,3884,3386,
abudawud,3885,3387,
abudawud,3886,3388,
abudawud,3887,3389,
abudawud,3888,3390,
abudawud,3889,3391,
abudawud,3890,3392,
abudawud,3891,3393,
abudawud,3892,3394,
abudawud,3893,3395,
abudawud,3894,3396,
abudawud,3895,3397,
abudawud,3896,3398,
abudawud,3899,3400,
abudawud,3900,3401,
abudawud,3901,3402,
abudawud,3902,3403,
abudawud,3906,3407,
abudawud,3907,3408,
abudawud,3908,3409,
abudawud,3909,3410,
abudawud,3910,3411,
abudawud,3912,3413,
abudawud,3913,3414,
abudawud,3914,2638,
abudawud,3916,3415,
abudawud,3917,3416,
abudawud,3918,3417,
abudawud,3919,3418,
abudawud,3920,3419,
abudawud,3921,3420,
abudawud,3922,3421,
abudawud,3923,3422,
abudawud,3924,3423,
abudawud,3925,3424,
abudawud,3926,3425,
abudawud,3927,3426,
abudawud,3928,3427,
abudawud,3929,3428,
abudawud,3931,3861,
abudawud,3932,3430,
abudawud,3933,3431,
abudawud,3936,3432,
abudawud,3937,3433,
abudawud,3938,3434,
abudawud,3940,3435,
abudawud,3947,3438,
abudawud,3948,3439,
abudawud,3949,3440,
abudawud,3950,3441,
abudawud,3951,3442,
abudawud,3954,3444,
abudawud,3955,3445,
abudawud,3957,3446,
abudawud,3958,3447,
abudawud,3961,3448,
abudawud,3962,3449,
abudawud,3963,3450,
abudawud,3964,3451,
abudawud,3966,3453,
abudawud,3968,3454,
abudawud,3969,3455,
abudawud,3970,3456,
abudawud,3971,3457,
abudawud,3972,3458,
abudawud,3973,3459,
abudawud,3974,3460,
abudawud,3975,3461,
abudawud,3976,3462,
abudawud,3977,3463,
abudawud,3978,3464,
abudawud,3979,3465,
abudawud,3980,3466,
abudawud,3981,3467,
abudawud,3982,3468,
abudawud,3983,3469,
abudawud,3984,3470,
abudawud,3985,3471,
abudawud,3986,3472,
abudawud,3987,3473,
abudawud,3988,3474,
abudawud,3989,3475,
abudawud,3990,3476,
abudawud,3991,3477,
abudawud,3992,3478,
abudawud,3994,3480,
abudawud,3995,3481,
abudawud,3996,3482,
abudawud,3997,3483,
abudawud,3998,3484,
abudawud,3999,3485,
abudawud,4001,3487,
abudawud,4002,3488,
abudawud,4003,3489,
abudawud,4004,3490,
abudawud,4005,3491,
abudawud,4007,3492,
abudawud,4008,3493,
abudawud,4009,3494,
abudawud,4010,3495,
abudawud,4011,3496,
abudawud,4012,3497,
abudawud,4014,3498,
abudawud,4015,3499,
abudawud,4016,3500,
abudawud,4017,3501,
abudawud,4018,3502,
abudawud,4019,3503,
abudawud,4020,3504,
abudawud,4023,3505,
abudawud,4024,3506,
abudawud,4025,3507,
abudawud,4026,3508,
abudawud,4028,3510,
abudawud,4029,3511,
abudawud,4031,3512,
abudawud,4032,3514,
abudawud,4033,3515,
abudawud,4034,3516,
abudawud,4035,3517,
abudawud,4036,3518,
abudawud,4037,3519,
abudawud,4038,3520,
abudawud,4039,3521,
abudawud,4040,3522,
abudawud,4041,910,
abudawud,4042,3523,
abudawud,4043,3524,
abudawud,4044,3525,
abudawud,4047,3526,
abudawud,4048,3527,
abudawud,4049,3528,
abudawud,4050,3529,
abudawud,4053,3531,
abudawud,4054,3532,
abudawud,4055,3533,
abudawud,4056,3534,
abudawud,4058,3536,
abudawud,4059,3537,
abudawud,4060,3538,
abudawud,4061,3539,
abudawud,4062,3540,
abudawud,4063,3541,
abudawud,4066,3544,
abudawud,4067,3545,
abudawud,4068,3546,
abudawud,4070,3548,
abudawud,4071,3549,
abudawud,4072,3550,
abudawud,4073,3551,
abudawud,4074,3552,
abudawud,4075,3553,
abudawud,4076,3554,
abudawud,4077,3555,
abudawud,4078,3556,
abudawud,4079,3557,
abudawud,4081,3559,
abudawud,4082,3560,
abudawud,4084,3562,
abudawud,4085,3563,
abudawud,4086,3564,
abudawud,4089,3566,
abudawud,4090,3567,
abudawud,4091,3568,
abudawud,4092,3569,
abudawud,4093,3570,
abudawud,4094,3571,
abudawud,4095,3572,
abudawud,4097,3574,
abudawud,4098,3575,
abudawud,4099,3576,
abudawud,4100,3577,
abudawud,4101,3578,
abudawud,4102,3579,
abudawud,4104,3580,
abudawud,4105,3581,
abudawud,4106,3582,
abudawud,4107,3583,
abudawud,4112,3585,
abudawud,4113,3586,
abudawud,4114,3587,
abudawud,4115,3588,
abudawud,4117,3590,
abudawud,4119,3591,
abudawud,4120,3592,
abudawud,4122,3593,
abudawud,4123,3594,
abudawud,4124,3595,
abudawud,4125,3596,
abudawud,4126,3597,
abudawud,4127,3598,
abudawud,4129,3600,
abudawud,4130,3601,
abudawud,4131,3602,
abudawud,4132,3603,
abudawud,4133,3604,
abudawud,4134,3605,
abudawud,4135,3606,
abudawud,4137,3608,
abudawud,4138,3609,
abudawud,4140,3611,
abudawud,4141,3612,
abudawud,4142,3613,
abudawud,4143,3614,
abudawud,4144,3615,
abudawud,4145,3616,
abudawud,4146,3617,
abudawud,4147,3618,
abudawud,4148,3619,
abudawud,4149,3620,
abudawud,4151,3621,
abudawud,4152,3622,
abudawud,4153,3623,
abudawud,4155,3624,
abudawud,4156,3625,
abudawud,4157,3626,
abudawud,4158,3627,
abudawud,4159,3628,
abudawud,4160,3629,
abudawud,4161,3630,
abudawud,4162,3631,
abudawud,4163,3632,
abudawud,4164,3633,
abudawud,4165,3634,
abudawud,4166,3635,
abudawud,4167,3636,
abudawud,4169,3638,
abudawud,4170,3639,
abudawud,4171,3640,
abudawud,4172,3641,
abudawud,4173,3642,
abudawud,4174,3643,
abudawud,4175,3644,
abudawud,4177,3645,
abudawud,4178,3646,
abudawud,4180,3648,
abudawud,4181,3649,
abudawud,4183,3651,
abudawud,4184,3652,
abudawud,4186,3654,
abudawud,4187,3655,
abudawud,4188,3656,
abudawud,4189,3657,
abudawud,4190,3658,
abudawud,4192,3660,
abudawud,4193,3661,
abudawud,4194,3662,
abudawud,4196,3664,
abudawud,4197,3665,
abudawud,4198,3666,
abudawud,4199,3667,
abudawud,4200,3668,
abudawud,4201,3669,
abudawud,4202,3670,
abudawud,4203,3671,
abudawud,4204,3672,
abudawud,4205,3673,
abudawud,4206,3674,
abudawud,4207,2385,
abudawud,4208,3675,
abudawud,4209,3676,
abudawud,4210,3677,
abudawud,4211,3678,
abudawud,4212,3679,
abudawud,4215,3681,
abudawud,4216,3682,
abudawud,4217,3683,
abudawud,4218,3684,
abudawud,4221,3685,
abudawud,4222,3686,
abudawud,4223,3687,
abudawud,4224,3688,
abudawud,4225,3689,
abudawud,4226,3690,
abudawud,4227,3691,
abudawud,4228,3692,
abudawud,4229,3693,
abudawud,4230,3694,
abudawud,4231,3695,
abudawud,4235,3697,
abudawud,4237,3699,
abudawud,4238,3700,
abudawud,4239,3701,
abudawud,4241,3703,
abudawud,4242,3704,
abudawud,4243,3705,
abudawud,4244,3706,
abudawud,4245,1786,
abudawud,4248,3707,
abudawud,4249,3708,
abudawud,4250,3709,
abudawud,4252,3710,
abudawud,4253,3711,
abudawud,4254,3712,
abudawud,4255,3713,
abudawud,4256,3714,
abudawud,4259,3715,
abudawud,4260,3716,
abudawud,4261,3717,
abudawud,4262,3718,
abudawud,4263,3719,
abudawud,4264,3720,
abudawud,4265,3721,
abudawud,4267,3722,
abudawud,4268,3723,
abudawud,4270,3724,
abudawud,4272,3725,
abudawud,4273,3726,
abudawud,4275,3727,
abudawud,4276,3728,
abudawud,4277,3729,
abudawud,4278,3730,
abudawud,4279,3731,
abudawud,4281,3732,
abudawud,4282,3733,
abudawud,4283,3734,
abudawud,4284,3735,
abudawud,4285,3736,
abudawud,4289,3738,
abudawud,4291,3740,
abudawud,4292,3741,
abudawud,4293,107,
abudawud,4294,3742,
abudawud,4295,3743,
abudawud,4296,3744,
abudawud,4297,3745,
abudawud,4298,3746,
abudawud,4301,3747,
abudawud,4302,3748,
abudawud,4303,3749,
abudawud,4304,3750,
abudawud,4305,3751,
abudawud,4306,3752,
abudawud,4307,3753,
abudawud,4308,3754,
abudawud,4309,3755,
abudawud,4310,3756,
abudawud,4311,3757,
abudawud,4312,3758,
abudawud,4313,3759,
abudawud,4315,3760,
abudawud,4316,3761,
abudawud,4319,3762,
abudawud,4320,3763,
abudawud,4321,3764,
abudawud,4323,3765,
abudawud,4324,3766,
abudawud,4325,3767,
abudawud,4329,3768,
abudawud,4330,3769,
abudawud,4331,3770,
abudawud,4332,3771,
abudawud,4336,3774,
abudawud,4338,3775,
abudawud,4339,3776,
abudawud,4340,3777,
abudawud,4341,3778,
abudawud,4342,3779,
abudawud,4343,3780,
abudawud,4344,3781,
abudawud,4345,3782,
abudawud,4347,3783,
abudawud,4349,3785,
abudawud,4350,3786,
abudawud,4351,3787,
abudawud,4352,3788,
abudawud,4353,3789,
abudawud,4354,3790,
abudawud,4355,3791,
abudawud,4358,3792,
abudawud,4359,3793,
abudawud,4360,3794,
abudawud,4361,3795,
abudawud,4362,3796,
abudawud,4363,3797,
abudawud,4364,3798,
abudawud,4369,3799,
abudawud,4372,3801,
abudawud,4373,3802,
abudawud,4375,3803,
abudawud,4376,3804,
abudawud,4377,3805,
abudawud,4379,3806,
abudawud,4380,3807,
abudawud,4381,3808,
abudawud,4382,3809,
abudawud,4383,3810,
abudawud,4384,3811,
abudawud,4385,3812,
abudawud,4386,3813,
abudawud,4387,3814,
abudawud,4388,3815,
abudawud,4390,3816,
abudawud,4391,3817,
abudawud,4392,3818,
abudawud,4394,3819,
abudawud,4395,3820,
abudawud,4396,3821,
abudawud,4402,3824,
abudawud,4403,3825,
abudawud,4404,3826,
abudawud,4406,3827,
abudawud,4408,3828,
abudawud,4409,3829,
abudawud,4410,3830,
abudawud,4411,3831,
abudawud,4412,3832,
abudawud,4413,3833,
abudawud,4415,3834,
abudawud,4417,2693,
abudawud,4418,3835,
abudawud,4419,3836,
abudawud,4420,3837,
abudawud,4421,3838,
abudawud,4422,3839,
abudawud,4425,3840,
abudawud,4426,3841,
abudawud,4427,3842,
abudawud,4428,3843,
abudawud,4430,3844,
abudawud,4431,3845,
abudawud,4433,3846,
abudawud,4434,3847,
abudawud,4435,3848,
abudawud,4438,3850,
abudawud,4439,3851,
abudawud,4441,3852,
abudawud,4442,3853,
abudawud,4443,3854,
abudawud,4445,3855,
abudawud,4446,3856,
abudawud,4447,3857,
abudawud,4449,3859,
abudawud,4450,3860,
abudawud,4452,3862,
abudawud,4455,3863,
abudawud,4456,3864,
abudawud,4457,3865,
abudawud,4458,3866,
abudawud,4459,3867,
abudawud,4462,3869,
abudawud,4463,3870,
abudawud,4464,3871,
abudawud,4465,3872,
abudawud,4466,3873,
abudawud,4467,3874,
abudawud,4468,3875,
abudawud,4469,3876,
abudawud,4470,3877,
abudawud,4472,3878,
abudawud,4473,3879,
abudawud,4474,3880,
abudawud,4476,3881,
abudawud,4477,3882,
abudawud,4479,3883,
abudawud,4480,3884,
abudawud,4481,3885,
abudawud,4483,3886,
abudawud,4484,3887,
abudawud,4485,3888,
abudawud,4486,3889,
abudawud,4487,3890,
abudawud,4488,3891,
abudawud,4489,3892,
abudawud,4490,3893,
abudawud,4492,3894,
abudawud,4493,3895,
abudawud,4494,3896,
abudawud,4495,3897,
abudawud,4496,3898,
abudawud,4497,3899,
abudawud,4498,3900,
abudawud,4499,3901,
abudawud,4500,1624,
abudawud,4501,3902,
abudawud,4502,3903,
abudawud,4503,3904,
abudawud,4504,3905,
abudawud,4505,3906,
abudawud,4506,3907,
abudawud,4507,3908,
abudawud,4508,3909,
abudawud,4509,3910,
abudawud,4510,3911,
abudawud,4513,3913,
abudawud,4515,3914,
abudawud,4516,3737,
abudawud,4518,3915,
abudawud,4519,3916,
abudawud,4520,3917,
abudawud,4521,3918,
abudawud,4522,3919,
abudawud,4523,3920,
abudawud,4524,3921,
abudawud,4525,3922,
abudawud,4527,3924,
abudawud,4528,3925,
abudawud,4529,3926,
abudawud,4530,3927,
abudawud,4532,3928,
abudawud,4533,3929,
abudawud,4534,3930,
abudawud,4535,3931,
abudawud,4536,3932,
abudawud,4537,3933,
abudawud,4538,3934,
abudawud,4539,3935,
abudawud,4541,3936,
abudawud,4542,3937,
abudawud,4545,3939,
abudawud,4546,3940,
abudawud,4550,3942,
abudawud,4553,3945,
abudawud,4555,3946,
abudawud,4556,3947,
abudawud,4557,3948,
abudawud,4558,3949,
abudawud,4559,3950,
abudawud,4560,3951,
abudawud,4561,3952,
abudawud,4562,3953,
abudawud,4563,3954,
abudawud,4564,3955,
abudawud,4565,3956,
abudawud,4566,3957,
abudawud,4567,3958,
abudawud,4568,3959,
abudawud,4570,3960,
abudawud,4572,3961,
abudawud,4575,3962,
abudawud,4576,3963,
abudawud,4578,3964,
abudawud,4579,3965,
abudawud,4580,3966,
abudawud,4581,3967,
abudawud,4583,3969,
abudawud,4584,3970,
abudawud,4586,3971,
abudawud,4587,3972,
abudawud,4588,3973,
abudawud,4590,3974,
abudawud,4591,3975,
abudawud,4592,3976,
abudawud,4593,3977,
abudawud,4595,3979,
abudawud,4596,3980,
abudawud,4597,3981,
abudawud,4598,3982,
abudawud,4599,3983,
abudawud,4600,3984,
abudawud,4601,3985,
abudawud,4602,3986,
abudawud,4603,3987,
abudawud,4604,3988,
abudawud,4605,3989,
abudawud,4606,3990,
abudawud,4607,3991,
abudawud,4608,3992,
abudawud,4609,3993,
abudawud,4610,3994,
abudawud,4611,3995,
abudawud,4612,3996,
abudawud,4613,3997,
abudawud,4614,3998,
abudawud,4615,3999,
abudawud,4616,4000,
abudawud,4617,4001,
abudawud,4618,4002,
abudawud,4619,4003,
abudawud,4620,4004,
abudawud,4621,4005,
abudawud,4622,4006,
abudawud,4623,4007,
abudawud,4624,4008,
abudawud,4625,4009,
abudawud,4626,4010,
abudawud,4627,4011,
abudawud,4628,4012,
abudawud,4629,4013,
abudawud,4630,4014,
abudawud,4631,4015,
abudawud,4632,4016,
abudawud,4634,4017,
abudawud,4636,4018,
abudawud,4637,4019,
abudawud,4638,4020,
abudawud,4639,4021,
abudawud,4640,4022,
abudawud,4641,4023,
abudawud,4643,4025,
abudawud,4644,4026,
abudawud,4645,4027,
abudawud,4646,4028,
abudawud,4647,4029,
abudawud,4648,4030,
abudawud,4649,4031,
abudawud,4651,4032,
abudawud,4652,4033,
abudawud,4653,4034,
abudawud,4654,4035,
abudawud,4655,4036,
abudawud,4656,4037,
abudawud,4657,4038,
abudawud,4658,4039,
abudawud,4659,4040,
abudawud,4660,4041,
abudawud,4661,4042,
abudawud,4662,4043,
abudawud,4663,4044,
abudawud,4664,4045,
abudawud,4666,4046,
abudawud,4667,4047,
abudawud,4668,4048,
abudawud,4669,4049,
abudawud,4670,4050,
abudawud,4671,4051,
abudawud,4672,4052,
abudawud,4673,4053,
abudawud,4674,4054,
abudawud,4676,4056,
abudawud,4677,4057,
abudawud,4678,4058,
abudawud,4679,4059,
abudawud,4680,4060,
abudawud,4681,4061,
abudawud,4682,4062,
abudawud,4683,4063,
abudawud,4684,4064,
abudawud,4685,4065,
abudawud,4686,4066,
abudawud,4687,4067,
abudawud,4688,4068,
abudawud,4689,4069,
abudawud,4690,4070,
abudawud,4691,4071,
abudawud,4692,4072,
abudawud,4693,4073,
abudawud,4694,4074,
abudawud,4695,4075,
abudawud,4698,4076,
abudawud,4699,4077,
abudawud,4700,4078,
abudawud,4701,4079,
abudawud,4702,4080,
abudawud,4704,4081,
abudawud,4705,4082,
abudawud,4706,4083,
abudawud,4707,4084,
abudawud,4708,4085,
abudawud,4709,4086,
abudawud,4710,4087,
abudawud,4711,4088,
abudawud,4712,4089,
abudawud,4713,4090,
abudawud,4715,4092,
abudawud,4716,4093,
abudawud,4717,4094,
abudawud,4718,4095,
abudawud,4721,4098,
abudawud,4722,4099,
abudawud,4723,4100,
abudawud,4726,4101,
abudawud,4727,4102,
abudawud,4728,4103,
abudawud,4729,4104,
abudawud,4730,4105,
abudawud,4731,4106,
abudawud,4732,4107,
abudawud,4733,4108,
abudawud,4735,4110,
abudawud,4736,4111,
abudawud,4737,4112,
abudawud,4738,4113,
abudawud,4739,4114,
abudawud,4740,4115,
abudawud,4741,4116,
abudawud,4742,4117,
abudawud,4743,4118,
abudawud,4744,4119,
abudawud,4745,4120,
abudawud,4746,4121,
abudawud,4747,4122,
abudawud,4749,4124,
abudawud,4750,4125,
abudawud,4751,4126,
abudawud,4753,4127,
abudawud,4755,4128,
abudawud,4756,4129,
abudawud,4757,3653,
abudawud,4758,4131,
abudawud,4759,4132,
abudawud,4760,4133,
abudawud,4762,4134,
abudawud,4763,4135,
abudawud,4764,4136,
abudawud,4765,4137,
abudawud,4767,4138,
abudawud,4768,4139,
abudawud,4770,4140,
abudawud,4771,4141,
abudawud,4772,4142,
abudawud,4773,4143,
abudawud,4775,4145,
abudawud,4776,4146,
abudawud,4777,4147,
abudawud,4780,4149,
abudawud,4782,4151,
abudawud,4784,4152,
abudawud,4785,4153,
abudawud,4786,4154,
abudawud,4787,4155,
abudawud,4788,4156,
abudawud,4789,4157,
abudawud,4790,4158,
abudawud,4791,4159,
abudawud,4793,4160,
abudawud,4794,4161,
abudawud,4795,4162,
abudawud,4796,4163,
abudawud,4797,4164,
abudawud,4798,4165,
abudawud,4799,4166,
abudawud,4800,4167,
abudawud,4801,4168,
abudawud,4803,4169,
abudawud,4804,4170,
abudawud,4805,4171,
abudawud,4806,4172,
abudawud,4807,4173,
abudawud,4808,4174,
abudawud,4809,4175,
abudawud,4810,4176,
abudawud,4811,4177,
abudawud,4812,4178,
abudawud,4813,4179,
abudawud,4814,4180,
abudawud,4816,931,
abudawud,4818,4182,
abudawud,4820,4183,
abudawud,4821,4184,
abudawud,4822,4185,
abudawud,4823,4186,
abudawud,4825,4187,
abudawud,4826,4188,
abudawud,4827,4189,
abudawud,4828,4190,
abudawud,4829,4191,
abudawud,4832,4192,
abudawud,4833,4193,
abudawud,4835,4195,
abudawud,4836,4196,
abudawud,4837,4197,
abudawud,4838,4198,
abudawud,4839,4199,
abudawud,4840,4200,
abudawud,4841,4201,
abudawud,4842,4202,
abudawud,4843,4203,
abudawud,4844,4204,
abudawud,4845,4205,
abudawud,4846,4206,
abudawud,4847,4207,
abudawud,4848,4208,
abudawud,4849,4209,
abudawud,4850,4210,
abudawud,4852,2706,
abudawud,4853,4212,
abudawud,4854,4213,
abudawud,4855,4214,
abudawud,4856,4215,
abudawud,4857,4216,
abudawud,4859,4217,
abudawud,4860,4218,
abudawud,4861,4219,
abudawud,4862,4220,
abudawud,4863,4221,
abudawud,4864,4222,
abudawud,4865,4223,
abudawud,4866,4224,
abudawud,4867,2808,
abudawud,4868,4225,
abudawud,4869,4226,
abudawud,4870,4227,
abudawud,4871,4228,
abudawud,4872,4229,
abudawud,4873,4230,
abudawud,4874,4231,
abudawud,4875,4232,
abudawud,4876,4233,
abudawud,4877,4234,
abudawud,4878,4235,
abudawud,4880,4236,
abudawud,4881,4237,
abudawud,4882,4238,
abudawud,4883,4239,
abudawud,4884,4240,
abudawud,4885,4241,
abudawud,4886,4242,
abudawud,4887,4243,
abudawud,4888,4244,
abudawud,4889,4245,
abudawud,4890,4246,
abudawud,4891,4247,
abudawud,4893,4248,
abudawud,4895,4250,
abudawud,4896,4251,
abudawud,4898,4252,
abudawud,4899,4253,
abudawud,4900,4254,
abudawud,4901,4255,
abudawud,4902,4256,
abudawud,4903,4257,
abudawud,4905,4259,
abudawud,4906,4260,
abudawud,4908,4262,
abudawud,4909,4263,
abudawud,4910,4264,
abudawud,4911,4265,
abudawud,4912,4266,
abudawud,4913,4267,
abudawud,4914,4268,
abudawud,4915,4269,
abudawud,4916,4270,
abudawud,4917,4271,
abudawud,4919,4273,
abudawud,4920,4274,
abudawud,4921,4275,
abudawud,4922,4276,
abudawud,4923,4277,
abudawud,4924,4278,
abudawud,4927,4279,
abudawud,4928,4280,
abudawud,4929,4281,
abudawud,4930,4282,
abudawud,4931,4283,
abudawud,4932,4284,
abudawud,4934,4285,
abudawud,4937,4286,
abudawud,4938,4287,
abudawud,4939,4288,
abudawud,4940,4289,
abudawud,4941,4290,
abudawud,4942,4291,
abudawud,4943,4292,
abudawud,4944,4293,
abudawud,4945,4294,
abudawud,4946,4295,
abudawud,4947,4296,
abudawud,4948,4297,
abudawud,4949,4298,
abudawud,4950,4299,
abudawud,4951,4300,
abudawud,4952,4301,
abudawud,4953,4302,
abudawud,4954,4303,
abudawud,4955,4304,
abudawud,4956,4305,
abudawud,4957,4306,
abudawud,4958,4307,
abudawud,4959,4308,
abudawud,4960,4309,
abudawud,4961,4310,
abudawud,4962,4311,
abudawud,4964,4313,
abudawud,4965,4314,
abudawud,4966,4315,
abudawud,4967,4316,
abudawud,4968,4317,
abudawud,4969,4318,
abudawud,4970,4319,
abudawud,4971,4320,
abudawud,4972,4321,
abudawud,4973,4322,
abudawud,4974,4323,
abudawud,4976,4324,
abudawud,4977,4325,
abudawud,4978,4326,
abudawud,4979,4327,
abudawud,4980,4328,
abudawud,4981,4329,
abudawud,4982,4330,
abudawud,4983,4331,
abudawud,4984,4332,
abudawud,4985,4333,
abudawud,4986,4334,
abudawud,4987,4335,
abudawud,4988,4336,
abudawud,4989,4337,
abudawud,4990,4338,
abudawud,4991,4339,
abudawud,4992,4340,
abudawud,4993,4341,
abudawud,4994,4342,
abudawud,4995,4343,
abudawud,4996,4344,
abudawud,4997,4345,
abudawud,4998,4346,
abudawud,4999,4347,
abudawud,5000,4348,
abudawud,5002,4349,
abudawud,5003,4350,
abudawud,5004,4351,
abudawud,5005,4352,
abudawud,5006,4353,
abudawud,5007,4354,
abudawud,5008,4355,
abudawud,5009,4356,
abudawud,5010,4357,
abudawud,5011,4358,
abudawud,5012,4359,
abudawud,5013,4360,
abudawud,5014,3868,
abudawud,5015,4361,
abudawud,5016,4362,
abudawud,5017,4363,
abudawud,5018,4364,
abudawud,5019,4365,
abudawud,5020,4366,
abudawud,5021,4367,
abudawud,5022,4368,
abudawud,5024,4370,
abudawud,5025,4371,
abudawud,5026,4372,
abudawud,5028,4373,
abudawud,5029,4374,
abudawud,5030,4375,
abudawud,5031,4376,
abudawud,5033,4377,
abudawud,5034,4378,
abudawud,5036,4379,
abudawud,5037,4380,
abudawud,5038,4381,
abudawud,5039,4382,
abudawud,5040,4383,
abudawud,5041,4384,
abudawud,5042,4385,
abudawud,5043,4386,
abudawud,5044,4387,
abudawud,5045,4388,
abudawud,5046,4389,
abudawud,5049,4390,
abudawud,5050,4391,
abudawud,5051,4392,
abudawud,5052,4393,
abudawud,5053,4394,
abudawud,5054,4395,
abudawud,5055,4396,
abudawud,5056,4397,
abudawud,5057,4398,
abudawud,5058,4399,
abudawud,5059,4400,
abudawud,5060,4401,
abudawud,5061,4402,
abudawud,5064,4403,
abudawud,5065,4404,
abudawud,5067,4405,
abudawud,5068,4406,
abudawud,5069,4407,
abudawud,5070,4408,
abudawud,5071,4409,
abudawud,5072,4410,
abudawud,5073,4411,
abudawud,5074,4412,
abudawud,5076,4414,
abudawud,5077,4415,
abudawud,5078,4416,
abudawud,5080,4417,
abudawud,5081,4418,
abudawud,5082,4419,
abudawud,5083,4420,
abudawud,5084,4421,
abudawud,5085,4422,
abudawud,5086,4582,
abudawud,5087,4424,
abudawud,5088,4425,
abudawud,5090,4426,
abudawud,5091,4427,
abudawud,5092,4428,
abudawud,5093,4429,
abudawud,5094,4430,
abudawud,5095,4431,
abudawud,5096,4432,
abudawud,5097,4433,
abudawud,5098,4434,
abudawud,5099,4435,
abudawud,5100,4436,
abudawud,5101,4437,
abudawud,5102,4438,
abudawud,5103,4439,
abudawud,5104,4440,
abudawud,5105,4441,
abudawud,5106,4442,
abudawud,5107,4443,
abudawud,5108,4444,
abudawud,5109,4445,
abudawud,5110,4446,
abudawud,5111,4447,
abudawud,5112,4448,
abudawud,5113,4449,
abudawud,5114,4450,
abudawud,5115,4451,
abudawud,5116,4452,
abudawud,5117,4453,
abudawud,5119,4454,
abudawud,5120,4455,
abudawud,5121,4456,
abudawud,5122,4457,
abudawud,5123,4458,
abudawud,5124,4459,
abudawud,5125,4460,
abudawud,5126,4461,
abudawud,5127,4462,
abudawud,5128,4463,
abudawud,5129,4464,
abudawud,5130,4465,
abudawud,5131,4466,
abudawud,5132,4467,
abudawud,5134,4468,
abudawud,5135,4469,
abudawud,5136,4470,
abudawud,5137,4471,
abudawud,5138,4472,
abudawud,5139,4473,
abudawud,5140,4474,
abudawud,5141,4475,
abudawud,5142,4476,
abudawud,5143,4477,
abudawud,5144,4478,
abudawud,5145,4479,
abudawud,5146,4480,
abudawud,5147,4481,
abudawud,5149,4482,
abudawud,5150,4483,
abudawud,5151,4484,
abudawud,5152,4485,
abudawud,5153,4486,
abudawud,5154,4487,
abudawud,5155,4488,
abudawud,5156,4489,
abudawud,5157,4490,
abudawud,5158,4491,
abudawud,5159,4492,
abudawud,5161,4493,
abudawud,5162,4494,
abudawud,5163,4495,
abudawud,5164,4496,
abudawud,5165,4497,
abudawud,5166,4498,
abudawud,5167,4499,
abudawud,5168,4500,
abudawud,5169,4501,
abudawud,5170,4502,
abudawud,5171,4503,
abudawud,5173,4505,
abudawud,5174,4506,
abudawud,5176,4507,
abudawud,5177,4508,
abudawud,5178,404,
abudawud,5180,4509,
abudawud,5181,4510,
abudawud,5184,2660,
abudawud,5185,4511,
abudawud,5186,4512,
abudawud,5187,4513,
abudawud,5188,4514,
abudawud,5189,4515,
abudawud,5190,4516,
abudawud,5191,4517,
abudawud,5193,4519,
abudawud,5194,4520,
abudawud,5195,4521,
abudawud,5197,4522,
abudawud,5198,4523,
abudawud,5200,4524,
abudawud,5201,4525,
abudawud,5202,4526,
abudawud,5203,4527,
abudawud,5204,4528,
abudawud,5205,4529,
abudawud,5207,4531,
abudawud,5208,4532,
abudawud,5209,4533,
abudawud,5210,4534,
abudawud,5211,4535,
abudawud,5212,4536,
abudawud,5213,4537,
abudawud,5214,4538,
abudawud,5215,4539,
abudawud,5217,4540,
abudawud,5218,4541,
abudawud,5220,4543,
abudawud,5221,4544,
abudawud,5222,4545,
abudawud,5223,4546,
abudawud,5224,4547,
abudawud,5225,4548,
abudawud,5226,4549,
abudawud,5227,4550,
abudawud,5228,4551,
abudawud,5229,4552,
abudawud,5230,4553,
abudawud,5232,4555,
abudawud,5233,4556,
abudawud,5234,4557,
abudawud,5235,4558,
abudawud,5237,4559,
abudawud,5238,4560,
abudawud,5239,4561,
abudawud,5241,4562,
abudawud,5242,4563,
abudawud,5243,4564,
abudawud,5244,1094,
abudawud,5245,4565,
abudawud,5246,4566,
abudawud,5247,4567,
abudawud,5248,4568,
abudawud,5249,4569,
abudawud,5250,4570,
abudawud,5251,4571,
abudawud,5252,4572,
abudawud,5253,4573,
abudawud,5254,1589,
abudawud,5256,4574,
abudawud,5257,4575,
abudawud,5259,4097,
abudawud,5260,4576,
abudawud,5261,4577,
abudawud,5262,4578,
abudawud,5263,4579,
abudawud,5264,4580,
abudawud,5265,4581,
abudawud,5266,2176,
abudawud,5267,4583,
abudawud,5268,4584,
abudawud,5269,4585,
abudawud,5270,4586,
abudawud,5271,4587,
abudawud,5272,4588,
abudawud,5273,4589,
abudawud,5274,4590,
tirmidhi,1,1,
tirmidhi,2,2,
tirmidhi,3,3,
tirmidhi,4,4,
tirmidhi,5,5,
tirmidhi,6,6,
tirmidhi,7,7,
tirmidhi,9,9,
tirmidhi,10,10,
tirmidhi,11,11,
tirmidhi,13,13,
tirmidhi,14,14,
tirmidhi,15,15,
tirmidhi,17,17,
tirmidhi,18,18,
tirmidhi,19,19,
tirmidhi,20,20,
tirmidhi,21,21,
tirmidhi,23,23,
tirmidhi,24,24,
tirmidhi,25,25,
tirmidhi,27,26,
tirmidhi,28,27,
tirmidhi,31,29,
tirmidhi,33,31,
tirmidhi,34,32,
tirmidhi,35,33,
tirmidhi,36,34,
tirmidhi,37,35,
tirmidhi,38,36,
tirmidhi,39,37,
tirmidhi,40,38,
tirmidhi,42,40,
tirmidhi,43,41,
tirmidhi,46,43,
tirmidhi,47,44,
tirmidhi,48,45,
tirmidhi,50,46,
tirmidhi,52,47,
tirmidhi,53,48,
tirmidhi,54,49,
tirmidhi,59,55,
tirmidhi,63,58,
tirmidhi,66,61,
tirmidhi,67,62,
tirmidhi,68,63,
tirmidhi,69,64,
tirmidhi,70,65,
tirmidhi,73,68,
tirmidhi,74,69,
tirmidhi,77,72,
tirmidhi,79,74,
tirmidhi,80,75,
tirmidhi,84,77,
tirmidhi,85,78,
tirmidhi,86,79,
tirmidhi,87,80,
tirmidhi,88,81,
tirmidhi,89,82,
tirmidhi,90,83,
tirmidhi,91,84,
tirmidhi,93,86,
tirmidhi,94,87,
tirmidhi,95,88,
tirmidhi,96,89,
tirmidhi,97,1505,
tirmidhi,98,91,
tirmidhi,100,93,
tirmidhi,101,94,
tirmidhi,102,95,
tirmidhi,103,96,
tirmidhi,105,98,
tirmidhi,106,99,
tirmidhi,107,100,
tirmidhi,108,101,
tirmidhi,109,102,
tirmidhi,112,104,
tirmidhi,113,105,
tirmidhi,114,106,
tirmidhi,115,107,
tirmidhi,117,109,
tirmidhi,118,110,
tirmidhi,120,111,
tirmidhi,123,114,
tirmidhi,125,116,
tirmidhi,126,117,
tirmidhi,131,121,
tirmidhi,132,122,
tirmidhi,133,123,
tirmidhi,134,124,
tirmidhi,135,125,
tirmidhi,136,126,
tirmidhi,137,127,
tirmidhi,139,129,
tirmidhi,140,130,
tirmidhi,141,131,
tirmidhi,142,132,
tirmidhi,143,133,
tirmidhi,144,134,
tirmidhi,145,135,
tirmidhi,146,136,
tirmidhi,149,138,
tirmidhi,151,139,
tirmidhi,152,140,
tirmidhi,153,141,
tirmidhi,154,142,
tirmidhi,155,143,
tirmidhi,156,144,
tirmidhi,157,2037,
tirmidhi,160,148,
tirmidhi,163,149,
tirmidhi,164,150,
tirmidhi,167,152,
tirmidhi,168,153,
tirmidhi,171,156,
tirmidhi,173,158,
tirmidhi,174,2787,
tirmidhi,175,160,
tirmidhi,178,163,
tirmidhi,179,164,
tirmidhi,180,165,
tirmidhi,181,166,
tirmidhi,182,167,
tirmidhi,185,170,
tirmidhi,186,171,
tirmidhi,187,172,
tirmidhi,188,173,
tirmidhi,190,175,
tirmidhi,191,176,
tirmidhi,192,177,
tirmidhi,193,178,
tirmidhi,194,179,
tirmidhi,195,180,
tirmidhi,199,183,
tirmidhi,200,184,
tirmidhi,201,185,
tirmidhi,202,186,
tirmidhi,204,188,
tirmidhi,205,189,
tirmidhi,206,190,
tirmidhi,207,191,
tirmidhi,208,192,
tirmidhi,209,193,
tirmidhi,210,194,
tirmidhi,211,195,
tirmidhi,213,197,
tirmidhi,214,198,
tirmidhi,216,200,
tirmidhi,217,201,
tirmidhi,218,202,
tirmidhi,219,3771,
tirmidhi,220,204,
tirmidhi,222,206,
tirmidhi,223,207,
tirmidhi,225,209,
tirmidhi,227,210,
tirmidhi,228,211,
tirmidhi,229,212,
tirmidhi,230,213,
tirmidhi,233,216,
tirmidhi,234,217,
tirmidhi,235,218,
tirmidhi,238,221,
tirmidhi,240,223,
tirmidhi,241,224,
tirmidhi,242,225,
tirmidhi,243,226,
tirmidhi,245,3825,
tirmidhi,246,229,
tirmidhi,247,230,
tirmidhi,248,231,
tirmidhi,250,232,
tirmidhi,251,233,
tirmidhi,253,235,
tirmidhi,254,236,
tirmidhi,257,238,
tirmidhi,259,240,
tirmidhi,261,242,
tirmidhi,264,244,
tirmidhi,265,245,
tirmidhi,268,248,
tirmidhi,269,249,
tirmidhi,270,250,
tirmidhi,271,251,
tirmidhi,272,252,
tirmidhi,274,254,
tirmidhi,277,257,
tirmidhi,279,258,
tirmidhi,284,262,
tirmidhi,286,263,
tirmidhi,287,264,
tirmidhi,288,265,
tirmidhi,289,266,
tirmidhi,290,267,
tirmidhi,292,269,
tirmidhi,293,270,
tirmidhi,294,271,
tirmidhi,296,570,
tirmidhi,297,274,
tirmidhi,298,275,
tirmidhi,301,277,
tirmidhi,302,278,
tirmidhi,304,280,
tirmidhi,306,281,
tirmidhi,308,283,
tirmidhi,309,284,
tirmidhi,310,285,
tirmidhi,313,288,
tirmidhi,315,289,
tirmidhi,316,290,
tirmidhi,317,291,
tirmidhi,318,292,
tirmidhi,319,293,
tirmidhi,320,294,
tirmidhi,323,297,
tirmidhi,324,298,
tirmidhi,326,300,
tirmidhi,332,304,
tirmidhi,333,305,
tirmidhi,334,306,
tirmidhi,336,308,
tirmidhi,339,311,
tirmidhi,342,313,
tirmidhi,344,314,
tirmidhi,345,315,
tirmidhi,346,316,
tirmidhi,351,319,
tirmidhi,352,320,
tirmidhi,353,321,
tirmidhi,354,322,
tirmidhi,355,323,
tirmidhi,356,324,
tirmidhi,357,325,
tirmidhi,358,326,
tirmidhi,359,327,
tirmidhi,360,328,
tirmidhi,361,329,
tirmidhi,362,330,
tirmidhi,363,331,
tirmidhi,364,332,
tirmidhi,366,334,
tirmidhi,367,335,
tirmidhi,368,336,
tirmidhi,370,338,
tirmidhi,371,339,
tirmidhi,373,340,
tirmidhi,374,341,
tirmidhi,375,342,
tirmidhi,376,343,
tirmidhi,377,344,
tirmidhi,378,345,
tirmidhi,380,347,
tirmidhi,381,348,
tirmidhi,383,349,
tirmidhi,384,350,
tirmidhi,387,353,
tirmidhi,388,354,
tirmidhi,390,355,
tirmidhi,392,358,
tirmidhi,393,359,
tirmidhi,394,360,
tirmidhi,395,361,
tirmidhi,396,362,
tirmidhi,397,363,
tirmidhi,398,364,
tirmidhi,399,365,
tirmidhi,400,366,
tirmidhi,401,367,
tirmidhi,402,368,
tirmidhi,404,369,
tirmidhi,405,370,
tirmidhi,407,372,
tirmidhi,408,373,
tirmidhi,409,374,
tirmidhi,410,375,
tirmidhi,411,376,
tirmidhi,412,377,
tirmidhi,413,378,
tirmidhi,414,379,
tirmidhi,415,380,
tirmidhi,416,381,
tirmidhi,417,382,
tirmidhi,418,383,
tirmidhi,419,384,
tirmidhi,420,385,
tirmidhi,422,387,
tirmidhi,423,388,
tirmidhi,424,389,
tirmidhi,426,391,
tirmidhi,427,392,
tirmidhi,428,393,
tirmidhi,429,394,
tirmidhi,430,395,
tirmidhi,431,396,
tirmidhi,432,397,
tirmidhi,433,398,
tirmidhi,435,399,
tirmidhi,439,403,
tirmidhi,441,404,
tirmidhi,442,405,
tirmidhi,447,409,
tirmidhi,448,410,
tirmidhi,449,2848,
tirmidhi,450,412,
tirmidhi,451,413,
tirmidhi,453,415,
tirmidhi,456,419,
tirmidhi,459,421,
tirmidhi,460,422,
tirmidhi,461,423,
tirmidhi,462,424,
tirmidhi,463,425,
tirmidhi,464,426,
tirmidhi,465,427,
tirmidhi,466,428,
tirmidhi,469,3783,
tirmidhi,470,432,
tirmidhi,471,433,
tirmidhi,472,434,
tirmidhi,473,435,
tirmidhi,474,436,
tirmidhi,475,437,
tirmidhi,476,438,
tirmidhi,477,439,
tirmidhi,479,441,
tirmidhi,480,442,
tirmidhi,482,444,
tirmidhi,483,445,
tirmidhi,484,446,
tirmidhi,485,447,
tirmidhi,486,448,
tirmidhi,487,449,
tirmidhi,489,451,
tirmidhi,490,452,
tirmidhi,491,453,
tirmidhi,495,455,
tirmidhi,496,456,
tirmidhi,497,457,
tirmidhi,498,458,
tirmidhi,499,459,
tirmidhi,500,460,
tirmidhi,501,461,
tirmidhi,503,462,
tirmidhi,505,463,
tirmidhi,506,464,
tirmidhi,507,465,
tirmidhi,509,467,
tirmidhi,511,469,
tirmidhi,512,470,
tirmidhi,513,471,
tirmidhi,514,472,
tirmidhi,515,473,
tirmidhi,516,474,
tirmidhi,520,478,
tirmidhi,522,480,
tirmidhi,523,481,
tirmidhi,524,482,
tirmidhi,525,483,
tirmidhi,526,484,
tirmidhi,527,485,
tirmidhi,530,487,
tirmidhi,531,488,
tirmidhi,533,490,
tirmidhi,535,491,
tirmidhi,536,492,
tirmidhi,538,494,
tirmidhi,539,495,
tirmidhi,541,496,
tirmidhi,542,497,
tirmidhi,543,498,
tirmidhi,544,499,
tirmidhi,545,3837,
tirmidhi,547,502,
tirmidhi,548,503,
tirmidhi,549,504,
tirmidhi,550,505,
tirmidhi,551,506,
tirmidhi,552,507,
tirmidhi,553,508,
tirmidhi,555,509,
tirmidhi,557,511,
tirmidhi,559,512,
tirmidhi,560,513,
tirmidhi,563,516,
tirmidhi,568,519,
tirmidhi,570,520,
tirmidhi,571,521,
tirmidhi,573,523,
tirmidhi,575,524,
tirmidhi,576,525,
tirmidhi,577,526,
tirmidhi,578,3779,
tirmidhi,582,531,
tirmidhi,585,534,
tirmidhi,586,535,
tirmidhi,587,536,
tirmidhi,589,537,
tirmidhi,590,538,
tirmidhi,591,539,
tirmidhi,593,541,
tirmidhi,594,542,
tirmidhi,596,128,
tirmidhi,600,545,
tirmidhi,601,546,
tirmidhi,604,549,
tirmidhi,606,551,
tirmidhi,607,552,
tirmidhi,608,553,
tirmidhi,609,554,
tirmidhi,611,556,
tirmidhi,613,557,
tirmidhi,614,558,
tirmidhi,617,560,
tirmidhi,619,562,
tirmidhi,621,564,
tirmidhi,622,565,
tirmidhi,625,567,
tirmidhi,628,569,
tirmidhi,631,572,
tirmidhi,633,574,
tirmidhi,635,575,
tirmidhi,638,577,
tirmidhi,639,578,
tirmidhi,640,579,
tirmidhi,643,582,
tirmidhi,644,583,
tirmidhi,645,584,
tirmidhi,647,586,
tirmidhi,649,587,
tirmidhi,650,588,
tirmidhi,652,589,
tirmidhi,655,591,
tirmidhi,656,592,
tirmidhi,657,593,
tirmidhi,658,594,
tirmidhi,659,595,
tirmidhi,660,596,
tirmidhi,662,598,
tirmidhi,663,599,
tirmidhi,664,600,
tirmidhi,666,602,
tirmidhi,667,603,
tirmidhi,668,604,
tirmidhi,669,3585,
tirmidhi,670,606,
tirmidhi,672,608,
tirmidhi,673,609,
tirmidhi,674,610,
tirmidhi,677,613,
tirmidhi,678,614,
tirmidhi,680,616,
tirmidhi,681,3735,
tirmidhi,682,618,
tirmidhi,683,619,
tirmidhi,685,621,
tirmidhi,686,622,
tirmidhi,687,623,
tirmidhi,688,624,
tirmidhi,690,626,
tirmidhi,691,627,
tirmidhi,693,629,
tirmidhi,694,630,
tirmidhi,695,631,
tirmidhi,696,632,
tirmidhi,697,633,
tirmidhi,698,634,
tirmidhi,701,636,
tirmidhi,705,639,
tirmidhi,706,640,
tirmidhi,707,641,
tirmidhi,709,643,
tirmidhi,710,644,
tirmidhi,711,645,
tirmidhi,712,646,
tirmidhi,713,647,
tirmidhi,715,649,
tirmidhi,716,650,
tirmidhi,718,651,
tirmidhi,719,652,
tirmidhi,720,653,
tirmidhi,721,654,
tirmidhi,724,656,
tirmidhi,726,658,
tirmidhi,727,659,
tirmidhi,728,660,
tirmidhi,731,663,
tirmidhi,732,664,
tirmidhi,733,665,
tirmidhi,734,666,
tirmidhi,739,670,
tirmidhi,740,671,
tirmidhi,741,672,
tirmidhi,742,673,
tirmidhi,744,675,
tirmidhi,745,676,
tirmidhi,746,677,
tirmidhi,747,678,
tirmidhi,748,679,
tirmidhi,750,681,
tirmidhi,753,684,
tirmidhi,754,685,
tirmidhi,755,686,
tirmidhi,757,688,
tirmidhi,758,689,
tirmidhi,759,690,
tirmidhi,760,691,
tirmidhi,762,693,
tirmidhi,764,695,
tirmidhi,765,696,
tirmidhi,767,698,
tirmidhi,768,699,
tirmidhi,769,700,
tirmidhi,770,701,
tirmidhi,772,703,
tirmidhi,773,704,
tirmidhi,774,705,
tirmidhi,775,706,
tirmidhi,777,708,
tirmidhi,778,709,
tirmidhi,781,712,
tirmidhi,782,713,
tirmidhi,783,714,
tirmidhi,784,715,
tirmidhi,787,717,
tirmidhi,788,718,
tirmidhi,789,719,
tirmidhi,791,721,
tirmidhi,792,722,
tirmidhi,794,724,
tirmidhi,796,726,
tirmidhi,798,728,
tirmidhi,799,729,
tirmidhi,801,730,
tirmidhi,802,731,
tirmidhi,803,732,
tirmidhi,804,733,
tirmidhi,806,734,
tirmidhi,807,735,
tirmidhi,812,740,
tirmidhi,813,741,
tirmidhi,815,743,
tirmidhi,815.2,744,
tirmidhi,818,747,
tirmidhi,819,748,
tirmidhi,820,750,
tirmidhi,821,751,
tirmidhi,822,754,
tirmidhi,823,752,
tirmidhi,824,753,
tirmidhi,825,755,
tirmidhi,826,756,
tirmidhi,827,757,
tirmidhi,828,758,
tirmidhi,829,759,
tirmidhi,830,760,
tirmidhi,832,762,
tirmidhi,833,763,
tirmidhi,834,764,
tirmidhi,836,765,
tirmidhi,838,767,
tirmidhi,840,769,
tirmidhi,841,770,
tirmidhi,842,771,
tirmidhi,845,774,
tirmidhi,847,776,
tirmidhi,850,778,
tirmidhi,851,779,
tirmidhi,852,780,
tirmidhi,853,781,
tirmidhi,854,782,
tirmidhi,855,783,
tirmidhi,856,784,
tirmidhi,857,785,
tirmidhi,859,787,
tirmidhi,861,789,
tirmidhi,864,792,
tirmidhi,865,793,
tirmidhi,867,794,
tirmidhi,868,795,
tirmidhi,869,796,
tirmidhi,870,797,
tirmidhi,871,798,
tirmidhi,873,799,
tirmidhi,875,801,
tirmidhi,876,802,
tirmidhi,877,803,
tirmidhi,878,804,
tirmidhi,880,806,
tirmidhi,881,807,
tirmidhi,882,808,
tirmidhi,884,810,
tirmidhi,886,812,
tirmidhi,891,815,
tirmidhi,893,817,
tirmidhi,895,819,
tirmidhi,898,822,
tirmidhi,900,824,
tirmidhi,901,825,
tirmidhi,902,826,
tirmidhi,903,827,
tirmidhi,905,829,
tirmidhi,906,830,
tirmidhi,907,831,
tirmidhi,909,1542,
tirmidhi,910,834,
tirmidhi,911,835,
tirmidhi,912,836,
tirmidhi,913,837,
tirmidhi,915,838,
tirmidhi,916,839,
tirmidhi,917,840,
tirmidhi,919,842,
tirmidhi,921,844,
tirmidhi,923,846,
tirmidhi,924,847,
tirmidhi,927,849,
tirmidhi,929,851,
tirmidhi,930,852,
tirmidhi,932,854,
tirmidhi,933,855,
tirmidhi,934,856,
tirmidhi,935,857,
tirmidhi,938,860,
tirmidhi,939,861,
tirmidhi,940,862,
tirmidhi,941,863,
tirmidhi,943,865,
tirmidhi,944,866,
tirmidhi,947,870,
tirmidhi,948,871,
tirmidhi,950,873,
tirmidhi,952,875,
tirmidhi,953,876,
tirmidhi,954,877,
tirmidhi,959,882,
tirmidhi,960,883,
tirmidhi,961,884,
tirmidhi,962,885,
tirmidhi,963,886,
tirmidhi,964,887,
tirmidhi,966,889,
tirmidhi,967,890,
tirmidhi,971,893,
tirmidhi,972,894,
tirmidhi,973,895,
tirmidhi,974,896,
tirmidhi,975,897,
tirmidhi,978,900,
tirmidhi,980,902,
tirmidhi,981,903,
tirmidhi,982,904,
tirmidhi,983,905,
tirmidhi,984,906,
tirmidhi,986,907,
tirmidhi,988,909,
tirmidhi,990,911,
tirmidhi,991,912,
tirmidhi,992,913,
tirmidhi,994,915,
tirmidhi,995,916,
tirmidhi,996,917,
tirmidhi,997,918,
tirmidhi,998,919,
tirmidhi,999,920,
tirmidhi,1001,922,
tirmidhi,1003,924,
tirmidhi,1004,925,
tirmidhi,1005,926,
tirmidhi,1008,929,
tirmidhi,1010,931,
tirmidhi,1011,932,
tirmidhi,1012,933,
tirmidhi,1014,935,
tirmidhi,1015,936,
tirmidhi,1016,937,
tirmidhi,1017,938,
tirmidhi,1018,939,
tirmidhi,1019,940,
tirmidhi,1020,941,
tirmidhi,1021,942,
tirmidhi,1023,944,
tirmidhi,1024,945,
tirmidhi,1026,947,
tirmidhi,1028,949,
tirmidhi,1030,951,
tirmidhi,1031,952,
tirmidhi,1032,953,
tirmidhi,1033,954,
tirmidhi,1034,955,
tirmidhi,1035,956,
tirmidhi,1036,957,
tirmidhi,1037,958,
tirmidhi,1038,3630,
tirmidhi,1039,960,
tirmidhi,1041,962,
tirmidhi,1043,964,
tirmidhi,1044,965,
tirmidhi,1045,966,
tirmidhi,1047,968,
tirmidhi,1048,969,
tirmidhi,1053,973,
tirmidhi,1055,975,
tirmidhi,1057,977,
tirmidhi,1058,978,
tirmidhi,1059,979,
tirmidhi,1060,3556,
tirmidhi,1061,981,
tirmidhi,1062,982,
tirmidhi,1065,985,
tirmidhi,1066,986,
tirmidhi,1067,987,
tirmidhi,1068,988,
tirmidhi,1070,990,
tirmidhi,1072,992,
tirmidhi,1073,993,
tirmidhi,1074,994,
tirmidhi,1075,995,
tirmidhi,1076,996,
tirmidhi,1077,997,
tirmidhi,1078,998,
tirmidhi,1080,1000,
tirmidhi,1082,1002,
tirmidhi,1083,1003,
tirmidhi,1084,1004,
tirmidhi,1085,1005,
tirmidhi,1086,1006,
tirmidhi,1087,1007,
tirmidhi,1088,1008,
tirmidhi,1089,1009,
tirmidhi,1090,1010,
tirmidhi,1095,1015,
tirmidhi,1097,1016,
tirmidhi,1098,1017,
tirmidhi,1100,1019,
tirmidhi,1101,1020,
tirmidhi,1102,1021,
tirmidhi,1105,1023,
tirmidhi,1106,1024,
tirmidhi,1108,1026,
tirmidhi,1110,1028,
tirmidhi,1114.2,1033,
tirmidhi,1115,1034,
tirmidhi,1116,1035,
tirmidhi,1118,1037,
tirmidhi,1119,1038,
tirmidhi,1121,1040,
tirmidhi,1122,1041,
tirmidhi,1123,1042,
tirmidhi,1124,1043,
tirmidhi,1125,1044,
tirmidhi,1126,1045,
tirmidhi,1127,1046,
tirmidhi,1128,1047,
tirmidhi,1129,1048,
tirmidhi,1132,1051,
tirmidhi,1133,1997,
tirmidhi,1134,1053,
tirmidhi,1136,1055,
tirmidhi,1137,1056,
tirmidhi,1138,1057,
tirmidhi,1139,1058,
tirmidhi,1140,1059,
tirmidhi,1143,1062,
tirmidhi,1144,1063,
tirmidhi,1145,1064,
tirmidhi,1146,1065,
tirmidhi,1147,1066,
tirmidhi,1148,1067,
tirmidhi,1149,1068,
tirmidhi,1150,1070,
tirmidhi,1151,1071,
tirmidhi,1154,1074,
tirmidhi,1156,1076,
tirmidhi,1158,1078,
tirmidhi,1159,1079,
tirmidhi,1160,1080,
tirmidhi,1161,1081,
tirmidhi,1163,1083,
tirmidhi,1164,1084,
tirmidhi,1165,1086,
tirmidhi,1166,1085,
tirmidhi,1167,1087,
tirmidhi,1168,1088,
tirmidhi,1169,1089,
tirmidhi,1170,1090,
tirmidhi,1172,1092,
tirmidhi,1173,1093,
tirmidhi,1174,1094,
tirmidhi,1176,1096,
tirmidhi,1177,1097,
tirmidhi,1178,1098,
tirmidhi,1180,1100,
tirmidhi,1181,1101,
tirmidhi,1182,1102,
tirmidhi,1183,2148,
tirmidhi,1184,1104,
tirmidhi,1185,1105,
tirmidhi,1185.2,1106,
tirmidhi,1186,1107,
tirmidhi,1187,1108,
tirmidhi,1189,1110,
tirmidhi,1190,1111,
tirmidhi,1191,1112,
tirmidhi,1192,1113,
tirmidhi,1193,1114,
tirmidhi,1194,1115,
tirmidhi,1195,1116,
tirmidhi,1196,1117,
tirmidhi,1197,1118,
tirmidhi,1198,1119,
tirmidhi,1200,1121,
tirmidhi,1201,1122,
tirmidhi,1204,1125,
tirmidhi,1206,1127,
tirmidhi,1210,1131,
tirmidhi,1212,1133,
tirmidhi,1213,1134,
tirmidhi,1214,1135,
tirmidhi,1216,1137,
tirmidhi,1217,1138,
tirmidhi,1218,1139,
tirmidhi,1220,1141,
tirmidhi,1221,1142,
tirmidhi,1222,1143,
tirmidhi,1223,1144,
tirmidhi,1226,1147,
tirmidhi,1227,1148,
tirmidhi,1228,1149,
tirmidhi,1230,1151,
tirmidhi,1231,1152,
tirmidhi,1232,1153,
tirmidhi,1233,1154,
tirmidhi,1235,1156,
tirmidhi,1236,1157,
tirmidhi,1237,1158,
tirmidhi,1238,1159,
tirmidhi,1239,1160,
tirmidhi,1241,1162,
tirmidhi,1243,1164,
tirmidhi,1244,1165,
tirmidhi,1245,1166,
tirmidhi,1246,1167,
tirmidhi,1247,1168,
tirmidhi,1248,1169,
tirmidhi,1249,1170,
tirmidhi,1250,1171,
tirmidhi,1251,1172,
tirmidhi,1252,1173,
tirmidhi,1253,1174,
tirmidhi,1254,1175,
tirmidhi,1259,1180,
tirmidhi,1260,1181,
tirmidhi,1261,1182,
tirmidhi,1262,1183,
tirmidhi,1263,1184,
tirmidhi,1264,1185,
tirmidhi,1265,1186,
tirmidhi,1267,1188,
tirmidhi,1268,1189,
tirmidhi,1270,1191,
tirmidhi,1271,1192,
tirmidhi,1272,1193,
tirmidhi,1273,1194,
tirmidhi,1274,1195,
tirmidhi,1275,1196,
tirmidhi,1276,1197,
tirmidhi,1277,1198,
tirmidhi,1278,1199,
tirmidhi,1279,1200,
tirmidhi,1280,1201,
tirmidhi,1281,1202,
tirmidhi,1282,1203,
tirmidhi,1283,1204,
tirmidhi,1284,1205,
tirmidhi,1285,1206,
tirmidhi,1286,1207,
tirmidhi,1287,2815,
tirmidhi,1288,1209,
tirmidhi,1289,1210,
tirmidhi,1290,1211,
tirmidhi,1291,1212,
tirmidhi,1293,1214,
tirmidhi,1295,1216,
tirmidhi,1296,1217,
tirmidhi,1298,1219,
tirmidhi,1299,1220,
tirmidhi,1303,1224,
tirmidhi,1304,1225,
tirmidhi,1305,1226,
tirmidhi,1306,1227,
tirmidhi,1307,1228,
tirmidhi,1309,1230,
tirmidhi,1310,1231,
tirmidhi,1311,1232,
tirmidhi,1312,1233,
tirmidhi,1314,1235,
tirmidhi,1315,1236,
tirmidhi,1316,1237,
tirmidhi,1318,1239,
tirmidhi,1319,1240,
tirmidhi,1320,1241,
tirmidhi,1321,1242,
tirmidhi,1323,1245,
tirmidhi,1324,1246,
tirmidhi,1325,1247,
tirmidhi,1327,1249,
tirmidhi,1329,1250,
tirmidhi,1330,1251,
tirmidhi,1331,1252,
tirmidhi,1333,1253,
tirmidhi,1334,1254,
tirmidhi,1335,1255,
tirmidhi,1337,1257,
tirmidhi,1338,1258,
tirmidhi,1339,1259,
tirmidhi,1340,1260,
tirmidhi,1341,1261,
tirmidhi,1342,1262,
tirmidhi,1343,1263,
tirmidhi,1344,1264,
tirmidhi,1345,1265,
tirmidhi,1346,1266,
tirmidhi,1348,1268,
tirmidhi,1349,1269,
tirmidhi,1351,1271,
tirmidhi,1352,1272,
tirmidhi,1354,1274,
tirmidhi,1355,1275,
tirmidhi,1356,1276,
tirmidhi,1357,1277,
tirmidhi,1360,1280,
tirmidhi,1361,1281,
tirmidhi,1362,1282,
tirmidhi,1363,1283,
tirmidhi,1366,1287,
tirmidhi,1367,1288,
tirmidhi,1368,1289,
tirmidhi,1369,1290,
tirmidhi,1371,1292,
tirmidhi,1373,1294,
tirmidhi,1374,1295,
tirmidhi,1375,1296,
tirmidhi,1376,1297,
tirmidhi,1377,1298,
tirmidhi,1378,1299,
tirmidhi,1380,1301,
tirmidhi,1382,1303,
tirmidhi,1383,1304,
tirmidhi,1384,1305,
tirmidhi,1385,1306,
tirmidhi,1386,1307,
tirmidhi,1387,1308,
tirmidhi,1388,1309,
tirmidhi,1390,1310,
tirmidhi,1391,1311,
tirmidhi,1393,1313,
tirmidhi,1394,1314,
tirmidhi,1397,1317,
tirmidhi,1399,1319,
tirmidhi,1400,1320,
tirmidhi,1401,1321,
tirmidhi,1402,1322,
tirmidhi,1403,1323,
tirmidhi,1405,1325,
tirmidhi,1406,1326,
tirmidhi,1409,1329,
tirmidhi,1410,1330,
tirmidhi,1411,1331,
tirmidhi,1412,1332,
tirmidhi,1413,1333,
tirmidhi,1414,1334,
tirmidhi,1415,1335,
tirmidhi,1416,1336,
tirmidhi,1417,1337,
tirmidhi,1418,1338,
tirmidhi,1419,1339,
tirmidhi,1421,1341,
tirmidhi,1422,1342,
tirmidhi,1423,1343,
tirmidhi,1425,1345,
tirmidhi,1426,1346,
tirmidhi,1427,1347,
tirmidhi,1429,1349,
tirmidhi,1430,2055,
tirmidhi,1431,1351,
tirmidhi,1432,1352,
tirmidhi,1433,1353,
tirmidhi,1434,1354,
tirmidhi,1435,1355,
tirmidhi,1436,1356,
tirmidhi,1437,1357,
tirmidhi,1439,1359,
tirmidhi,1440,3704,
tirmidhi,1441,1361,
tirmidhi,1442,1362,
tirmidhi,1445,1365,
tirmidhi,1446,1366,
tirmidhi,1447,1367,
tirmidhi,1448,1368,
tirmidhi,1450,1370,
tirmidhi,1451,1371,
tirmidhi,1453,1372,
tirmidhi,1457,1377,
tirmidhi,1458,1378,
tirmidhi,1459,1379,
tirmidhi,1460,1380,
tirmidhi,1461,1381,
tirmidhi,1462,1382,
tirmidhi,1463,1383,
tirmidhi,1464,1384,
tirmidhi,1466,1386,
tirmidhi,1467,1387,
tirmidhi,1469,1389,
tirmidhi,1472,1392,
tirmidhi,1473,1393,
tirmidhi,1474,1394,
tirmidhi,1475,1395,
tirmidhi,1476,1396,
tirmidhi,1479,3870,
tirmidhi,1481,1401,
tirmidhi,1483,1403,
tirmidhi,1485,1405,
tirmidhi,1486,1406,
tirmidhi,1487,1407,
tirmidhi,1488,1408,
tirmidhi,1489,1410,
tirmidhi,1490,1409,
tirmidhi,1493,1413,
tirmidhi,1495,1415,
tirmidhi,1496,1416,
tirmidhi,1499,1419,
tirmidhi,1502,1422,
tirmidhi,1503,1423,
tirmidhi,1504,1424,
tirmidhi,1505,1425,
tirmidhi,1506,1426,
tirmidhi,1507,1427,
tirmidhi,1508,1428,
tirmidhi,1509,1627,
tirmidhi,1510,1430,
tirmidhi,1511,1431,
tirmidhi,1513,1433,
tirmidhi,1516,1435,
tirmidhi,1517,1437,
tirmidhi,1518,1438,
tirmidhi,1519,1439,
tirmidhi,1520,1440,
tirmidhi,1521,1441,
tirmidhi,1523,1443,
tirmidhi,1524,1444,
tirmidhi,1525,1445,
tirmidhi,1527,1447,
tirmidhi,1528,1448,
tirmidhi,1530,1450,
tirmidhi,1533,1453,
tirmidhi,1534,1454,
tirmidhi,1535,1455,
tirmidhi,1540,1460,
tirmidhi,1541,1461,
tirmidhi,1542,1462,
tirmidhi,1544,1464,
tirmidhi,1545,1465,
tirmidhi,1546,1466,
tirmidhi,1547,1467,
tirmidhi,1548,1468,
tirmidhi,1549,1469,
tirmidhi,1550,1470,
tirmidhi,1551,1471,
tirmidhi,1552,1472,
tirmidhi,1555,1476,
tirmidhi,1556,1477,
tirmidhi,1557,1478,
tirmidhi,1559,1481,
tirmidhi,1563,1488,
tirmidhi,1564,1489,
tirmidhi,1568,1493,
tirmidhi,1569,1494,
tirmidhi,1570,1495,
tirmidhi,1571,1496,
tirmidhi,1572,1497,
tirmidhi,1573,1498,
tirmidhi,1574,1499,
tirmidhi,1575,2862,
tirmidhi,1576,1501,
tirmidhi,1577,1502,
tirmidhi,1578,1503,
tirmidhi,1581,1507,
tirmidhi,1582,1508,
tirmidhi,1583,1509,
tirmidhi,1584,1510,
tirmidhi,1585,1511,
tirmidhi,1586,1512,
tirmidhi,1588,1514,
tirmidhi,1589,2828,
tirmidhi,1590,1516,
tirmidhi,1591,1517,
tirmidhi,1594,1520,
tirmidhi,1595,1521,
tirmidhi,1596,1522,
tirmidhi,1597,1523,
tirmidhi,1598,1524,
tirmidhi,1600,1999,
tirmidhi,1601,1527,
tirmidhi,1603,1529,
tirmidhi,1605,1530,
tirmidhi,1606,1531,
tirmidhi,1607,1532,
tirmidhi,1608,1533,
tirmidhi,1609,1534,
tirmidhi,1610,1535,
tirmidhi,1611,1536,
tirmidhi,1613,1538,
tirmidhi,1615,1540,
tirmidhi,1616,1541,
tirmidhi,1619,1544,
tirmidhi,1620,1545,
tirmidhi,1622,1547,
tirmidhi,1623,1548,
tirmidhi,1624,1549,
tirmidhi,1625,1550,
tirmidhi,1626,1551,
tirmidhi,1627,1552,
tirmidhi,1628,1553,
tirmidhi,1629,1554,
tirmidhi,1632,1556,
tirmidhi,1633,1557,
tirmidhi,1635,1559,
tirmidhi,1638,1562,
tirmidhi,1639,1563,
tirmidhi,1640,1564,
tirmidhi,1642,1566,
tirmidhi,1643,1567,
tirmidhi,1644,1568,
tirmidhi,1645,1569,
tirmidhi,1648,1572,
tirmidhi,1650,1574,
tirmidhi,1652,1576,
tirmidhi,1653,1577,
tirmidhi,1659,1583,
tirmidhi,1660,1584,
tirmidhi,1663,1586,
tirmidhi,1664,1587,
tirmidhi,1665,1588,
tirmidhi,1666,1589,
tirmidhi,1667,1590,
tirmidhi,1668,1591,
tirmidhi,1669,1592,
tirmidhi,1671,1594,
tirmidhi,1672,1595,
tirmidhi,1673,1596,
tirmidhi,1674,1597,
tirmidhi,1675,1598,
tirmidhi,1676,1599,
tirmidhi,1677,1600,
tirmidhi,1678,1601,
tirmidhi,1679,1602,
tirmidhi,1681,1604,
tirmidhi,1683,1606,
tirmidhi,1684,1607,
tirmidhi,1685,1608,
tirmidhi,1687,1610,
tirmidhi,1689,1612,
tirmidhi,1690,1613,
tirmidhi,1691,1614,
tirmidhi,1692,3671,
tirmidhi,1693,1616,
tirmidhi,1694,1617,
tirmidhi,1695,1618,
tirmidhi,1699,1621,
tirmidhi,1700,1622,
tirmidhi,1701,1623,
tirmidhi,1702,1624,
tirmidhi,1704,1626,
tirmidhi,1706,1628,
tirmidhi,1707,1629,
tirmidhi,1708,1630,
tirmidhi,1710,1632,
tirmidhi,1712,3849,
tirmidhi,1713,1635,
tirmidhi,1716,1638,
tirmidhi,1723,1645,
tirmidhi,1725,1647,
tirmidhi,1726,1648,
tirmidhi,1727,1649,
tirmidhi,1728,1650,
tirmidhi,1729,1651,
tirmidhi,1732,1654,
tirmidhi,1733,1655,
tirmidhi,1734,1656,
tirmidhi,1735,1657,
tirmidhi,1736,1658,
tirmidhi,1737,1659,
tirmidhi,1738,1660,
tirmidhi,1739,1661,
tirmidhi,1740,1662,
tirmidhi,1741,1663,
tirmidhi,1742,1664,
tirmidhi,1744,1666,
tirmidhi,1747,1669,
tirmidhi,1748,1670,
tirmidhi,1749,1671,
tirmidhi,1750,1672,
tirmidhi,1751,1673,
tirmidhi,1752,1674,
tirmidhi,1753,1675,
tirmidhi,1754,1676,
tirmidhi,1755,1677,
tirmidhi,1758,1680,
tirmidhi,1760,1682,
tirmidhi,1761,1683,
tirmidhi,1762,1684,
tirmidhi,1763,1685,
tirmidhi,1764,1686,
tirmidhi,1765,1687,
tirmidhi,1768,1690,
tirmidhi,1769,1691,
tirmidhi,1771,1693,
tirmidhi,1772,1694,
tirmidhi,1773,1695,
tirmidhi,1774,3857,
tirmidhi,1775,1697,
tirmidhi,1776,1698,
tirmidhi,1777,1699,
tirmidhi,1778,1700,
tirmidhi,1779,3856,
tirmidhi,1780,1702,
tirmidhi,1782,1704,
tirmidhi,1784,1706,
tirmidhi,1785,1707,
tirmidhi,1786,1708,
tirmidhi,1790,1712,
tirmidhi,1791,1713,
tirmidhi,1792,1714,
tirmidhi,1793,1715,
tirmidhi,1795,1717,
tirmidhi,1796,1718,
tirmidhi,1797,1719,
tirmidhi,1798,1720,
tirmidhi,1799,1721,
tirmidhi,1800,1722,
tirmidhi,1803,1725,
tirmidhi,1804,1726,
tirmidhi,1805,1727,
tirmidhi,1806,1728,
tirmidhi,1808,1730,
tirmidhi,1809,1731,
tirmidhi,1810,3686,
tirmidhi,1811,1733,
tirmidhi,1812,1734,
tirmidhi,1813,1735,
tirmidhi,1814,1736,
tirmidhi,1815,1737,
tirmidhi,1817,1739,
tirmidhi,1819,1741,
tirmidhi,1821,1744,
tirmidhi,1822,1745,
tirmidhi,1823,1746,
tirmidhi,1824,1747,
tirmidhi,1826,1749,
tirmidhi,1827,1750,
tirmidhi,1828,1751,
tirmidhi,1829,1752,
tirmidhi,1830,1753,
tirmidhi,1831,1754,
tirmidhi,1832,1755,
tirmidhi,1833,1756,
tirmidhi,1835,1758,
tirmidhi,1837,1760,
tirmidhi,1838,1761,
tirmidhi,1839,1762,
tirmidhi,1840,1764,
tirmidhi,1843,1981,
tirmidhi,1844,1767,
tirmidhi,1845,1965,
tirmidhi,1846,1769,
tirmidhi,1847,1770,
tirmidhi,1848,1771,
tirmidhi,1849,1772,
tirmidhi,1850,1773,
tirmidhi,1852,1775,
tirmidhi,1854,1777,
tirmidhi,1856,1779,
tirmidhi,1857,1780,
tirmidhi,1859,1782,
tirmidhi,1860,1783,
tirmidhi,1862,1785,
tirmidhi,1863,1786,
tirmidhi,1864,1787,
tirmidhi,1865,1788,
tirmidhi,1866,1789,
tirmidhi,1867,1790,
tirmidhi,1868,1791,
tirmidhi,1869,1792,
tirmidhi,1871,1794,
tirmidhi,1876,1797,
tirmidhi,1877,1798,
tirmidhi,1879,1800,
tirmidhi,1880,1802,
tirmidhi,1881,1801,
tirmidhi,1882,1803,
tirmidhi,1883,1804,
tirmidhi,1885,1807,
tirmidhi,1886,1808,
tirmidhi,1887,1809,
tirmidhi,1888,1810,
tirmidhi,1889,1811,
tirmidhi,1890,1812,
tirmidhi,1891,1813,
tirmidhi,1892,1814,
tirmidhi,1893,1815,
tirmidhi,1894,1816,
tirmidhi,1895,1817,
tirmidhi,1897,1819,
tirmidhi,1899,1821,
tirmidhi,1900,1822,
tirmidhi,1901,1823,
tirmidhi,1902,1824,
tirmidhi,1904,1826,
tirmidhi,1904.2,1827,
tirmidhi,1905,1828,
tirmidhi,1906,1829,
tirmidhi,1908,1831,
tirmidhi,1909,1832,
tirmidhi,1910,1833,
tirmidhi,1911,1834,
tirmidhi,1913,1836,
tirmidhi,1914,1837,
tirmidhi,1916,1839,
tirmidhi,1917,1840,
tirmidhi,1918,1841,
tirmidhi,1919,1842,
tirmidhi,1920,1843,
tirmidhi,1921,1844,
tirmidhi,1922,1845,
tirmidhi,1923,1846,
tirmidhi,1926,1849,
tirmidhi,1927,1850,
tirmidhi,1928,1851,
tirmidhi,1929,1852,
tirmidhi,1930,1853,
tirmidhi,1931,1854,
tirmidhi,1932,1855,
tirmidhi,1935,1858,
tirmidhi,1936,1859,
tirmidhi,1938,1861,
tirmidhi,1940,1863,
tirmidhi,1941,1864,
tirmidhi,1942,1865,
tirmidhi,1943,1866,
tirmidhi,1944,1867,
tirmidhi,1946,1869,
tirmidhi,1947,1870,
tirmidhi,1948,1871,
tirmidhi,1951,1874,
tirmidhi,1952,1875,
tirmidhi,1953,1876,
tirmidhi,1954,1877,
tirmidhi,1955,1878,
tirmidhi,1956,1879,
tirmidhi,1957,1880,
tirmidhi,1958,1881,
tirmidhi,1959,1882,
tirmidhi,1960,1883,
tirmidhi,1961,1884,
tirmidhi,1962,1885,
tirmidhi,1963,1886,
tirmidhi,1964,1887,
tirmidhi,1965,1888,
tirmidhi,1967,1890,
tirmidhi,1968,3323,
tirmidhi,1969,1892,
tirmidhi,1970,1893,
tirmidhi,1972,1895,
tirmidhi,1973,1896,
tirmidhi,1974,1897,
tirmidhi,1976,1899,
tirmidhi,1977,1900,
tirmidhi,1978,1901,
tirmidhi,1979,1902,
tirmidhi,1980,1903,
tirmidhi,1983,1906,
tirmidhi,1985,1908,
tirmidhi,1989,1912,
tirmidhi,1990,1913,
tirmidhi,1991,1914,
tirmidhi,1992,3767,
tirmidhi,1993,1916,
tirmidhi,1994,1917,
tirmidhi,1995,1918,
tirmidhi,1996,1919,
tirmidhi,1997,1920,
tirmidhi,1998,1921,
tirmidhi,1999,1922,
tirmidhi,2000,1923,
tirmidhi,2001,1924,
tirmidhi,2002,1925,
tirmidhi,2003,1926,
tirmidhi,2004,1927,
tirmidhi,2005,1928,
tirmidhi,2006,1929,
tirmidhi,2007,1930,
tirmidhi,2008,1931,
tirmidhi,2009,1932,
tirmidhi,2010,1933,
tirmidhi,2011,1934,
tirmidhi,2012,1935,
tirmidhi,2014,1937,
tirmidhi,2015,1938,
tirmidhi,2017,3810,
tirmidhi,2018,1941,
tirmidhi,2019,1942,
tirmidhi,2020,1943,
tirmidhi,2021,1944,
tirmidhi,2022,1945,
tirmidhi,2024,1947,
tirmidhi,2026,1949,
tirmidhi,2027,1950,
tirmidhi,2028,1951,
tirmidhi,2030,1953,
tirmidhi,2031,1954,
tirmidhi,2032,1955,
tirmidhi,2033,1956,
tirmidhi,2034,1957,
tirmidhi,2035,1958,
tirmidhi,2036,1959,
tirmidhi,2038,1961,
tirmidhi,2041,1964,
tirmidhi,2045,1968,
tirmidhi,2046,1969,
tirmidhi,2047,1970,
tirmidhi,2048,1971,
tirmidhi,2049,1973,
tirmidhi,2050,1974,
tirmidhi,2052,1977,
tirmidhi,2053,1978,
tirmidhi,2054,1979,
tirmidhi,2056,1982,
tirmidhi,2057,1983,
tirmidhi,2058,1984,
tirmidhi,2060,1986,
tirmidhi,2061,1987,
tirmidhi,2062,1988,
tirmidhi,2064,1990,
tirmidhi,2067,1993,
tirmidhi,2069,1995,
tirmidhi,2070,1996,
tirmidhi,2072,1998,
tirmidhi,2074,2000,
tirmidhi,2077,2003,
tirmidhi,2080,2006,
tirmidhi,2081,2007,
tirmidhi,2084,2010,
tirmidhi,2087,2013,
tirmidhi,2088,2014,
tirmidhi,2091,2017,
tirmidhi,2092,2018,
tirmidhi,2093,2019,
tirmidhi,2094,2020,
tirmidhi,2095,2021,
tirmidhi,2096,2022,
tirmidhi,2097,2023,
tirmidhi,2098,2024,
tirmidhi,2099,2025,
tirmidhi,2100,2026,
tirmidhi,2102,2028,
tirmidhi,2103,2029,
tirmidhi,2104,2030,
tirmidhi,2105,2031,
tirmidhi,2108,2034,
tirmidhi,2109,2035,
tirmidhi,2110,2036,
tirmidhi,2112,2038,
tirmidhi,2115,2041,
tirmidhi,2116,2042,
tirmidhi,2117,2043,
tirmidhi,2118,2044,
tirmidhi,2119,2045,
tirmidhi,2121,2047,
tirmidhi,2122,2048,
tirmidhi,2124,2050,
tirmidhi,2126,2052,
tirmidhi,2128,2054,
tirmidhi,2130,2056,
tirmidhi,2131,2057,
tirmidhi,2132,2058,
tirmidhi,2133,2059,
tirmidhi,2135,2061,
tirmidhi,2136,2062,
tirmidhi,2139,2065,
tirmidhi,2142,2068,
tirmidhi,2144,2070,
tirmidhi,2146,2072,
tirmidhi,2147,2073,
tirmidhi,2151,2077,
tirmidhi,2152,2078,
tirmidhi,2153,2079,
tirmidhi,2154,2080,
tirmidhi,2156,2082,
tirmidhi,2157,2083,
tirmidhi,2158,2084,
tirmidhi,2159,2085,
tirmidhi,2160,2086,
tirmidhi,2161,2087,
tirmidhi,2162,2088,
tirmidhi,2163,2089,
tirmidhi,2164,2090,
tirmidhi,2165,2091,
tirmidhi,2166,2092,
tirmidhi,2167,2093,
tirmidhi,2168,2094,
tirmidhi,2170,2096,
tirmidhi,2171,2097,
tirmidhi,2174,2100,
tirmidhi,2175,3889,
tirmidhi,2177,2103,
tirmidhi,2179,2105,
tirmidhi,2181,2107,
tirmidhi,2185,2111,
tirmidhi,2187,2113,
tirmidhi,2188,2114,
tirmidhi,2190,2116,
tirmidhi,2191,2117,
tirmidhi,2193,2119,
tirmidhi,2194,2120,
tirmidhi,2196,3816,
tirmidhi,2197,2123,
tirmidhi,2198,2124,
tirmidhi,2201,2127,
tirmidhi,2203,2129,
tirmidhi,2204,2130,
tirmidhi,2205,2873,
tirmidhi,2206,2132,
tirmidhi,2207,2133,
tirmidhi,2209,2135,
tirmidhi,2210,2136,
tirmidhi,2211,2137,
tirmidhi,2212,2138,
tirmidhi,2213,2139,
tirmidhi,2215,2141,
tirmidhi,2216,2142,
tirmidhi,2217,2143,
tirmidhi,2219,2145,
tirmidhi,2220,2146,
tirmidhi,2221,2147,
tirmidhi,2223,2149,
tirmidhi,2224,2150,
tirmidhi,2226,2152,
tirmidhi,2227,2153,
tirmidhi,2228,2154,
tirmidhi,2229,2155,
tirmidhi,2230,2156,
tirmidhi,2231,2157,
tirmidhi,2232,3846,
tirmidhi,2233,2159,
tirmidhi,2237,2163,
tirmidhi,2238,2164,
tirmidhi,2239,2165,
tirmidhi,2240,2166,
tirmidhi,2242,2168,
tirmidhi,2244,2170,
tirmidhi,2247,2173,
tirmidhi,2248,2174,
tirmidhi,2252,2178,
tirmidhi,2253,2179,
tirmidhi,2254,2180,
tirmidhi,2255,2181,
tirmidhi,2260,2186,
tirmidhi,2262,2188,
tirmidhi,2264,2190,
tirmidhi,2266,2192,
tirmidhi,2267,2193,
tirmidhi,2269,2195,
tirmidhi,2270,2196,
tirmidhi,2271,2197,
tirmidhi,2273,2199,
tirmidhi,2275,2201,
tirmidhi,2277,2203,
tirmidhi,2283,2208,
tirmidhi,2284,2209,
tirmidhi,2286,2210,
tirmidhi,2287,2211,
tirmidhi,2288,2212,
tirmidhi,2289,2213,
tirmidhi,2290,2214,
tirmidhi,2292,2216,
tirmidhi,2293,2217,
tirmidhi,2294,2218,
tirmidhi,2295,2219,
tirmidhi,2296,3752,
tirmidhi,2297,2220,
tirmidhi,2298,2221,
tirmidhi,2299,2222,
tirmidhi,2300,2223,
tirmidhi,2301,2224,
tirmidhi,2302,2225,
tirmidhi,2304,2226,
tirmidhi,2306,2228,
tirmidhi,2307,2229,
tirmidhi,2308,2230,
tirmidhi,2311,2233,
tirmidhi,2312,2234,
tirmidhi,2313,2235,
tirmidhi,2316,2238,
tirmidhi,2317,2239,
tirmidhi,2318,2240,
tirmidhi,2319,2241,
tirmidhi,2320,2242,
tirmidhi,2321,2243,
tirmidhi,2322,2244,
tirmidhi,2323,2245,
tirmidhi,2325,2247,
tirmidhi,2330,2252,
tirmidhi,2331,2253,
tirmidhi,2332,2254,
tirmidhi,2334,2256,
tirmidhi,2335,2257,
tirmidhi,2336,2258,
tirmidhi,2337,2259,
tirmidhi,2339,2261,
tirmidhi,2340,2262,
tirmidhi,2341,2263,
tirmidhi,2343,2265,
tirmidhi,2344,2266,
tirmidhi,2346,2268,
tirmidhi,2347,2270,
tirmidhi,2348,2271,
tirmidhi,2349,2272,
tirmidhi,2350,2273,
tirmidhi,2351,2274,
tirmidhi,2352,2275,
tirmidhi,2353,2276,
tirmidhi,2354,2277,
tirmidhi,2355,2278,
tirmidhi,2356,2279,
tirmidhi,2358,2281,
tirmidhi,2359,2282,
tirmidhi,2360,2283,
tirmidhi,2361,2284,
tirmidhi,2362,2285,
tirmidhi,2363,2286,
tirmidhi,2364,2287,
tirmidhi,2365,2288,
tirmidhi,2366,2289,
tirmidhi,2367,2290,
tirmidhi,2370,2292,
tirmidhi,2371,2293,
tirmidhi,2372,2294,
tirmidhi,2373,2295,
tirmidhi,2374,2296,
tirmidhi,2375,2297,
tirmidhi,2376,2298,
tirmidhi,2377,2299,
tirmidhi,2378,2300,
tirmidhi,2379,2301,
tirmidhi,2381,2303,
tirmidhi,2383,2305,
tirmidhi,2384,2306,
tirmidhi,2385,2307,
tirmidhi,2386,2308,
tirmidhi,2387,2309,
tirmidhi,2388,2310,
tirmidhi,2390,2312,
tirmidhi,2391,2313,
tirmidhi,2394,2317,
tirmidhi,2395,2318,
tirmidhi,2396,2320,
tirmidhi,2398,2322,
tirmidhi,2399,2323,
tirmidhi,2401,2325,
tirmidhi,2402,2326,
tirmidhi,2403,2327,
tirmidhi,2404,2328,
tirmidhi,2405,2329,
tirmidhi,2406,2330,
tirmidhi,2407,2331,
tirmidhi,2409,2333,
tirmidhi,2410,2334,
tirmidhi,2411,2335,
tirmidhi,2412,2336,
tirmidhi,2413,2337,
tirmidhi,2414,2338,
tirmidhi,2415,2339,
tirmidhi,2416,2340,
tirmidhi,2417,2341,
tirmidhi,2419,2343,
tirmidhi,2421,2345,
tirmidhi,2422,2346,
tirmidhi,2425,2349,
tirmidhi,2426,2350,
tirmidhi,2427,2351,
tirmidhi,2428,2352,
tirmidhi,2432,2356,
tirmidhi,2433,2357,
tirmidhi,2434,2358,
tirmidhi,2435,2359,
tirmidhi,2436,2360,
tirmidhi,2437,2361,
tirmidhi,2438,2362,
tirmidhi,2440,2364,
tirmidhi,2441,2365,
tirmidhi,2442,2366,
tirmidhi,2443,2367,
tirmidhi,2444,2368,
tirmidhi,2445,2369,
tirmidhi,2446,2370,
tirmidhi,2447,2371,
tirmidhi,2448,2372,
tirmidhi,2451,2375,
tirmidhi,2452,2376,
tirmidhi,2453,2377,
tirmidhi,2455,2379,
tirmidhi,2456,2380,
tirmidhi,2457,2381,
tirmidhi,2458,2382,
tirmidhi,2459,2383,
tirmidhi,2462,2386,
tirmidhi,2463,2387,
tirmidhi,2464,2388,
tirmidhi,2465,2389,
tirmidhi,2466,2390,
tirmidhi,2467,2391,
tirmidhi,2468,2392,
tirmidhi,2469,2393,
tirmidhi,2470,2394,
tirmidhi,2471,2395,
tirmidhi,2472,2396,
tirmidhi,2473,2397,
tirmidhi,2474,2398,
tirmidhi,2475,2399,
tirmidhi,2476,2400,
tirmidhi,2477,2401,
tirmidhi,2478,2402,
tirmidhi,2479,2403,
tirmidhi,2480,2404,
tirmidhi,2481,2405,
tirmidhi,2482,2406,
tirmidhi,2483,2407,
tirmidhi,2485,2409,
tirmidhi,2486,2410,
tirmidhi,2487,2411,
tirmidhi,2488,2412,
tirmidhi,2489,2413,
tirmidhi,2490,2414,
tirmidhi,2491,2415,
tirmidhi,2492,2416,
tirmidhi,2493,2417,
tirmidhi,2494,2418,
tirmidhi,2495,2419,
tirmidhi,2498,2422,
tirmidhi,2499,2423,
tirmidhi,2500,2424,
tirmidhi,2501,2425,
tirmidhi,2502,2426,
tirmidhi,2503,2427,
tirmidhi,2504,2428,
tirmidhi,2505,2429,
tirmidhi,2507,2431,
tirmidhi,2508,2432,
tirmidhi,2510,2434,
tirmidhi,2511,2435,
tirmidhi,2512,2436,
tirmidhi,2513,2437,
tirmidhi,2514,2438,
tirmidhi,2515,2439,
tirmidhi,2516,2440,
tirmidhi,2517,2441,
tirmidhi,2518,2442,
tirmidhi,2519,2443,
tirmidhi,2520,2444,
tirmidhi,2524,2447,
tirmidhi,2525,2448,
tirmidhi,2526,2449,
tirmidhi,2527,2450,
tirmidhi,2528,2451,
tirmidhi,2529,2452,
tirmidhi,2530,2453,
tirmidhi,2533,2456,
tirmidhi,2538,2461,
tirmidhi,2539,2462,
tirmidhi,2542,2465,
tirmidhi,2543,2466,
tirmidhi,2544,2467,
tirmidhi,2545,2468,
tirmidhi,2546,2469,
tirmidhi,2548,2471,
tirmidhi,2549,2472,
tirmidhi,2550,2473,
tirmidhi,2551,2474,
tirmidhi,2554,2477,
tirmidhi,2558,2481,
tirmidhi,2559,2482,
tirmidhi,2561,2484,
tirmidhi,2562,2485,
tirmidhi,2563,2487,
tirmidhi,2564,2488,
tirmidhi,2565,2489,
tirmidhi,2566,2490,
tirmidhi,2570,2493,
tirmidhi,2571,2494,
tirmidhi,2573,2496,
tirmidhi,2574,2497,
tirmidhi,2575,2498,
tirmidhi,2577,2500,
tirmidhi,2578,2501,
tirmidhi,2579,2502,
tirmidhi,2580,2503,
tirmidhi,2582,2505,
tirmidhi,2584,2509,
tirmidhi,2586,2511,
tirmidhi,2587,3100,
tirmidhi,2588,2513,
tirmidhi,2589,2514,
tirmidhi,2590,2515,
tirmidhi,2591,2516,
tirmidhi,2592,2517,
tirmidhi,2593,2829,
tirmidhi,2594,2519,
tirmidhi,2596,2521,
tirmidhi,2597,2522,
tirmidhi,2598,2523,
tirmidhi,2599,2524,
tirmidhi,2600,2525,
tirmidhi,2601,2526,
tirmidhi,2602,2527,
tirmidhi,2603,2528,
tirmidhi,2604,2529,
tirmidhi,2605,2530,
tirmidhi,2607,2532,
tirmidhi,2608,2533,
tirmidhi,2609,2534,
tirmidhi,2610,2535,
tirmidhi,2611,2536,
tirmidhi,2612,2537,
tirmidhi,2613,2538,
tirmidhi,2614,3290,
tirmidhi,2615,2540,
tirmidhi,2616,2541,
tirmidhi,2617,2542,
tirmidhi,2618,2543,
tirmidhi,2620,2544,
tirmidhi,2621,2545,
tirmidhi,2622,2546,
tirmidhi,2623,2794,
tirmidhi,2624,950,
tirmidhi,2625,2549,
tirmidhi,2626,2550,
tirmidhi,2629,2553,
tirmidhi,2630,2554,
tirmidhi,2631,2555,
tirmidhi,2632,2556,
tirmidhi,2633,2557,
tirmidhi,2634,2558,
tirmidhi,2635,2559,
tirmidhi,2636,2560,
tirmidhi,2637,2561,
tirmidhi,2638,2562,
tirmidhi,2640,2564,
tirmidhi,2642,2566,
tirmidhi,2645,2569,
tirmidhi,2646,2570,
tirmidhi,2647,2571,
tirmidhi,2648,2572,
tirmidhi,2649,2573,
tirmidhi,2650,2574,
tirmidhi,2651,2575,
tirmidhi,2652,2576,
tirmidhi,2653,2577,
tirmidhi,2654,2578,
tirmidhi,2655,2579,
tirmidhi,2659,2583,
tirmidhi,2660,2584,
tirmidhi,2661,2585,
tirmidhi,2663,2587,
tirmidhi,2665,2589,
tirmidhi,2666,2590,
tirmidhi,2667,2591,
tirmidhi,2668,3776,
tirmidhi,2669,2593,
tirmidhi,2670,3606,
tirmidhi,2672,2596,
tirmidhi,2673,2597,
tirmidhi,2674,2598,
tirmidhi,2675,2599,
tirmidhi,2676,2600,
tirmidhi,2677,2601,
tirmidhi,2678,2602,
tirmidhi,2681,2605,
tirmidhi,2682,2606,
tirmidhi,2683,2607,
tirmidhi,2684,2608,
tirmidhi,2685,2609,
tirmidhi,2686,2610,
tirmidhi,2687,2611,
tirmidhi,2688,2612,
tirmidhi,2689,2613,
tirmidhi,2690,2614,
tirmidhi,2691,2615,
tirmidhi,2692,2616,
tirmidhi,2693,2617,
tirmidhi,2694,2618,
tirmidhi,2695,2619,
tirmidhi,2696,3647,
tirmidhi,2697,2621,
tirmidhi,2698,2622,
tirmidhi,2699,2623,
tirmidhi,2701,2625,
tirmidhi,2703,2627,
tirmidhi,2705,2629,
tirmidhi,2706,2630,
tirmidhi,2707,2631,
tirmidhi,2708,2632,
tirmidhi,2709,2633,
tirmidhi,2710,2634,
tirmidhi,2711,2635,
tirmidhi,2712,2636,
tirmidhi,2713,2637,
tirmidhi,2714,2638,
tirmidhi,2715,2639,
tirmidhi,2717,2641,
tirmidhi,2718,2642,
tirmidhi,2719,2643,
tirmidhi,2720,2644,
tirmidhi,2721,2645,
tirmidhi,2722,2646,
tirmidhi,2723,2647,
tirmidhi,2724,2648,
tirmidhi,2725,2649,
tirmidhi,2726,2650,
tirmidhi,2727,2651,
tirmidhi,2728,2652,
tirmidhi,2729,2653,
tirmidhi,2730,2654,
tirmidhi,2731,2655,
tirmidhi,2732,2656,
tirmidhi,2733,2657,
tirmidhi,2734,2658,
tirmidhi,2735,2659,
tirmidhi,2736,2660,
tirmidhi,2737,2661,
tirmidhi,2738,2662,
tirmidhi,2741,2665,
tirmidhi,2743,2667,
tirmidhi,2744,2668,
tirmidhi,2745,2669,
tirmidhi,2746,2670,
tirmidhi,2747,2671,
tirmidhi,2748,2672,
tirmidhi,2749,2673,
tirmidhi,2750,2674,
tirmidhi,2751,2675,
tirmidhi,2752,2676,
tirmidhi,2753,2677,
tirmidhi,2754,2678,
tirmidhi,2755,2679,
tirmidhi,2757,2681,
tirmidhi,2758,2682,
tirmidhi,2759,2683,
tirmidhi,2760,2684,
tirmidhi,2761,2685,
tirmidhi,2762,2686,
tirmidhi,2763,2687,
tirmidhi,2764,2688,
tirmidhi,2765,2689,
tirmidhi,2766,2690,
tirmidhi,2768,2692,
tirmidhi,2769,2693,
tirmidhi,2770,2694,
tirmidhi,2771,2695,
tirmidhi,2772,2696,
tirmidhi,2773,2697,
tirmidhi,2775,2699,
tirmidhi,2776,2700,
tirmidhi,2777,2701,
tirmidhi,2778,2702,
tirmidhi,2779,2703,
tirmidhi,2780,2704,
tirmidhi,2780.2,2666,
tirmidhi,2781,2705,
tirmidhi,2782,2706,
tirmidhi,2783,2707,
tirmidhi,2786,2710,
tirmidhi,2788,2712,
tirmidhi,2789,3855,
tirmidhi,2790,2714,
tirmidhi,2791,2715,
tirmidhi,2793,2717,
tirmidhi,2794,2718,
tirmidhi,2795,2719,
tirmidhi,2796,2722,
tirmidhi,2797,2721,
tirmidhi,2798,2720,
tirmidhi,2799,3615,
tirmidhi,2800,2724,
tirmidhi,2801,2725,
tirmidhi,2804,2728,
tirmidhi,2805,2729,
tirmidhi,2806,2730,
tirmidhi,2807,2731,
tirmidhi,2808,2732,
tirmidhi,2809,2733,
tirmidhi,2811,2735,
tirmidhi,2811.2,2736,
tirmidhi,2813,2738,
tirmidhi,2814,2739,
tirmidhi,2815.2,2740,
tirmidhi,2816,3628,
tirmidhi,2818,3802,
tirmidhi,2820,2745,
tirmidhi,2821,2746,
tirmidhi,2822,2868,
tirmidhi,2823,2748,
tirmidhi,2824.4,2750,
tirmidhi,2825,2751,
tirmidhi,2826,2752,
tirmidhi,2827,2753,
tirmidhi,2828,2754,
tirmidhi,2829,2755,
tirmidhi,2830,2756,
tirmidhi,2831,3592,
tirmidhi,2832,2758,
tirmidhi,2833,2759,
tirmidhi,2834,2760,
tirmidhi,2835,2805,
tirmidhi,2836,2762,
tirmidhi,2838,2764,
tirmidhi,2839,2765,
tirmidhi,2840,2766,
tirmidhi,2841,2768,
tirmidhi,2842,2769,
tirmidhi,2843,2770,
tirmidhi,2844,2771,
tirmidhi,2845,2772,
tirmidhi,2846.2,2773,
tirmidhi,2847,2774,
tirmidhi,2848,2775,
tirmidhi,2849,2776,
tirmidhi,2850,2777,
tirmidhi,2851,2779,
tirmidhi,2852,2778,
tirmidhi,2853,2780,
tirmidhi,2856,2783,
tirmidhi,2857,2784,
tirmidhi,2861,2788,
tirmidhi,2862,2789,
tirmidhi,2864,2790,
tirmidhi,2865,2791,
tirmidhi,2867,2793,
tirmidhi,2869,2795,
tirmidhi,2870,2796,
tirmidhi,2876,2801,
tirmidhi,2878,2803,
tirmidhi,2879,2804,
tirmidhi,2881,2806,
tirmidhi,2883,2808,
tirmidhi,2884,2809,
tirmidhi,2887,2812,
tirmidhi,2888,2813,
tirmidhi,2889,2814,
tirmidhi,2893,2818,
tirmidhi,2894,2819,
tirmidhi,2896,2821,
tirmidhi,2897,2822,
tirmidhi,2898,2823,
tirmidhi,2899,2824,
tirmidhi,2900,2825,
tirmidhi,2902,3289,
tirmidhi,2907,2832,
tirmidhi,2910,2835,
tirmidhi,2912,2836,
tirmidhi,2914,2838,
tirmidhi,2916,2840,
tirmidhi,2918,2842,
tirmidhi,2919,2843,
tirmidhi,2923,2847,
tirmidhi,2925,2849,
tirmidhi,2927,2851,
tirmidhi,2928,2852,
tirmidhi,2929,2853,
tirmidhi,2930,2854,
tirmidhi,2931,2855,
tirmidhi,2932,2856,
tirmidhi,2934,2858,
tirmidhi,2936,2860,
tirmidhi,2941,2865,
tirmidhi,2943,2867,
tirmidhi,2945,2869,
tirmidhi,2946,2870,
tirmidhi,2947,2871,
tirmidhi,2948,2872,
tirmidhi,2950,2874,
tirmidhi,2951,2875,
tirmidhi,2952,2876,
tirmidhi,2953.2,2878,
tirmidhi,2955,2879,
tirmidhi,2956,2881,
tirmidhi,2957,2882,
tirmidhi,2958,2883,
tirmidhi,2960,2885,
tirmidhi,2961,2887,
tirmidhi,2963,2889,
tirmidhi,2964,2890,
tirmidhi,2965,2891,
tirmidhi,2966,2892,
tirmidhi,2967,2893,
tirmidhi,2969,2895,
tirmidhi,2970,2896,
tirmidhi,2972,2898,
tirmidhi,2973,2899,
tirmidhi,2974,2900,
tirmidhi,2975,2901,
tirmidhi,2976,2902,
tirmidhi,2978,2904,
tirmidhi,2980,2906,
tirmidhi,2981,2907,
tirmidhi,2982,2908,
tirmidhi,2983,2909,
tirmidhi,2984,2910,
tirmidhi,2985,2911,
tirmidhi,2986,2912,
tirmidhi,2988,2914,
tirmidhi,2989,2915,
tirmidhi,2991,2917,
tirmidhi,2992,2918,
tirmidhi,2993,2919,
tirmidhi,2994,2920,
tirmidhi,2996,3746,
tirmidhi,2998,2924,
tirmidhi,2999,2925,
tirmidhi,3000,2926,
tirmidhi,3001,2927,
tirmidhi,3002,2928,
tirmidhi,3003,2929,
tirmidhi,3004,2930,
tirmidhi,3005,2931,
tirmidhi,3006,2932,
tirmidhi,3008,2934,
tirmidhi,3009,2935,
tirmidhi,3011,2937,
tirmidhi,3012,2938,
tirmidhi,3013,2939,
tirmidhi,3015,2941,
tirmidhi,3016,2942,
tirmidhi,3017,2943,
tirmidhi,3019,2945,
tirmidhi,3020,2946,
tirmidhi,3023,2949,
tirmidhi,3024,2950,
tirmidhi,3025,2951,
tirmidhi,3027,2953,
tirmidhi,3029,2955,
tirmidhi,3032,2958,
tirmidhi,3034,2960,
tirmidhi,3035,2961,
tirmidhi,3036,2962,
tirmidhi,3037,2963,
tirmidhi,3038,2964,
tirmidhi,3039,2965,
tirmidhi,3041,2967,
tirmidhi,3043,2969,
tirmidhi,3044,2970,
tirmidhi,3045,2971,
tirmidhi,3046,2972,
tirmidhi,3048,2974,
tirmidhi,3049,2975,
tirmidhi,3052,2978,
tirmidhi,3053,2979,
tirmidhi,3054,2980,
tirmidhi,3055,2981,
tirmidhi,3056,2982,
tirmidhi,3058,2984,
tirmidhi,3059,2985,
tirmidhi,3060,2986,
tirmidhi,3061,2987,
tirmidhi,3062,2988,
tirmidhi,3063,2989,
tirmidhi,3064,2990,
tirmidhi,3066,2992,
tirmidhi,3069,2995,
tirmidhi,3070,2996,
tirmidhi,3071,2997,
tirmidhi,3072,2998,
tirmidhi,3074,3000,
tirmidhi,3075,3001,
tirmidhi,3077,3003,
tirmidhi,3078,3002,
tirmidhi,3079,3004,
tirmidhi,3080,3005,
tirmidhi,3081,3006,
tirmidhi,3083,3008,
tirmidhi,3084,3009,
tirmidhi,3085,3010,
tirmidhi,3086,3011,
tirmidhi,3087,3012,
tirmidhi,3088,3013,
tirmidhi,3090,3015,
tirmidhi,3091,3016,
tirmidhi,3096,3021,
tirmidhi,3097,3022,
tirmidhi,3098,3023,
tirmidhi,3099,3024,
tirmidhi,3100,3025,
tirmidhi,3102,3784,
tirmidhi,3106,3031,
tirmidhi,3107,3032,
tirmidhi,3108,3033,
tirmidhi,3110,3035,
tirmidhi,3111,3036,
tirmidhi,3112,3037,
tirmidhi,3113,3038,
tirmidhi,3114,3039,
tirmidhi,3115,3040,
tirmidhi,3116,3041,
tirmidhi,3117,3042,
tirmidhi,3118,3043,
tirmidhi,3119,3044,
tirmidhi,3120,3045,
tirmidhi,3122,3047,
tirmidhi,3123,3048,
tirmidhi,3124,3049,
tirmidhi,3126,3051,
tirmidhi,3127,3052,
tirmidhi,3128,3053,
tirmidhi,3130,3055,
tirmidhi,3131,3056,
tirmidhi,3132,3057,
tirmidhi,3133,3860,
tirmidhi,3135,3060,
tirmidhi,3136,3712,
tirmidhi,3137,3062,
tirmidhi,3139,3064,
tirmidhi,3140,3065,
tirmidhi,3141,3066,
tirmidhi,3142,3067,
tirmidhi,3143,3068,
tirmidhi,3144,3069,
tirmidhi,3146,3071,
tirmidhi,3147,3072,
tirmidhi,3148,3073,
tirmidhi,3149,3074,
tirmidhi,3150,3075,
tirmidhi,3151,3076,
tirmidhi,3152,3077,
tirmidhi,3153,3078,
tirmidhi,3154,3079,
tirmidhi,3155,3080,
tirmidhi,3156,3081,
tirmidhi,3157,3082,
tirmidhi,3158,3083,
tirmidhi,3159,3084,
tirmidhi,3160,3727,
tirmidhi,3161,3728,
tirmidhi,3162,3086,
tirmidhi,3163,3087,
tirmidhi,3164,3088,
tirmidhi,3165,3089,
tirmidhi,3167,3091,
tirmidhi,3169,3093,
tirmidhi,3170,3094,
tirmidhi,3172,3096,
tirmidhi,3173,3097,
tirmidhi,3174,3098,
tirmidhi,3175,3099,
tirmidhi,3176,1689,
tirmidhi,3177,3101,
tirmidhi,3178,3102,
tirmidhi,3179,3103,
tirmidhi,3180,3104,
tirmidhi,3181,3105,
tirmidhi,3183,3107,
tirmidhi,3184,3108,
tirmidhi,3185,3109,
tirmidhi,3186,3110,
tirmidhi,3187,3111,
tirmidhi,3188,3112,
tirmidhi,3190,3114,
tirmidhi,3192,3116,
tirmidhi,3193,3117,
tirmidhi,3194,3118,
tirmidhi,3195,3119,
tirmidhi,3197,3121,
tirmidhi,3198,3122,
tirmidhi,3199,3744,
tirmidhi,3200,3124,
tirmidhi,3201,3125,
tirmidhi,3202,3673,
tirmidhi,3203,3127,
tirmidhi,3204,3128,
tirmidhi,3205,3129,
tirmidhi,3206,3130,
tirmidhi,3207,3131,
tirmidhi,3208,3132,
tirmidhi,3209,3750,
tirmidhi,3210,3134,
tirmidhi,3212,3136,
tirmidhi,3213,3137,
tirmidhi,3216,3140,
tirmidhi,3217,3141,
tirmidhi,3219,3143,
tirmidhi,3221,3145,
tirmidhi,3222,3146,
tirmidhi,3223,3147,
tirmidhi,3224,3148,
tirmidhi,3225,3149,
tirmidhi,3226,3150,
tirmidhi,3227,3794,
tirmidhi,3229,3153,
tirmidhi,3230,3154,
tirmidhi,3231,3155,
tirmidhi,3233,3157,
tirmidhi,3236,3160,
tirmidhi,3237,3161,
tirmidhi,3238,3162,
tirmidhi,3240,3163,
tirmidhi,3241,3164,
tirmidhi,3242,3165,
tirmidhi,3243,3166,
tirmidhi,3244,3167,
tirmidhi,3245,3168,
tirmidhi,3246,3169,
tirmidhi,3248,3171,
tirmidhi,3249,3172,
tirmidhi,3250,3173,
tirmidhi,3252,3175,
tirmidhi,3253,3176,
tirmidhi,3254,3177,
tirmidhi,3255,3178,
tirmidhi,3256,3739,
tirmidhi,3259,3182,
tirmidhi,3260,3183,
tirmidhi,3261,3184,
tirmidhi,3262,3185,
tirmidhi,3264,3187,
tirmidhi,3265,3188,
tirmidhi,3266,3189,
tirmidhi,3267,3190,
tirmidhi,3268,3191,
tirmidhi,3269,3192,
tirmidhi,3270,3193,
tirmidhi,3271,3194,
tirmidhi,3272,3195,
tirmidhi,3273,3196,
tirmidhi,3275,3197,
tirmidhi,3276,3198,
tirmidhi,3277,3199,
tirmidhi,3278,3200,
tirmidhi,3279,3201,
tirmidhi,3281,3203,
tirmidhi,3282,3204,
tirmidhi,3283,3205,
tirmidhi,3285,3207,
tirmidhi,3287,3209,
tirmidhi,3288,3210,
tirmidhi,3289,3211,
tirmidhi,3290,3212,
tirmidhi,3291,3213,
tirmidhi,3292,3214,
tirmidhi,3295,3217,
tirmidhi,3296,3218,
tirmidhi,3297,3219,
tirmidhi,3298,3220,
tirmidhi,3299,3221,
tirmidhi,3300,3222,
tirmidhi,3301,3223,
tirmidhi,3302,3224,
tirmidhi,3303,3225,
tirmidhi,3304,3226,
tirmidhi,3305,3227,
tirmidhi,3306,3228,
tirmidhi,3307,3229,
tirmidhi,3308,3230,
tirmidhi,3309,3231,
tirmidhi,3310,3232,
tirmidhi,3311,3233,
tirmidhi,3313,3235,
tirmidhi,3314,3236,
tirmidhi,3315,3237,
tirmidhi,3316,3238,
tirmidhi,3318,3240,
tirmidhi,3319,3241,
tirmidhi,3320,3242,
tirmidhi,3321,3243,
tirmidhi,3322,3244,
tirmidhi,3323,3246,
tirmidhi,3324,3247,
tirmidhi,3325,3248,
tirmidhi,3326,3249,
tirmidhi,3327,3250,
tirmidhi,3328,3251,
tirmidhi,3329,3252,
tirmidhi,3330,2476,
tirmidhi,3331,3254,
tirmidhi,3332,3255,
tirmidhi,3333,3256,
tirmidhi,3334,3257,
tirmidhi,3335,3258,
tirmidhi,3336,3259,
tirmidhi,3337,3260,
tirmidhi,3338,3261,
tirmidhi,3339,3262,
tirmidhi,3340,3263,
tirmidhi,3342,3265,
tirmidhi,3343,3266,
tirmidhi,3345,3268,
tirmidhi,3346,3269,
tirmidhi,3347,3270,
tirmidhi,3348,3271,
tirmidhi,3349,3272,
tirmidhi,3350,3273,
tirmidhi,3351,3274,
tirmidhi,3353,3276,
tirmidhi,3354,3277,
tirmidhi,3355,3278,
tirmidhi,3356,3279,
tirmidhi,3357,3280,
tirmidhi,3358,3281,
tirmidhi,3359,3282,
tirmidhi,3360,3283,
tirmidhi,3361,3284,
tirmidhi,3362,3070,
tirmidhi,3363,3286,
tirmidhi,3364,3287,
tirmidhi,3366,3288,
tirmidhi,3369,3291,
tirmidhi,3370,3292,
tirmidhi,3371,3293,
tirmidhi,3372,3294,
tirmidhi,3374,3295,
tirmidhi,3375,3297,
tirmidhi,3376,3298,
tirmidhi,3377,3299,
tirmidhi,3380,3886,
tirmidhi,3381,3303,
tirmidhi,3382,3304,
tirmidhi,3383,3793,
tirmidhi,3384,3306,
tirmidhi,3385,3307,
tirmidhi,3386,3308,
tirmidhi,3389,3311,
tirmidhi,3390,3312,
tirmidhi,3391,3313,
tirmidhi,3393,3315,
tirmidhi,3395,3317,
tirmidhi,3397,3319,
tirmidhi,3398,3320,
tirmidhi,3399,3321,
tirmidhi,3400,3322,
tirmidhi,3402,3324,
tirmidhi,3403,3325,
tirmidhi,3404,3326,
tirmidhi,3405,3327,
tirmidhi,3406,3328,
tirmidhi,3407,3806,
tirmidhi,3408,3330,
tirmidhi,3409,3331,
tirmidhi,3411,3333,
tirmidhi,3413,3335,
tirmidhi,3414,3336,
tirmidhi,3415,3337,
tirmidhi,3416,3338,
tirmidhi,3417,3339,
tirmidhi,3418,3340,
tirmidhi,3419,3341,
tirmidhi,3420,3342,
tirmidhi,3421,3344,
tirmidhi,3423,3345,
tirmidhi,3424,3346,
tirmidhi,3425,3637,
tirmidhi,3426,3348,
tirmidhi,3427,3349,
tirmidhi,3428,3350,
tirmidhi,3429,3351,
tirmidhi,3431,3353,
tirmidhi,3432,3354,
tirmidhi,3433,3355,
tirmidhi,3435,3852,
tirmidhi,3437,3359,
tirmidhi,3438,3769,
tirmidhi,3440,3362,
tirmidhi,3441,3363,
tirmidhi,3442,2206,
tirmidhi,3443,3365,
tirmidhi,3444,3789,
tirmidhi,3447,3369,
tirmidhi,3448,3370,
tirmidhi,3449,3371,
tirmidhi,3451,3373,
tirmidhi,3452,3374,
tirmidhi,3453,3375,
tirmidhi,3455,3377,
tirmidhi,3456,3378,
tirmidhi,3457,3379,
tirmidhi,3458,3380,
tirmidhi,3459,3381,
tirmidhi,3460,3382,
tirmidhi,3461,3383,
tirmidhi,3462,3384,
tirmidhi,3463,3385,
tirmidhi,3464,3386,
tirmidhi,3465,3387,
tirmidhi,3466,3388,
tirmidhi,3469,3391,
tirmidhi,3471,3393,
tirmidhi,3472,3394,
tirmidhi,3473,3395,
tirmidhi,3475,3397,
tirmidhi,3476,3398,
tirmidhi,3477,3399,
tirmidhi,3478,3400,
tirmidhi,3479,3401,
tirmidhi,3480,3402,
tirmidhi,3481,3403,
tirmidhi,3482,3404,
tirmidhi,3483,3405,
tirmidhi,3484,3406,
tirmidhi,3485,3407,
tirmidhi,3486,3408,
tirmidhi,3487,3409,
tirmidhi,3488,3410,
tirmidhi,3489,3796,
tirmidhi,3490,3412,
tirmidhi,3491,3413,
tirmidhi,3492,3414,
tirmidhi,3493,3415,
tirmidhi,3494,3416,
tirmidhi,3497,3419,
tirmidhi,3498,3420,
tirmidhi,3499,3421,
tirmidhi,3500,3422,
tirmidhi,3501,3423,
tirmidhi,3502,3424,
tirmidhi,3503,3425,
tirmidhi,3504,3426,
tirmidhi,3505,3427,
tirmidhi,3506,3850,
tirmidhi,3507,3429,
tirmidhi,3508,3430,
tirmidhi,3509,3431,
tirmidhi,3510,3432,
tirmidhi,3511,3433,
tirmidhi,3512,3434,
tirmidhi,3513,3142,
tirmidhi,3514,3436,
tirmidhi,3515,3437,
tirmidhi,3516,3438,
tirmidhi,3517,3439,
tirmidhi,3520,3442,
tirmidhi,3521,3443,
tirmidhi,3522,3444,
tirmidhi,3523,3445,
tirmidhi,3524,3447,
tirmidhi,3526,3449,
tirmidhi,3527,3450,
tirmidhi,3528,3451,
tirmidhi,3530,3792,
tirmidhi,3531,3454,
tirmidhi,3533,3456,
tirmidhi,3534,3457,
tirmidhi,3535,3458,
tirmidhi,3536,3459,
tirmidhi,3538,3885,
tirmidhi,3539,3462,
tirmidhi,3542,3465,
tirmidhi,3543,3466,
tirmidhi,3544,3467,
tirmidhi,3545,3468,
tirmidhi,3546,3469,
tirmidhi,3547,3470,
tirmidhi,3548,3471,
tirmidhi,3549,3472,
tirmidhi,3550,3473,
tirmidhi,3551,3701,
tirmidhi,3552,3475,
tirmidhi,3553,3476,
tirmidhi,3554,3827,
tirmidhi,3555,3478,
tirmidhi,3556,3479,
tirmidhi,3557,3480,
tirmidhi,3559,3482,
tirmidhi,3560,3483,
tirmidhi,3562,3485,
tirmidhi,3563,3486,
tirmidhi,3564,3487,
tirmidhi,3565,3488,
tirmidhi,3566,3489,
tirmidhi,3567,3490,
tirmidhi,3568,3491,
tirmidhi,3569,3492,
tirmidhi,3570,3493,
tirmidhi,3571,3494,
tirmidhi,3572,3495,
tirmidhi,3573,3497,
tirmidhi,3574,3498,
tirmidhi,3575,3499,
tirmidhi,3576,3500,
tirmidhi,3577,3878,
tirmidhi,3578,3502,
tirmidhi,3580,3504,
tirmidhi,3581,3505,
tirmidhi,3582,3506,
tirmidhi,3583,3507,
tirmidhi,3584,3508,
tirmidhi,3586,3510,
tirmidhi,3587,3511,
tirmidhi,3588,3512,
tirmidhi,3589,3513,
tirmidhi,3590,3514,
tirmidhi,3591,3515,
tirmidhi,3592,3516,
tirmidhi,3593,3517,
tirmidhi,3594,3518,
tirmidhi,3595,3519,
tirmidhi,3596,3520,
tirmidhi,3598,3522,
tirmidhi,3599,3523,
tirmidhi,3601,3525,
tirmidhi,3603,3527,
tirmidhi,3604,3528,
tirmidhi,3604.02,3529,
tirmidhi,3604.03,3530,
tirmidhi,3604.04,3531,
tirmidhi,3604.05,3532,
tirmidhi,3604.06,3533,
tirmidhi,3604.07,3534,
tirmidhi,3604.08,3535,
tirmidhi,3604.09,3536,
tirmidhi,3604.1,3537,
tirmidhi,3605,3538,
tirmidhi,3606,3539,
tirmidhi,3607,3540,
tirmidhi,3608,3887,
tirmidhi,3609,3542,
tirmidhi,3610,3543,
tirmidhi,3611,3544,
tirmidhi,3612,3545,
tirmidhi,3613,3546,
tirmidhi,3614,3547,
tirmidhi,3615,3548,
tirmidhi,3616,3549,
tirmidhi,3617,3550,
tirmidhi,3618,3551,
tirmidhi,3619,3552,
tirmidhi,3620,3553,
tirmidhi,3621,3554,
tirmidhi,3622,3555,
tirmidhi,3624,3557,
tirmidhi,3625,3558,
tirmidhi,3626,3559,
tirmidhi,3627,3560,
tirmidhi,3628,3561,
tirmidhi,3629,3562,
tirmidhi,3630,3563,
tirmidhi,3633,3566,
tirmidhi,3634,3567,
tirmidhi,3635,3729,
tirmidhi,3636,3569,
tirmidhi,3637,3570,
tirmidhi,3638,3571,
tirmidhi,3639,3572,
tirmidhi,3640,3573,
tirmidhi,3641,3574,
tirmidhi,3642,3575,
tirmidhi,3644,3577,
tirmidhi,3645,3578,
tirmidhi,3646,3579,
tirmidhi,3647,3580,
tirmidhi,3648,3581,
tirmidhi,3649,3582,
tirmidhi,3650,3583,
tirmidhi,3651,3584,
tirmidhi,3654,3587,
tirmidhi,3655,3588,
tirmidhi,3656,3589,
tirmidhi,3661,3594,
tirmidhi,3663,3596,
tirmidhi,3665,3598,
tirmidhi,3666,3599,
tirmidhi,3667,3600,
tirmidhi,3668,3601,
tirmidhi,3669,3602,
tirmidhi,3671,3604,
tirmidhi,3672,3605,
tirmidhi,3676,3609,
tirmidhi,3678,3611,
tirmidhi,3679,3612,
tirmidhi,3680,3613,
tirmidhi,3681,3614,
tirmidhi,3684,3617,
tirmidhi,3685,3618,
tirmidhi,3686,3619,
tirmidhi,3689,3622,
tirmidhi,3690,3623,
tirmidhi,3691,3624,
tirmidhi,3699,3632,
tirmidhi,3700,3633,
tirmidhi,3701,3634,
tirmidhi,3703,3636,
tirmidhi,3706,3639,
tirmidhi,3707,3640,
tirmidhi,3708,3641,
tirmidhi,3709,3642,
tirmidhi,3710,3643,
tirmidhi,3715,3648,
tirmidhi,3716,3649,
tirmidhi,3720,3654,
tirmidhi,3721,3655,
tirmidhi,3724,3658,
tirmidhi,3728,3662,
tirmidhi,3729,3656,
tirmidhi,3730,3663,
tirmidhi,3731,3664,
tirmidhi,3732,3665,
tirmidhi,3733,3666,
tirmidhi,3734,3667,
tirmidhi,3735,3668,
tirmidhi,3736,3669,
tirmidhi,3737,3670,
tirmidhi,3739,3672,
tirmidhi,3741,3674,
tirmidhi,3743,3676,
tirmidhi,3744,3677,
tirmidhi,3746,3679,
tirmidhi,3747,3680,
tirmidhi,3748,3681,
tirmidhi,3751,3684,
tirmidhi,3752,3685,
tirmidhi,3754,3687,
tirmidhi,3763,3696,
tirmidhi,3765,3698,
tirmidhi,3766,3699,
tirmidhi,3767,3700,
tirmidhi,3769,3702,
tirmidhi,3774,3707,
tirmidhi,3775,3708,
tirmidhi,3777,3710,
tirmidhi,3778,3711,
tirmidhi,3780,3713,
tirmidhi,3781,3714,
tirmidhi,3782,3715,
tirmidhi,3784,3717,
tirmidhi,3785,3721,
tirmidhi,3786,3718,
tirmidhi,3789,3722,
tirmidhi,3790,3723,
tirmidhi,3791,3724,
tirmidhi,3793,3833,
tirmidhi,3795,39,
tirmidhi,3797,3732,
tirmidhi,3800,3736,
tirmidhi,3802,3738,
tirmidhi,3805,3741,
tirmidhi,3809,3745,
tirmidhi,3815,3751,
tirmidhi,3817,3753,
tirmidhi,3822,3758,
tirmidhi,3823,3759,
tirmidhi,3827,3763,
tirmidhi,3830,3765,
tirmidhi,3832,3766,
tirmidhi,3838,3773,
tirmidhi,3839,3774,
tirmidhi,3842,3777,
tirmidhi,3845,3780,
tirmidhi,3850,3785,
tirmidhi,3856,3791,
tirmidhi,3860,3795,
tirmidhi,3861,2355,
tirmidhi,3863,3798,
tirmidhi,3865,3800,
tirmidhi,3866,3801,
tirmidhi,3869,3804,
tirmidhi,3870,3805,
tirmidhi,3872,3807,
tirmidhi,3873,3828,
tirmidhi,3878,3813,
tirmidhi,3879,3814,
tirmidhi,3880,3815,
tirmidhi,3883,3818,
tirmidhi,3885,3820,
tirmidhi,3887,3822,
tirmidhi,3891,3826,
tirmidhi,3894,3829,
tirmidhi,3896,3831,
tirmidhi,3897,3832,
tirmidhi,3901,3836,
tirmidhi,3904,3839,
tirmidhi,3905,3840,
tirmidhi,3909,3844,
tirmidhi,3910,3845,
tirmidhi,3926,3861,
tirmidhi,3927,3862,
tirmidhi,3928,3863,
tirmidhi,3930,3865,
tirmidhi,3931,3866,
tirmidhi,3932,3867,
tirmidhi,3933,3868,
tirmidhi,3934,3869,
tirmidhi,3936,3871,
tirmidhi,3938,3873,
tirmidhi,3939,3874,
tirmidhi,3940,3875,
tirmidhi,3944,3879,
tirmidhi,3946,3881,
tirmidhi,3947,3882,
tirmidhi,3949,3884,
tirmidhi,3953,3888,
tirmidhi,3956,3891,
nasai,3,3,
nasai,4,4,
nasai,5,5,
nasai,6,6,
nasai,7,7,
nasai,8,8,
nasai,13,13,
nasai,14,14,
nasai,15,15,
nasai,18,18,
nasai,19,19,
nasai,22,22,
nasai,23,23,
nasai,24,24,
nasai,25,25,
nasai,27,27,
nasai,28,28,
nasai,29,29,
nasai,31,31,
nasai,32,32,
nasai,33,33,
nasai,34,34,
nasai,36,36,
nasai,37,37,
nasai,38,38,
nasai,40,40,
nasai,41,41,
nasai,42,42,
nasai,43,43,
nasai,44,44,
nasai,45,45,
nasai,46,46,
nasai,47,47,
nasai,48,48,
nasai,49,49,
nasai,51,51,
nasai,52,52,
nasai,54,54,
nasai,57,57,
nasai,58,58,
nasai,60,60,
nasai,74,73,
nasai,75,74,
nasai,76,75,
nasai,77,76,
nasai,78,77,
nasai,82,81,
nasai,85,84,
nasai,87,86,
nasai,88,87,
nasai,89,88,
nasai,91,90,
nasai,92,91,
nasai,95,94,
nasai,98,97,
nasai,99,98,
nasai,100,99,
nasai,101,100,
nasai,102,101,
nasai,103,102,
nasai,104,103,
nasai,105,104,
nasai,106,105,
nasai,107,106,
nasai,108,107,
nasai,109,108,
nasai,110,109,
nasai,111,110,
nasai,114,113,
nasai,115,114,
nasai,118,117,
nasai,119,118,
nasai,120,119,
nasai,122,121,
nasai,123,122,
nasai,124,123,
nasai,126,126,
nasai,127,127,
nasai,128,128,
nasai,129,129,
nasai,135,135,
nasai,136,136,
nasai,137,137,
nasai,138,138,
nasai,139,139,
nasai,140,140,
nasai,142,142,
nasai,144,144,
nasai,146,146,
nasai,147,147,
nasai,148,148,
nasai,150,150,
nasai,151,151,
nasai,152,152,
nasai,153,153,
nasai,154,154,
nasai,155,155,
nasai,156,156,
nasai,159,159,
nasai,160,160,
nasai,161,161,
nasai,163,163,
nasai,164,3845,
nasai,165,165,
nasai,166,166,
nasai,167,167,
nasai,168,168,
nasai,169,169,
nasai,170,170,
nasai,172,172,
nasai,173,173,
nasai,174,174,
nasai,175,175,
nasai,176,176,
nasai,177,177,
nasai,178,178,
nasai,179,179,
nasai,180,180,
nasai,181,181,
nasai,182,182,
nasai,189,189,
nasai,190,190,
nasai,192,192,
nasai,193,193,
nasai,194,194,
nasai,195,195,
nasai,197,197,
nasai,198,198,
nasai,199,199,
nasai,200,200,
nasai,203,203,
nasai,210,210,
nasai,215,215,
nasai,216,216,
nasai,217,217,
nasai,221,221,
nasai,222,222,
nasai,225,225,
nasai,226,226,
nasai,234,234,
nasai,236,236,
nasai,237,237,
nasai,239,239,
nasai,241,241,
nasai,242,242,
nasai,243,243,
nasai,244,244,
nasai,245,245,
nasai,246,246,
nasai,248,248,
nasai,250,250,
nasai,252,252,
nasai,253,253,
nasai,254,254,
nasai,255,255,
nasai,256,256,
nasai,261,261,
nasai,263,263,
nasai,265,265,
nasai,266,266,
nasai,267,267,
nasai,268,268,
nasai,269,269,
nasai,271,271,
nasai,274,273,
nasai,277,276,
nasai,280,278,
nasai,283,281,
nasai,284,282,
nasai,288,286,
nasai,289,287,
nasai,290,288,
nasai,293,291,
nasai,295,293,
nasai,296,294,
nasai,298,296,
nasai,299,297,
nasai,300,298,
nasai,301,299,
nasai,302,300,
nasai,304,302,
nasai,306,304,
nasai,307,305,
nasai,308,306,
nasai,309,307,
nasai,310,308,
nasai,313,311,
nasai,314,312,
nasai,317,315,
nasai,318,316,
nasai,321,319,
nasai,322,320,
nasai,323,321,
nasai,327,325,
nasai,328,326,
nasai,329,327,
nasai,330,328,
nasai,332,330,
nasai,333,331,
nasai,335,333,
nasai,336,334,
nasai,339,337,
nasai,340,338,
nasai,346,344,
nasai,347,345,
nasai,348,346,
nasai,349,347,
nasai,350,348,
nasai,354,351,
nasai,355,352,
nasai,356,353,
nasai,357,354,
nasai,359,356,
nasai,360,213,
nasai,361,358,
nasai,362,359,
nasai,363,360,
nasai,364,361,
nasai,365,362,
nasai,367,364,
nasai,368,365,
nasai,369,366,
nasai,370,367,
nasai,371,368,
nasai,372,369,
nasai,373,370,
nasai,374,371,
nasai,375,372,
nasai,377,374,
nasai,378,375,
nasai,381,378,
nasai,382,379,
nasai,383,380,
nasai,385,382,
nasai,387,384,
nasai,390,387,
nasai,392,389,
nasai,393,390,
nasai,398,395,
nasai,399,396,
nasai,400,397,
nasai,401,398,
nasai,402,399,
nasai,403,400,
nasai,404,401,
nasai,405,402,
nasai,406,403,
nasai,407,404,
nasai,408,405,
nasai,410,407,
nasai,411,408,
nasai,413,410,
nasai,414,411,
nasai,415,412,
nasai,416,413,
nasai,417,414,
nasai,418,415,
nasai,422,419,
nasai,423,420,
nasai,424,421,
nasai,425,422,
nasai,427,424,
nasai,428,425,
nasai,429,426,
nasai,430,427,
nasai,432,429,
nasai,433,430,
nasai,435,431,
nasai,436,432,
nasai,438,434,
nasai,439,435,
nasai,440,436,
nasai,441,437,
nasai,442,438,
nasai,443,439,
nasai,444,440,
nasai,445,441,
nasai,446,442,
nasai,447,443,
nasai,450,446,
nasai,453,449,
nasai,454,450,
nasai,455,451,
nasai,458,454,
nasai,459,455,
nasai,461,457,
nasai,462,458,
nasai,464,460,
nasai,465,461,
nasai,466,462,
nasai,467,463,
nasai,469,465,
nasai,471,467,
nasai,472,468,
nasai,474,470,
nasai,479,475,
nasai,487,483,
nasai,488,484,
nasai,490,486,
nasai,491,487,
nasai,494,490,
nasai,497,493,
nasai,498,494,
nasai,499,495,
nasai,501,497,
nasai,503,499,
nasai,506,502,
nasai,508,504,
nasai,512,508,
nasai,513,510,
nasai,516,513,
nasai,518,515,
nasai,519,516,
nasai,521,518,
nasai,522,519,
nasai,523,520,
nasai,525,522,
nasai,527,524,
nasai,528,525,
nasai,529,526,
nasai,530,527,
nasai,531,528,
nasai,532,529,
nasai,535,532,
nasai,537,534,
nasai,539,536,
nasai,541,538,
nasai,543,540,
nasai,544,541,
nasai,545,542,
nasai,546,543,
nasai,547,544,
nasai,548,545,
nasai,550,547,
nasai,551,548,
nasai,552,549,
nasai,554,551,
nasai,556,553,
nasai,557,554,
nasai,558,555,
nasai,559,556,
nasai,560,557,
nasai,561,558,
nasai,562,559,
nasai,564,561,
nasai,565,562,
nasai,566,563,
nasai,568,564,
nasai,569,565,
nasai,572,568,
nasai,573,569,
nasai,575,571,
nasai,576,572,
nasai,577,573,
nasai,578,574,
nasai,579,575,
nasai,580,576,
nasai,581,577,
nasai,582,578,
nasai,584,580,
nasai,585,581,
nasai,586,582,
nasai,589,585,
nasai,590,586,
nasai,591,587,
nasai,592,588,
nasai,593,589,
nasai,594,590,
nasai,596,592,
nasai,597,593,
nasai,599,595,
nasai,600,596,
nasai,601,597,
nasai,602,598,
nasai,605,601,
nasai,606,602,
nasai,608,604,
nasai,609,605,
nasai,612,608,
nasai,614,610,
nasai,615,611,
nasai,616,612,
nasai,620,616,
nasai,621,617,
nasai,622,618,
nasai,623,619,
nasai,624,620,
nasai,625,621,
nasai,626,622,
nasai,627,623,
nasai,629,625,
nasai,630,626,
nasai,631,627,
nasai,633,629,
nasai,634,630,
nasai,635,631,
nasai,636,632,
nasai,639,635,
nasai,640,636,
nasai,641,637,
nasai,642,638,
nasai,645,641,
nasai,648,452,
nasai,650,645,
nasai,652,646,
nasai,654,648,
nasai,655,649,
nasai,656,650,
nasai,657,651,
nasai,660,654,
nasai,662,656,
nasai,663,657,
nasai,664,658,
nasai,665,659,
nasai,667,661,
nasai,668,662,
nasai,669,663,
nasai,671,537,
nasai,673,667,
nasai,675,669,
nasai,677,670,
nasai,678,671,
nasai,679,672,
nasai,681,674,
nasai,682,675,
nasai,683,676,
nasai,684,677,
nasai,690,683,
nasai,693,686,
nasai,695,688,
nasai,696,689,
nasai,697,690,
nasai,699,692,
nasai,701,694,
nasai,702,695,
nasai,706,699,
nasai,707,700,
nasai,709,702,
nasai,710,703,
nasai,712,705,
nasai,714,707,
nasai,715,708,
nasai,716,709,
nasai,717,710,
nasai,718,711,
nasai,720,712,
nasai,721,713,
nasai,727,719,
nasai,728,720,
nasai,729,721,
nasai,731,723,
nasai,732,724,
nasai,734,726,
nasai,736,728,
nasai,737,729,
nasai,738,730,
nasai,739,731,
nasai,740,732,
nasai,741,733,
nasai,742,734,
nasai,743,735,
nasai,744,736,
nasai,745,737,
nasai,746,738,
nasai,748,740,
nasai,750,742,
nasai,752,744,
nasai,753,3857,
nasai,754,746,
nasai,755,747,
nasai,756,748,
nasai,757,749,
nasai,758,750,
nasai,759,751,
nasai,760,752,
nasai,763,755,
nasai,764,756,
nasai,765,757,
nasai,767,759,
nasai,768,760,
nasai,770,762,
nasai,775,767,
nasai,776,768,
nasai,777,769,
nasai,778,770,
nasai,779,771,
nasai,780,772,
nasai,781,773,
nasai,782,774,
nasai,784,776,
nasai,785,777,
nasai,786,778,
nasai,787,779,
nasai,789,781,
nasai,790,782,
nasai,791,783,
nasai,792,784,
nasai,793,785,
nasai,797,788,
nasai,798,789,
nasai,799,790,
nasai,800,791,
nasai,801,792,
nasai,806,797,
nasai,808,799,
nasai,810,801,
nasai,811,802,
nasai,812,803,
nasai,816,807,
nasai,817,808,
nasai,818,809,
nasai,819,810,
nasai,820,811,
nasai,822,813,
nasai,824,815,
nasai,826,817,
nasai,828,819,
nasai,830,821,
nasai,832,823,
nasai,836,827,
nasai,838,829,
nasai,840,831,
nasai,841,832,
nasai,842,833,
nasai,843,834,
nasai,845,836,
nasai,846,837,
nasai,850,841,
nasai,852,843,
nasai,855,846,
nasai,857,848,
nasai,858,849,
nasai,860,851,
nasai,866,856,
nasai,867,857,
nasai,870,860,
nasai,871,861,
nasai,872,862,
nasai,874,864,
nasai,875,865,
nasai,878,868,
nasai,879,869,
nasai,882,872,
nasai,884,874,
nasai,885,875,
nasai,886,876,
nasai,887,877,
nasai,890,880,
nasai,891,881,
nasai,892,882,
nasai,893,883,
nasai,895,885,
nasai,896,886,
nasai,898,888,
nasai,899,889,
nasai,901,891,
nasai,905,895,
nasai,906,896,
nasai,907,897,
nasai,908,898,
nasai,909,900,
nasai,910,901,
nasai,913,904,
nasai,914,905,
nasai,915,906,
nasai,916,907,
nasai,917,908,
nasai,918,909,
nasai,919,910,
nasai,920,911,
nasai,921,912,
nasai,922,913,
nasai,923,914,
nasai,924,915,
nasai,925,916,
nasai,928,918,
nasai,931,922,
nasai,933,924,
nasai,935,926,
nasai,936,927,
nasai,939,930,
nasai,940,931,
nasai,941,932,
nasai,944,935,
nasai,946,937,
nasai,947,938,
nasai,948,939,
nasai,949,940,
nasai,950,941,
nasai,951,942,
nasai,952,943,
nasai,954,945,
nasai,956,947,
nasai,958,949,
nasai,959,950,
nasai,960,951,
nasai,961,952,
nasai,963,954,
nasai,965,955,
nasai,967,957,
nasai,968,958,
nasai,969,959,
nasai,970,960,
nasai,971,961,
nasai,972,962,
nasai,973,963,
nasai,974,964,
nasai,975,965,
nasai,977,967,
nasai,978,968,
nasai,980,970,
nasai,981,971,
nasai,982,972,
nasai,983,973,
nasai,985,975,
nasai,987,977,
nasai,991,981,
nasai,992,982,
nasai,993,983,
nasai,994,984,
nasai,995,985,
nasai,997,987,
nasai,999,989,
nasai,1000,990,
nasai,1001,991,
nasai,1003,993,
nasai,1004,994,
nasai,1005,995,
nasai,1007,997,
nasai,1008,998,
nasai,1009,999,
nasai,1010,1000,
nasai,1011,1001,
nasai,1012,1002,
nasai,1013,1003,
nasai,1015,1005,
nasai,1021,1011,
nasai,1022,1012,
nasai,1024,1014,
nasai,1027,1017,
nasai,1029,1019,
nasai,1030,1020,
nasai,1031,1021,
nasai,1032,1022,
nasai,1033,1023,
nasai,1034,1024,
nasai,1036,1026,
nasai,1037,1027,
nasai,1038,1028,
nasai,1040,1030,
nasai,1043,1033,
nasai,1044,1034,
nasai,1045,1035,
nasai,1046,1036,
nasai,1047,1037,
nasai,1049,1039,
nasai,1051,1041,
nasai,1052,1042,
nasai,1053,1043,
nasai,1056,1046,
nasai,1058,1048,
nasai,1060,1050,
nasai,1061,1051,
nasai,1064,1054,
nasai,1066,1056,
nasai,1067,1057,
nasai,1068,1058,
nasai,1070,1060,
nasai,1071,1061,
nasai,1072,1062,
nasai,1073,1063,
nasai,1074,1064,
nasai,1076,1066,
nasai,1078,1068,
nasai,1079,1069,
nasai,1080,1070,
nasai,1081,1071,
nasai,1082,1072,
nasai,1083,1073,
nasai,1084,1074,
nasai,1088,1076,
nasai,1089,1077,
nasai,1090,1078,
nasai,1091,1079,
nasai,1092,1080,
nasai,1094,1082,
nasai,1096,1084,
nasai,1097,1085,
nasai,1098,1086,
nasai,1099,1087,
nasai,1100,1088,
nasai,1102,1090,
nasai,1103,1091,
nasai,1104,1092,
nasai,1105,1093,
nasai,1106,1094,
nasai,1107,1095,
nasai,1108,1096,
nasai,1111,1099,
nasai,1113,1101,
nasai,1114,1102,
nasai,1115,1103,
nasai,1117,1105,
nasai,1118,1106,
nasai,1119,1107,
nasai,1120,1108,
nasai,1123,1111,
nasai,1124,1112,
nasai,1126,1114,
nasai,1127,1115,
nasai,1128,1116,
nasai,1129,1117,
nasai,1131,1119,
nasai,1133,1121,
nasai,1134,1122,
nasai,1135,1123,
nasai,1136,1124,
nasai,1137,1125,
nasai,1138,1126,
nasai,1139,1127,
nasai,1140,1128,
nasai,1142,1130,
nasai,1144,1132,
nasai,1146,1134,
nasai,1149,1137,
nasai,1150,1138,
nasai,1151,1139,
nasai,1152,1140,
nasai,1154,1142,
nasai,1155,1143,
nasai,1156,1144,
nasai,1157,1145,
nasai,1158,1146,
nasai,1160,1148,
nasai,1161,1149,
nasai,1162,1150,
nasai,1165,1152,
nasai,1167,1154,
nasai,1168,1155,
nasai,1173,1160,
nasai,1174,1161,
nasai,1176,1163,
nasai,1177,1164,
nasai,1178,1165,
nasai,1179,1166,
nasai,1181,1168,
nasai,1183,1170,
nasai,1184,1171,
nasai,1185,1172,
nasai,1186,1173,
nasai,1187,1174,
nasai,1188,1175,
nasai,1190,1177,
nasai,1191,1178,
nasai,1193,1180,
nasai,1199,1184,
nasai,1201,1186,
nasai,1202,1187,
nasai,1203,1188,
nasai,1204,1189,
nasai,1205,1190,
nasai,1206,1191,
nasai,1207,1192,
nasai,1209,1194,
nasai,1210,1195,
nasai,1211,1196,
nasai,1212,1197,
nasai,1213,1198,
nasai,1214,1199,
nasai,1215,1200,
nasai,1217,1202,
nasai,1218,1203,
nasai,1219,1204,
nasai,1220,1205,
nasai,1221,1206,
nasai,1222,1207,
nasai,1223,1208,
nasai,1226,1211,
nasai,1227,1212,
nasai,1228,1213,
nasai,1229,1214,
nasai,1232,1216,
nasai,1233,1217,
nasai,1237,1220,
nasai,1238,1221,
nasai,1242,1225,
nasai,1243,1226,
nasai,1244,1227,
nasai,1245,1228,
nasai,1246,1229,
nasai,1249,1232,
nasai,1250,1233,
nasai,1251,1234,
nasai,1252,1235,
nasai,1253,1236,
nasai,1254,1237,
nasai,1256,1239,
nasai,1257,1240,
nasai,1259,1242,
nasai,1262,1245,
nasai,1263,1246,
nasai,1264,1247,
nasai,1265,1248,
nasai,1267,1250,
nasai,1270,1253,
nasai,1272,1255,
nasai,1279,1262,
nasai,1280,1263,
nasai,1281,1264,
nasai,1282,1265,
nasai,1283,1266,
nasai,1284,1267,
nasai,1286,1269,
nasai,1287,1270,
nasai,1288,1271,
nasai,1289,1272,
nasai,1290,1273,
nasai,1292,1275,
nasai,1293,1276,
nasai,1294,1277,
nasai,1295,1278,
nasai,1296,1279,
nasai,1297,1280,
nasai,1298,1281,
nasai,1299,1282,
nasai,1300,1283,
nasai,1301,1284,
nasai,1303,1286,
nasai,1304,1287,
nasai,1308,1291,
nasai,1309,1292,
nasai,1310,1293,
nasai,1311,1294,
nasai,1313,1296,
nasai,1315,1298,
nasai,1316,1299,
nasai,1317,1300,
nasai,1318,1301,
nasai,1319,1302,
nasai,1320,1303,
nasai,1321,1304,
nasai,1322,1305,
nasai,1323,1306,
nasai,1328,1311,
nasai,1329,1312,
nasai,1330,1313,
nasai,1332,1315,
nasai,1333,1316,
nasai,1334,1317,
nasai,1335,1318,
nasai,1336,1319,
nasai,1338,1321,
nasai,1339,1322,
nasai,1340,1323,
nasai,1341,1324,
nasai,1343,1326,
nasai,1344,1327,
nasai,1345,1328,
nasai,1346,1329,
nasai,1347,1330,
nasai,1348,1331,
nasai,1349,1332,
nasai,1350,1333,
nasai,1351,1334,
nasai,1353,1336,
nasai,1355,1338,
nasai,1356,1339,
nasai,1357,1340,
nasai,1359,1342,
nasai,1360,1343,
nasai,1361,1344,
nasai,1362,1345,
nasai,1363,1346,
nasai,1364,1347,
nasai,1365,1348,
nasai,1366,1349,
nasai,1367,1350,
nasai,1371,1354,
nasai,1373,1356,
nasai,1374,1357,
nasai,1375,1358,
nasai,1377,1360,
nasai,1378,1361,
nasai,1379,1362,
nasai,1380,1363,
nasai,1381,1364,
nasai,1382,1365,
nasai,1383,1366,
nasai,1384,1367,
nasai,1385,1368,
nasai,1386,1369,
nasai,1388,1371,
nasai,1389,1372,
nasai,1390,1373,
nasai,1391,1374,
nasai,1393,1376,
nasai,1396,1379,
nasai,1398,1381,
nasai,1399,1382,
nasai,1400,1383,
nasai,1403,1386,
nasai,1406,1389,
nasai,1409,1392,
nasai,1411,1394,
nasai,1414,1397,
nasai,1415,1398,
nasai,1416,1399,
nasai,1420,1403,
nasai,1423,1406,
nasai,1424,1407,
nasai,1425,1408,
nasai,1426,1409,
nasai,1428,1411,
nasai,1429,1412,
nasai,1430,1413,
nasai,1431,1414,
nasai,1432,1415,
nasai,1433,1416,
nasai,1435,1418,
nasai,1437,1420,
nasai,1438,1421,
nasai,1442,1425,
nasai,1443,1426,
nasai,1444,1427,
nasai,1445,1428,
nasai,1447,1430,
nasai,1448,1431,
nasai,1449,1432,
nasai,1450,1433,
nasai,1451,1434,
nasai,1452,1435,
nasai,1453,1436,
nasai,1454,1437,
nasai,1455,1438,
nasai,1457,1440,
nasai,1458,1441,
nasai,1459,1442,
nasai,1461,1444,
nasai,1462,1445,
nasai,1463,1446,
nasai,1465,1448,
nasai,1467,1450,
nasai,1468,1451,
nasai,1470,1453,
nasai,1471,1454,
nasai,1472,1455,
nasai,1473,1456,
nasai,1477,1460,
nasai,1478,1461,
nasai,1479,1462,
nasai,1480,1463,
nasai,1481,1464,
nasai,1482,1465,
nasai,1483,1466,
nasai,1484,1467,
nasai,1486,1469,
nasai,1487,1470,
nasai,1488,1471,
nasai,1489,1472,
nasai,1490,1473,
nasai,1492,1475,
nasai,1494,1477,
nasai,1496,1479,
nasai,1497,1480,
nasai,1498,1481,
nasai,1499,1482,
nasai,1500,1483,
nasai,1501,1484,
nasai,1503,1486,
nasai,1504,1487,
nasai,1505,1488,
nasai,1506,1489,
nasai,1508,1491,
nasai,1509,1492,
nasai,1510,1493,
nasai,1511,1494,
nasai,1512,1495,
nasai,1513,1496,
nasai,1514,1497,
nasai,1515,1498,
nasai,1516,1499,
nasai,1518,1501,
nasai,1520,1503,
nasai,1523,1506,
nasai,1524,1507,
nasai,1525,1508,
nasai,1526,1509,
nasai,1527,1510,
nasai,1528,1511,
nasai,1529,1512,
nasai,1532,1514,
nasai,1533,1515,
nasai,1534,1516,
nasai,1537,1519,
nasai,1538,1520,
nasai,1539,1521,
nasai,1540,1522,
nasai,1541,1523,
nasai,1544,1526,
nasai,1545,1527,
nasai,1546,1528,
nasai,1547,1529,
nasai,1551,1533,
nasai,1552,1534,
nasai,1553,1535,
nasai,1556,1538,
nasai,1558,1540,
nasai,1559,1541,
nasai,1560,1542,
nasai,1561,1543,
nasai,1562,1544,
nasai,1563,1545,
nasai,1564,1546,
nasai,1565,1547,
nasai,1567,1549,
nasai,1568,1550,
nasai,1569,1551,
nasai,1571,1553,
nasai,1574,1556,
nasai,1576,1558,
nasai,1578,1560,
nasai,1580,1562,
nasai,1582,1564,
nasai,1583,1565,
nasai,1585,1567,
nasai,1587,1569,
nasai,1588,1570,
nasai,1590,1572,
nasai,1592,1574,
nasai,1593,1575,
nasai,1595,1577,
nasai,1596,1578,
nasai,1599,1581,
nasai,1600,1582,
nasai,1601,1583,
nasai,1604,1586,
nasai,1605,1587,
nasai,1608,1590,
nasai,1609,1591,
nasai,1611,1593,
nasai,1613,1595,
nasai,1616,1598,
nasai,1617,1599,
nasai,1618,1600,
nasai,1619,1601,
nasai,1621,1603,
nasai,1622,1604,
nasai,1623,1605,
nasai,1625,1607,
nasai,1626,1608,
nasai,1627,1609,
nasai,1628,1610,
nasai,1629,1611,
nasai,1631,1613,
nasai,1632,1614,
nasai,1633,1615,
nasai,1634,1616,
nasai,1635,1617,
nasai,1636,1618,
nasai,1637,1619,
nasai,1638,1620,
nasai,1642,1624,
nasai,1643,1625,
nasai,1644,1626,
nasai,1645,1627,
nasai,1646,1628,
nasai,1647,1629,
nasai,1649,1631,
nasai,1651,1633,
nasai,1652,1634,
nasai,1653,1635,
nasai,1654,1636,
nasai,1655,1637,
nasai,1656,1638,
nasai,1657,1639,
nasai,1658,1640,
nasai,1660,1642,
nasai,1661,1643,
nasai,1662,1644,
nasai,1665,1647,
nasai,1666,1648,
nasai,1667,1649,
nasai,1668,1650,
nasai,1669,1651,
nasai,1670,1652,
nasai,1673,1655,
nasai,1674,1656,
nasai,1675,1657,
nasai,1676,1658,
nasai,1677,1659,
nasai,1679,1661,
nasai,1681,1663,
nasai,1682,1664,
nasai,1683,1665,
nasai,1684,1666,
nasai,1685,1667,
nasai,1687,1669,
nasai,1688,1670,
nasai,1689,1671,
nasai,1690,1672,
nasai,1691,1673,
nasai,1692,1674,
nasai,1693,1675,
nasai,1696,1678,
nasai,1698,1680,
nasai,1699,1681,
nasai,1701,1683,
nasai,1704,1686,
nasai,1705,1687,
nasai,1707,1688,
nasai,1709,1690,
nasai,1710,1691,
nasai,1712,1693,
nasai,1714,1695,
nasai,1716,1697,
nasai,1717,1698,
nasai,1718,1699,
nasai,1719,1700,
nasai,1720,1701,
nasai,1721,1702,
nasai,1722,1703,
nasai,1723,1704,
nasai,1725,1706,
nasai,1726,1707,
nasai,1728,2716,
nasai,1729,1710,
nasai,1730,1711,
nasai,1731,1712,
nasai,1734,1715,
nasai,1737,1718,
nasai,1739,1719,
nasai,1740,1720,
nasai,1741,1721,
nasai,1743,1723,
nasai,1744,1724,
nasai,1745,1725,
nasai,1746,1726,
nasai,1747,1727,
nasai,1748,1728,
nasai,1749,1729,
nasai,1750,1730,
nasai,1751,1731,
nasai,1752,1732,
nasai,1753,1733,
nasai,1754,1734,
nasai,1756,1735,
nasai,1758,1737,
nasai,1759,1738,
nasai,1761,1740,
nasai,1762,1741,
nasai,1763,1742,
nasai,1764,1743,
nasai,1765,1744,
nasai,1766,1745,
nasai,1767,1746,
nasai,1768,1747,
nasai,1769,1748,
nasai,1770,1749,
nasai,1771,1750,
nasai,1772,1751,
nasai,1774,1753,
nasai,1778,1757,
nasai,1779,1758,
nasai,1780,1759,
nasai,1781,1760,
nasai,1782,1761,
nasai,1783,1762,
nasai,1784,1763,
nasai,1787,1765,
nasai,1790,1767,
nasai,1792,1769,
nasai,1793,1770,
nasai,1795,1772,
nasai,1798,1775,
nasai,1799,1776,
nasai,1800,1777,
nasai,1801,1778,
nasai,1803,1780,
nasai,1804,1781,
nasai,1805,1782,
nasai,1806,1783,
nasai,1807,1784,
nasai,1808,1785,
nasai,1809,1786,
nasai,1810,1787,
nasai,1812,1789,
nasai,1813,1790,
nasai,1814,1791,
nasai,1815,1792,
nasai,1816,1793,
nasai,1817,1794,
nasai,1818,1795,
nasai,1819,1796,
nasai,1820,1797,
nasai,1823,1800,
nasai,1825,1802,
nasai,1826,1803,
nasai,1827,1804,
nasai,1828,1805,
nasai,1829,1806,
nasai,1831,1808,
nasai,1834,1811,
nasai,1835,373,
nasai,1837,1814,
nasai,1840,1817,
nasai,1841,1818,
nasai,1842,1819,
nasai,1843,1820,
nasai,1844,1821,
nasai,1846,1823,
nasai,1847,1824,
nasai,1850,1827,
nasai,1852,1829,
nasai,1854,1831,
nasai,1855,1832,
nasai,1856,1833,
nasai,1858,1835,
nasai,1859,1836,
nasai,1860,1837,
nasai,1861,1838,
nasai,1863,1840,
nasai,1864,1841,
nasai,1866,1843,
nasai,1867,1844,
nasai,1868,1845,
nasai,1871,1848,
nasai,1872,1849,
nasai,1873,1850,
nasai,1874,1851,
nasai,1875,1852,
nasai,1876,1853,
nasai,1877,1854,
nasai,1878,1855,
nasai,1881,1858,
nasai,1884,1861,
nasai,1885,1862,
nasai,1887,1864,
nasai,1889,1865,
nasai,1892,1866,
nasai,1894,1868,
nasai,1895,1869,
nasai,1896,1870,
nasai,1897,1871,
nasai,1898,1872,
nasai,1899,1873,
nasai,1902,1876,
nasai,1903,1877,
nasai,1904,1878,
nasai,1905,1879,
nasai,1906,1880,
nasai,1907,1881,
nasai,1908,1882,
nasai,1910,1884,
nasai,1911,1885,
nasai,1912,1886,
nasai,1913,1887,
nasai,1914,1888,
nasai,1917,1891,
nasai,1918,1892,
nasai,1920,1894,
nasai,1921,1895,
nasai,1922,1896,
nasai,1923,1897,
nasai,1924,1898,
nasai,1926,1900,
nasai,1927,1901,
nasai,1929,1903,
nasai,1930,1904,
nasai,1931,1905,
nasai,1932,1906,
nasai,1933,1907,
nasai,1934,1908,
nasai,1935,1909,
nasai,1936,1910,
nasai,1937,1911,
nasai,1938,1912,
nasai,1940,1914,
nasai,1943,1917,
nasai,1944,1918,
nasai,1946,1920,
nasai,1947,1921,
nasai,1948,1922,
nasai,1950,1923,
nasai,1952,1926,
nasai,1953,1927,
nasai,1954,1928,
nasai,1955,1929,
nasai,1956,1930,
nasai,1957,1931,
nasai,1958,1932,
nasai,1959,1933,
nasai,1962,1936,
nasai,1964,1938,
nasai,1966,3838,
nasai,1967,1941,
nasai,1968,1942,
nasai,1969,1943,
nasai,1970,1944,
nasai,1971,1945,
nasai,1973,1947,
nasai,1974,1948,
nasai,1975,1949,
nasai,1976,1950,
nasai,1979,1953,
nasai,1980,1954,
nasai,1981,1955,
nasai,1983,1957,
nasai,1985,1959,
nasai,1986,1960,
nasai,1987,1961,
nasai,1989,1963,
nasai,1991,1964,
nasai,1992,1965,
nasai,1993,1966,
nasai,1995,1968,
nasai,1996,1969,
nasai,1997,1970,
nasai,1998,1971,
nasai,1999,1972,
nasai,2000,1973,
nasai,2001,1974,
nasai,2002,1975,
nasai,2003,1976,
nasai,2008,1981,
nasai,2009,1982,
nasai,2010,1983,
nasai,2011,1984,
nasai,2012,1985,
nasai,2016,1989,
nasai,2017,1990,
nasai,2018,1991,
nasai,2021,1994,
nasai,2022,1995,
nasai,2023,1996,
nasai,2024,1997,
nasai,2025,1998,
nasai,2026,1999,
nasai,2027,2000,
nasai,2032,2005,
nasai,2033,2006,
nasai,2034,2007,
nasai,2036,2009,
nasai,2038,2011,
nasai,2039,2012,
nasai,2040,2013,
nasai,2043,2016,
nasai,2044,2017,
nasai,2045,2018,
nasai,2046,2019,
nasai,2047,2020,
nasai,2049,2022,
nasai,2050,2023,
nasai,2051,2024,
nasai,2053,2026,
nasai,2054,2027,
nasai,2055,2028,
nasai,2056,2029,
nasai,2058,2031,
nasai,2059,2032,
nasai,2060,2033,
nasai,2066,2039,
nasai,2068,2041,
nasai,2071,2044,
nasai,2073,2046,
nasai,2074,2047,
nasai,2076,2049,
nasai,2077,2050,
nasai,2080,2053,
nasai,2081,2054,
nasai,2082,2055,
nasai,2083,2056,
nasai,2084,2057,
nasai,2086,2059,
nasai,2087,2060,
nasai,2088,2061,
nasai,2089,2062,
nasai,2090,2063,
nasai,2091,2064,
nasai,2092,2065,
nasai,2093,2066,
nasai,2094,2067,
nasai,2096,2069,
nasai,2098,2071,
nasai,2099,2072,
nasai,2101,2074,
nasai,2104,2077,
nasai,2105,2078,
nasai,2106,2079,
nasai,2107,2080,
nasai,2109,2082,
nasai,2110,2083,
nasai,2111,2084,
nasai,2116,2087,
nasai,2117,2088,
nasai,2123,2094,
nasai,2124,2095,
nasai,2126,2097,
nasai,2129,2100,
nasai,2131,2102,
nasai,2133,2104,
nasai,2135,2106,
nasai,2138,2109,
nasai,2139,2110,
nasai,2141,2112,
nasai,2145,2116,
nasai,2147,2118,
nasai,2148,2119,
nasai,2151,2122,
nasai,2152,2123,
nasai,2154,2125,
nasai,2155,2126,
nasai,2156,2127,
nasai,2157,2128,
nasai,2160,2131,
nasai,2161,2132,
nasai,2162,2133,
nasai,2163,2134,
nasai,2164,2135,
nasai,2166,2137,
nasai,2167,2138,
nasai,2168,2139,
nasai,2169,2140,
nasai,2170,2141,
nasai,2172,2143,
nasai,2173,2144,
nasai,2174,2145,
nasai,2175,2146,
nasai,2176,2147,
nasai,2178,2149,
nasai,2180,2151,
nasai,2182,2153,
nasai,2183,2154,
nasai,2184,2155,
nasai,2185,2156,
nasai,2186,2157,
nasai,2187,2158,
nasai,2188,2159,
nasai,2189,2160,
nasai,2190,2161,
nasai,2192,2163,
nasai,2193,2164,
nasai,2195,2166,
nasai,2198,2169,
nasai,2199,2170,
nasai,2205,2176,
nasai,2206,2177,
nasai,2207,2178,
nasai,2209,2179,
nasai,2213,2183,
nasai,2214,2184,
nasai,2215,2185,
nasai,2219,2189,
nasai,2220,2190,
nasai,2221,2191,
nasai,2222,2192,
nasai,2223,2193,
nasai,2225,2195,
nasai,2228,2197,
nasai,2229,2198,
nasai,2231,2200,
nasai,2233,2201,
nasai,2234,2202,
nasai,2236,2204,
nasai,2237,2205,
nasai,2239,2207,
nasai,2241,2209,
nasai,2242,2210,
nasai,2243,2211,
nasai,2244,2212,
nasai,2245,2213,
nasai,2249,2217,
nasai,2250,2218,
nasai,2251,2219,
nasai,2252,2220,
nasai,2253,2221,
nasai,2254,2222,
nasai,2255,2223,
nasai,2256,2224,
nasai,2257,2225,
nasai,2259,2226,
nasai,2260,2227,
nasai,2261,2228,
nasai,2262,2229,
nasai,2264,2231,
nasai,2267,2232,
nasai,2270,2234,
nasai,2271,2235,
nasai,2272,2236,
nasai,2274,2237,
nasai,2276,2239,
nasai,2278,2240,
nasai,2279,2241,
nasai,2281,2243,
nasai,2282,2244,
nasai,2283,2245,
nasai,2284,2246,
nasai,2285,2247,
nasai,2286,2248,
nasai,2287,2249,
nasai,2288,2250,
nasai,2289,2251,
nasai,2290,2252,
nasai,2292,2254,
nasai,2294,2256,
nasai,2296,2257,
nasai,2297,2258,
nasai,2299,2260,
nasai,2303,2264,
nasai,2304,2265,
nasai,2305,2266,
nasai,2307,2268,
nasai,2308,2269,
nasai,2309,2270,
nasai,2310,2271,
nasai,2312,2273,
nasai,2315,2276,
nasai,2316,2277,
nasai,2317,2278,
nasai,2318,2279,
nasai,2319,2280,
nasai,2320,2281,
nasai,2321,2282,
nasai,2322,2283,
nasai,2323,2284,
nasai,2324,2285,
nasai,2326,2287,
nasai,2327,2288,
nasai,2328,2289,
nasai,2331,2291,
nasai,2333,2293,
nasai,2334,2294,
nasai,2337,2297,
nasai,2339,2299,
nasai,2340,2300,
nasai,2345,2305,
nasai,2347,2307,
nasai,2348,2308,
nasai,2349,2309,
nasai,2350,2310,
nasai,2351,2311,
nasai,2355,2315,
nasai,2356,2316,
nasai,2358,2318,
nasai,2360,2320,
nasai,2361,2321,
nasai,2362,2322,
nasai,2364,2324,
nasai,2365,2325,
nasai,2366,2326,
nasai,2368,2328,
nasai,2370,2330,
nasai,2371,2331,
nasai,2372,2332,
nasai,2373,2333,
nasai,2374,2334,
nasai,2375,2335,
nasai,2376,2336,
nasai,2377,2337,
nasai,2378,1774,
nasai,2379,2338,
nasai,2380,2339,
nasai,2382,2341,
nasai,2384,2343,
nasai,2387,2346,
nasai,2388,2347,
nasai,2390,2349,
nasai,2391,2350,
nasai,2392,2351,
nasai,2393,2352,
nasai,2396,2355,
nasai,2397,2356,
nasai,2399,2357,
nasai,2402,2360,
nasai,2404,2362,
nasai,2405,2363,
nasai,2406,2364,
nasai,2407,2365,
nasai,2409,2367,
nasai,2413,2370,
nasai,2414,2371,
nasai,2415,2372,
nasai,2416,2373,
nasai,2417,2374,
nasai,2419,2376,
nasai,2420,2377,
nasai,2421,2378,
nasai,2422,2379,
nasai,2424,2381,
nasai,2425,2382,
nasai,2426,2383,
nasai,2427,2384,
nasai,2428,2385,
nasai,2429,2386,
nasai,2433,2390,
nasai,2435,2392,
nasai,2437,2394,
nasai,2439,2396,
nasai,2440,2397,
nasai,2441,2398,
nasai,2442,2399,
nasai,2443,2400,
nasai,2444,2401,
nasai,2445,2402,
nasai,2447,2404,
nasai,2451,2408,
nasai,2454,2411,
nasai,2455,2412,
nasai,2457,2414,
nasai,2458,2415,
nasai,2461,2418,
nasai,2464,2420,
nasai,2466,2421,
nasai,2468,2423,
nasai,2470,2425,
nasai,2472,2427,
nasai,2473,2428,
nasai,2475,2430,
nasai,2476,2431,
nasai,2477,2432,
nasai,2478,2433,
nasai,2480,2434,
nasai,2481,2435,
nasai,2482,2436,
nasai,2484,2438,
nasai,2487,2441,
nasai,2488,2442,
nasai,2489,2443,
nasai,2490,2444,
nasai,2491,2445,
nasai,2493,2447,
nasai,2497,2450,
nasai,2498,2451,
nasai,2499,2452,
nasai,2500,2453,
nasai,2505,2458,
nasai,2506,2459,
nasai,2508,2461,
nasai,2509,2462,
nasai,2510,2463,
nasai,2511,2464,
nasai,2513,2466,
nasai,2514,2467,
nasai,2515,2468,
nasai,2517,2470,
nasai,2518,2471,
nasai,2519,2472,
nasai,2521,2474,
nasai,2524,2477,
nasai,2526,2479,
nasai,2528,2481,
nasai,2531,2484,
nasai,2532,2485,
nasai,2534,2487,
nasai,2535,2488,
nasai,2536,2489,
nasai,2537,2490,
nasai,2538,2491,
nasai,2540,2493,
nasai,2541,2494,
nasai,2543,2496,
nasai,2547,2500,
nasai,2549,2502,
nasai,2550,2503,
nasai,2551,2504,
nasai,2552,2505,
nasai,2553,2506,
nasai,2557,2510,
nasai,2558,2511,
nasai,2559,2512,
nasai,2560,2513,
nasai,2561,2514,
nasai,2567,2520,
nasai,2569,2522,
nasai,2571,2524,
nasai,2573,2526,
nasai,2575,2528,
nasai,2576,2529,
nasai,2579,2532,
nasai,2580,2533,
nasai,2581,2534,
nasai,2586,2539,
nasai,2587,2540,
nasai,2588,2541,
nasai,2589,2542,
nasai,2591,2544,
nasai,2592,2545,
nasai,2593,2546,
nasai,2594,2547,
nasai,2595,2548,
nasai,2597,2550,
nasai,2599,2552,
nasai,2602,2555,
nasai,2603,2556,
nasai,2604,2557,
nasai,2608,2560,
nasai,2609,2562,
nasai,2610,2563,
nasai,2611,2564,
nasai,2613,2566,
nasai,2616,2569,
nasai,2617,2570,
nasai,2618,2571,
nasai,2620,2573,
nasai,2622,2575,
nasai,2623,2576,
nasai,2625,2578,
nasai,2626,2579,
nasai,2627,2580,
nasai,2628,2581,
nasai,2629,2582,
nasai,2630,2583,
nasai,2631,2584,
nasai,2634,2587,
nasai,2635,2588,
nasai,2637,2589,
nasai,2638,2590,
nasai,2639,2591,
nasai,2644,2596,
nasai,2645,2597,
nasai,2649,2601,
nasai,2650,2602,
nasai,2651,2603,
nasai,2652,2604,
nasai,2653,2605,
nasai,2654,2606,
nasai,2655,2607,
nasai,2656,2608,
nasai,2657,2609,
nasai,2658,2610,
nasai,2659,2611,
nasai,2660,2612,
nasai,2662,2614,
nasai,2664,2616,
nasai,2665,2617,
nasai,2667,2619,
nasai,2668,2620,
nasai,2671,2623,
nasai,2672,2624,
nasai,2674,2626,
nasai,2675,2627,
nasai,2676,2628,
nasai,2678,2630,
nasai,2680,2631,
nasai,2681,2633,
nasai,2684,2636,
nasai,2685,2637,
nasai,2686,2638,
nasai,2688,2640,
nasai,2689,2641,
nasai,2690,2642,
nasai,2691,2643,
nasai,2693,2645,
nasai,2698,2650,
nasai,2700,2652,
nasai,2701,2653,
nasai,2702,2654,
nasai,2703,2655,
nasai,2704,2656,
nasai,2705,2657,
nasai,2706,2658,
nasai,2707,2659,
nasai,2708,2660,
nasai,2710,2662,
nasai,2711,2663,
nasai,2714,2666,
nasai,2715,2667,
nasai,2716,2668,
nasai,2717,2669,
nasai,2718,2670,
nasai,2720,2671,
nasai,2721,2672,
nasai,2722,2673,
nasai,2724,2674,
nasai,2725,2675,
nasai,2726,2676,
nasai,2727,2677,
nasai,2728,2678,
nasai,2729,2679,
nasai,2730,2680,
nasai,2734,2684,
nasai,2735,2685,
nasai,2738,2688,
nasai,2739,2689,
nasai,2741,2691,
nasai,2743,2693,
nasai,2744,2694,
nasai,2745,2695,
nasai,2746,2696,
nasai,2751,2701,
nasai,2752,2702,
nasai,2753,2703,
nasai,2754,2704,
nasai,2755,2705,
nasai,2756,2706,
nasai,2757,2707,
nasai,2758,2708,
nasai,2759,2709,
nasai,2761,2711,
nasai,2762,2712,
nasai,2765,2715,
nasai,2768,2718,
nasai,2770,2720,
nasai,2772,2722,
nasai,2773,2723,
nasai,2775,2725,
nasai,2776,2726,
nasai,2777,2727,
nasai,2778,2728,
nasai,2779,2729,
nasai,2780,2730,
nasai,2781,2731,
nasai,2782,2732,
nasai,2783,2733,
nasai,2784,2734,
nasai,2785,2735,
nasai,2786,2736,
nasai,2790,2740,
nasai,2793,2743,
nasai,2794,2744,
nasai,2796,2746,
nasai,2798,2748,
nasai,2800,2750,
nasai,2804,2754,
nasai,2805,2755,
nasai,2807,2757,
nasai,2808,2758,
nasai,2809,2759,
nasai,2811,2761,
nasai,2816,2766,
nasai,2819,2769,
nasai,2820,2770,
nasai,2821.2,2772,
nasai,2823,2774,
nasai,2825,2776,
nasai,2827,2778,
nasai,2831,2782,
nasai,2832,2783,
nasai,2839,2790,
nasai,2841,2792,
nasai,2842,2793,
nasai,2843,2794,
nasai,2844,2795,
nasai,2845,2796,
nasai,2846,2797,
nasai,2847,2798,
nasai,2848,2799,
nasai,2849,2800,
nasai,2850,2801,
nasai,2852,2803,
nasai,2855,2806,
nasai,2857,2808,
nasai,2858,2809,
nasai,2859,3853,
nasai,2860,2811,
nasai,2861,2812,
nasai,2862,2813,
nasai,2863,2814,
nasai,2864,2815,
nasai,2865,2816,
nasai,2866,2817,
nasai,2867,2818,
nasai,2868,2819,
nasai,2869,2820,
nasai,2870,2821,
nasai,2871,2822,
nasai,2872,2823,
nasai,2874,2825,
nasai,2877,2828,
nasai,2878,2829,
nasai,2879,2830,
nasai,2880,2831,
nasai,2881,2832,
nasai,2882,2833,
nasai,2883,2834,
nasai,2886,2837,
nasai,2887,2838,
nasai,2889,2840,
nasai,2890,2841,
nasai,2891,2842,
nasai,2892,2843,
nasai,2893,2844,
nasai,2894,2845,
nasai,2898,2849,
nasai,2899,2850,
nasai,2901,2852,
nasai,2902,2853,
nasai,2903,2854,
nasai,2904,2855,
nasai,2909,2860,
nasai,2910,2861,
nasai,2912,2863,
nasai,2913,2864,
nasai,2914,2865,
nasai,2916,2867,
nasai,2917,2868,
nasai,2918,2869,
nasai,2923,2874,
nasai,2926,2877,
nasai,2927,2878,
nasai,2928,2879,
nasai,2929,2880,
nasai,2931,2882,
nasai,2933,2884,
nasai,2934,2885,
nasai,2935,2886,
nasai,2937,2888,
nasai,2938,2889,
nasai,2942,2893,
nasai,2943,2894,
nasai,2945,2896,
nasai,2946,2897,
nasai,2947,2898,
nasai,2948,2899,
nasai,2949,2900,
nasai,2950,2901,
nasai,2951,2902,
nasai,2955,2906,
nasai,2958,2909,
nasai,2959,2910,
nasai,2960,2911,
nasai,2962,2913,
nasai,2963,2914,
nasai,2964,2915,
nasai,2965,2916,
nasai,2967,2918,
nasai,2968,2919,
nasai,2970,2921,
nasai,2973,2924,
nasai,2974,2925,
nasai,2975,2926,
nasai,2978,2928,
nasai,2979,2929,
nasai,2980,2930,
nasai,2982,2932,
nasai,2985,2935,
nasai,2986,2936,
nasai,2987,2937,
nasai,2988,2938,
nasai,2989,2939,
nasai,2990,2940,
nasai,2991,2941,
nasai,2993,2943,
nasai,2994,2944,
nasai,2996,2946,
nasai,2997,2947,
nasai,2999,2949,
nasai,3000,2950,
nasai,3001,2951,
nasai,3002,2952,
nasai,3003,2953,
nasai,3005,2955,
nasai,3006,2956,
nasai,3007,2957,
nasai,3008,2958,
nasai,3009,2959,
nasai,3010,2960,
nasai,3011,2961,
nasai,3012,2962,
nasai,3013,2963,
nasai,3014,2964,
nasai,3016,2966,
nasai,3018,2968,
nasai,3019,2969,
nasai,3020,2970,
nasai,3021,2971,
nasai,3022,2972,
nasai,3023,2973,
nasai,3024,2974,
nasai,3026,2976,
nasai,3027,2977,
nasai,3028,2978,
nasai,3029,2979,
nasai,3032,2982,
nasai,3033,2983,
nasai,3034,2984,
nasai,3036,2986,
nasai,3037,2987,
nasai,3039,2989,
nasai,3040,2990,
nasai,3041,2991,
nasai,3042,2992,
nasai,3043,2993,
nasai,3045,2995,
nasai,3046,2996,
nasai,3047,2997,
nasai,3048,2998,
nasai,3049,2999,
nasai,3051,3001,
nasai,3053,3003,
nasai,3054,3004,
nasai,3055,3005,
nasai,3056,3006,
nasai,3057,3007,
nasai,3058,3008,
nasai,3060,3010,
nasai,3061,3011,
nasai,3062,3012,
nasai,3063,3013,
nasai,3066,3016,
nasai,3068,3018,
nasai,3070,3020,
nasai,3071,3021,
nasai,3072,3022,
nasai,3073,3023,
nasai,3074,3024,
nasai,3075,3025,
nasai,3076,3026,
nasai,3077,3027,
nasai,3079,3029,
nasai,3080,3030,
nasai,3081,3031,
nasai,3082,3032,
nasai,3085,3035,
nasai,3086,3036,
nasai,3087,3037,
nasai,3091,3040,
nasai,3092,3041,
nasai,3096,3045,
nasai,3097,3046,
nasai,3098,3047,
nasai,3099,3048,
nasai,3101,3050,
nasai,3102,3051,
nasai,3103,3052,
nasai,3104,3053,
nasai,3105,3054,
nasai,3108,3057,
nasai,3110,3059,
nasai,3112,3061,
nasai,3113,3062,
nasai,3114,3063,
nasai,3117,3066,
nasai,3118,3067,
nasai,3120,3069,
nasai,3121,3070,
nasai,3124,3073,
nasai,3126,3075,
nasai,3128,3077,
nasai,3130,3079,
nasai,3132,3081,
nasai,3134,3083,
nasai,3136,3085,
nasai,3139,3088,
nasai,3140,3089,
nasai,3141,3090,
nasai,3142,3091,
nasai,3146,3095,
nasai,3148,3097,
nasai,3149,3099,
nasai,3152,3101,
nasai,3153,3102,
nasai,3155,3104,
nasai,3158,3107,
nasai,3159,3108,
nasai,3161,3110,
nasai,3173,3122,
nasai,3174,3123,
nasai,3175,3124,
nasai,3176,3125,
nasai,3177,3126,
nasai,3178,3127,
nasai,3179,3128,
nasai,3181,3130,
nasai,3182,3131,
nasai,3184,3133,
nasai,3185,3134,
nasai,3186,3135,
nasai,3187,3136,
nasai,3189,3138,
nasai,3190,3139,
nasai,3193,3142,
nasai,3194,3143,
nasai,3195,3144,
nasai,3196,3145,
nasai,3198,3147,
nasai,3201,3150,
nasai,3202,3151,
nasai,3204,3153,
nasai,3206,3155,
nasai,3208,3157,
nasai,3209,3158,
nasai,3213,3161,
nasai,3214,3162,
nasai,3215,3163,
nasai,3216,3164,
nasai,3217,3165,
nasai,3218,3166,
nasai,3219,3167,
nasai,3220,3168,
nasai,3223,3171,
nasai,3224,3172,
nasai,3225,3173,
nasai,3226,3174,
nasai,3227,3175,
nasai,3228,3176,
nasai,3229,3177,
nasai,3233,3181,
nasai,3234,3182,
nasai,3235,3183,
nasai,3236,3184,
nasai,3237,3185,
nasai,3239,3187,
nasai,3241,3189,
nasai,3242,3190,
nasai,3243,3191,
nasai,3244,3192,
nasai,3246,3194,
nasai,3248,3196,
nasai,3249,3197,
nasai,3250,3198,
nasai,3251,3199,
nasai,3253,3201,
nasai,3254,3202,
nasai,3255,3203,
nasai,3256,3204,
nasai,3257,3205,
nasai,3258,3206,
nasai,3259,3207,
nasai,3260,3208,
nasai,3262,3210,
nasai,3264,3212,
nasai,3265,3213,
nasai,3266,3214,
nasai,3269,3217,
nasai,3271,3219,
nasai,3272,3220,
nasai,3273,3221,
nasai,3274,3222,
nasai,3276,3224,
nasai,3277,3225,
nasai,3278,3226,
nasai,3279,3227,
nasai,3280,3228,
nasai,3282,3230,
nasai,3284,3232,
nasai,3287,3235,
nasai,3289,3237,
nasai,3290,3238,
nasai,3293,3241,
nasai,3294,3242,
nasai,3295,3243,
nasai,3296,3244,
nasai,3298,3246,
nasai,3299,3247,
nasai,3300,3248,
nasai,3302,3250,
nasai,3303,3251,
nasai,3304,3252,
nasai,3305,3253,
nasai,3308,3256,
nasai,3309,3257,
nasai,3310,3258,
nasai,3311,3259,
nasai,3314,3262,
nasai,3315,3263,
nasai,3316,3264,
nasai,3317,3265,
nasai,3318,3266,
nasai,3321,3269,
nasai,3322,3270,
nasai,3323,3271,
nasai,3325,3273,
nasai,3327,3275,
nasai,3328,3276,
nasai,3329,3277,
nasai,3330,3278,
nasai,3331,3279,
nasai,3332,3280,
nasai,3333,3281,
nasai,3335,3283,
nasai,3336,3284,
nasai,3338,3286,
nasai,3339,3287,
nasai,3340,3288,
nasai,3341,3289,
nasai,3342,3290,
nasai,3344,3292,
nasai,3345,3293,
nasai,3346,3294,
nasai,3347,3295,
nasai,3348,3296,
nasai,3349,3297,
nasai,3350,3298,
nasai,3352,3300,
nasai,3353,3301,
nasai,3354,3302,
nasai,3355,3303,
nasai,3357,3304,
nasai,3358,3305,
nasai,3361,3308,
nasai,3362,3309,
nasai,3365,3312,
nasai,3367,3314,
nasai,3368,3315,
nasai,3369,3316,
nasai,3371,3318,
nasai,3372,3319,
nasai,3374,3321,
nasai,3376,3323,
nasai,3377,3324,
nasai,3378,3325,
nasai,3379,3326,
nasai,3380,3327,
nasai,3381,3328,
nasai,3382,3329,
nasai,3383,3330,
nasai,3384,3331,
nasai,3386,3333,
nasai,3387,3334,
nasai,3388,3335,
nasai,3389,3336,
nasai,3391,3338,
nasai,3392,3339,
nasai,3394,3341,
nasai,3395,3342,
nasai,3398,3345,
nasai,3399,3346,
nasai,3401,3348,
nasai,3403,3350,
nasai,3405,3352,
nasai,3406,3353,
nasai,3408,3355,
nasai,3410,3357,
nasai,3411,3358,
nasai,3412,3359,
nasai,3413,3360,
nasai,3416,3363,
nasai,3419,3365,
nasai,3420,3366,
nasai,3421,3367,
nasai,3422,3368,
nasai,3423,3369,
nasai,3426,3372,
nasai,3427,3373,
nasai,3430,3376,
nasai,3432,3378,
nasai,3433,3379,
nasai,3434,3380,
nasai,3435,3381,
nasai,3437,3383,
nasai,3440,3386,
nasai,3441,3387,
nasai,3443,3389,
nasai,3445,3391,
nasai,3446,3392,
nasai,3448,3394,
nasai,3449,3395,
nasai,3451,3397,
nasai,3452,3398,
nasai,3453,3399,
nasai,3454,3400,
nasai,3455,3401,
nasai,3457,3403,
nasai,3459,3405,
nasai,3460,3406,
nasai,3461,3407,
nasai,3463,3409,
nasai,3464,3410,
nasai,3465,3411,
nasai,3466,3412,
nasai,3467,3413,
nasai,3468,3414,
nasai,3469,3415,
nasai,3471,3417,
nasai,3472,3418,
nasai,3474,3420,
nasai,3475,3421,
nasai,3476,3422,
nasai,3477,3423,
nasai,3478,3424,
nasai,3480,3426,
nasai,3481,3427,
nasai,3482,3428,
nasai,3483,3429,
nasai,3485,3431,
nasai,3486,3432,
nasai,3487,3433,
nasai,3488,3434,
nasai,3490,3435,
nasai,3494,3437,
nasai,3497,3440,
nasai,3499,3442,
nasai,3500,3443,
nasai,3502,3445,
nasai,3504,3447,
nasai,3507,3449,
nasai,3508,3450,
nasai,3511,3453,
nasai,3512,3454,
nasai,3514,3456,
nasai,3515,3457,
nasai,3517,3459,
nasai,3522,3464,
nasai,3524,3466,
nasai,3525,3467,
nasai,3526,3468,
nasai,3528,3470,
nasai,3530,3472,
nasai,3531,3473,
nasai,3532,3474,
nasai,3533.2,3476,
nasai,3533.3,3477,
nasai,3534,3478,
nasai,3535,3479,
nasai,3536,3480,
nasai,3540,3484,
nasai,3541,3485,
nasai,3542,3486,
nasai,3543,3487,
nasai,3544,3488,
nasai,3546,3490,
nasai,3547,3491,
nasai,3548,3492,
nasai,3549,3493,
nasai,3552,3496,
nasai,3553,3497,
nasai,3554,3498,
nasai,3556,3500,
nasai,3557,3501,
nasai,3558,3502,
nasai,3559,3503,
nasai,3560,3504,
nasai,3561,3505,
nasai,3564,3508,
nasai,3565,3509,
nasai,3568,3512,
nasai,3569,3513,
nasai,3571,3515,
nasai,3574,3518,
nasai,3575,3519,
nasai,3576,3520,
nasai,3577,3521,
nasai,3578,3522,
nasai,3579,3523,
nasai,3580,3524,
nasai,3581,3525,
nasai,3583,3527,
nasai,3585,3529,
nasai,3586,3530,
nasai,3587,3531,
nasai,3588,3532,
nasai,3589,3533,
nasai,3594,3538,
nasai,3596,3540,
nasai,3598,3541,
nasai,3599,3542,
nasai,3601,3544,
nasai,3602,3545,
nasai,3603,3546,
nasai,3604,3547,
nasai,3605,3548,
nasai,3606,3549,
nasai,3607,3550,
nasai,3608,3551,
nasai,3609,3552,
nasai,3611,3553,
nasai,3613,3555,
nasai,3615,3557,
nasai,3619,3560,
nasai,3620,3561,
nasai,3621,3562,
nasai,3622,3563,
nasai,3623,3564,
nasai,3624,3565,
nasai,3625,3566,
nasai,3626,3567,
nasai,3627,3568,
nasai,3630,3570,
nasai,3631,3571,
nasai,3632,3572,
nasai,3633,3573,
nasai,3634,3574,
nasai,3635,3575,
nasai,3637,3577,
nasai,3638,3578,
nasai,3639,3579,
nasai,3640,3580,
nasai,3641,3581,
nasai,3642,3582,
nasai,3643,3583,
nasai,3644,3584,
nasai,3646,3586,
nasai,3647,3587,
nasai,3648,3588,
nasai,3649,3589,
nasai,3650,3590,
nasai,3651,3591,
nasai,3652,3592,
nasai,3653,3593,
nasai,3654,3594,
nasai,3655,3595,
nasai,3657,3597,
nasai,3658,3598,
nasai,3662,3602,
nasai,3663,3603,
nasai,3664,3604,
nasai,3665,3605,
nasai,3666,3606,
nasai,3667,3607,
nasai,3668,3608,
nasai,3669,3609,
nasai,3670,3610,
nasai,3674,3614,
nasai,3675,3615,
nasai,3676,3616,
nasai,3677,3617,
nasai,3679,3619,
nasai,3680,3620,
nasai,3681,3621,
nasai,3682,3622,
nasai,3683,3623,
nasai,3685,3625,
nasai,3687,3627,
nasai,3690,3630,
nasai,3691,3631,
nasai,3693,3633,
nasai,3694,3634,
nasai,3697,3637,
nasai,3698,3638,
nasai,3699,3639,
nasai,3700,3640,
nasai,3701,3641,
nasai,3703,3643,
nasai,3705,3645,
nasai,3706,3646,
nasai,3707,3647,
nasai,3708,3648,
nasai,3710,3650,
nasai,3711,3651,
nasai,3714,3654,
nasai,3715,3655,
nasai,3717,3657,
nasai,3718,3658,
nasai,3721,3661,
nasai,3722,3662,
nasai,3723,3663,
nasai,3724,3664,
nasai,3725,3665,
nasai,3727,3667,
nasai,3730,3865,
nasai,3731,3671,
nasai,3732,3672,
nasai,3733,3673,
nasai,3734,3674,
nasai,3735,3675,
nasai,3736,3676,
nasai,3737,3677,
nasai,3738,3678,
nasai,3739,3679,
nasai,3740,3680,
nasai,3741,3681,
nasai,3742,3682,
nasai,3743,3683,
nasai,3746,3686,
nasai,3747,3687,
nasai,3748,3688,
nasai,3750,3690,
nasai,3751,3691,
nasai,3752,3692,
nasai,3753,3693,
nasai,3756,3696,
nasai,3757,3697,
nasai,3758,3698,
nasai,3759,3699,
nasai,3760,3700,
nasai,3761,3701,
nasai,3762,3702,
nasai,3763,3703,
nasai,3764,3704,
nasai,3765,3705,
nasai,3766,3706,
nasai,3767,3707,
nasai,3768,3708,
nasai,3769,3709,
nasai,3770,3710,
nasai,3771,3711,
nasai,3772,3712,
nasai,3776,3716,
nasai,3779,3719,
nasai,3780,3720,
nasai,3781,3721,
nasai,3783,3723,
nasai,3784,3724,
nasai,3785,3725,
nasai,3786,3726,
nasai,3788,3728,
nasai,3789,3729,
nasai,3790,3730,
nasai,3791,3731,
nasai,3792,3732,
nasai,3793,3733,
nasai,3794,3734,
nasai,3796,3736,
nasai,3798,3738,
nasai,3799,3739,
nasai,3800,3740,
nasai,3801,3741,
nasai,3805,3745,
nasai,3806,3746,
nasai,3808,3748,
nasai,3810,3750,
nasai,3813,3753,
nasai,3814,3754,
nasai,3815,3755,
nasai,3816,3756,
nasai,3817,3757,
nasai,3819,3759,
nasai,3820,3760,
nasai,3823,3763,
nasai,3824,3764,
nasai,3825,3765,
nasai,3829,3769,
nasai,3830,3770,
nasai,3831,3771,
nasai,3832,3772,
nasai,3836,3776,
nasai,3837,3777,
nasai,3838,3778,
nasai,3839,3779,
nasai,3840,3780,
nasai,3841,3781,
nasai,3842,3782,
nasai,3844,3784,
nasai,3846,3786,
nasai,3847,3787,
nasai,3848,3788,
nasai,3849,3789,
nasai,3850,3790,
nasai,3851,3791,
nasai,3852,3792,
nasai,3856,3796,
nasai,3939,3878,
nasai,3940,3879,
nasai,3943,3882,
nasai,3944,3883,
nasai,3946,3884,
nasai,3948,3886,
nasai,3949,3887,
nasai,3950,3888,
nasai,3951,3889,
nasai,3952,3890,
nasai,3954,3892,
nasai,3957,3895,
nasai,3958,3896,
nasai,3959,3897,
nasai,3960,3898,
nasai,3961,3899,
nasai,3962,3900,
nasai,3963,3901,
nasai,3964,3902,
nasai,3966,3903,
nasai,3968,3905,
nasai,3969,3906,
nasai,3970,3907,
nasai,3971,3908,
nasai,3974,3911,
nasai,3975,3912,
nasai,3976,3913,
nasai,3979,3916,
nasai,3983,3918,
nasai,3984,3919,
nasai,3985,3920,
nasai,3986,3921,
nasai,3987,3922,
nasai,3988,3923,
nasai,3989,3924,
nasai,3990,3925,
nasai,3991,3926,
nasai,3992,3927,
nasai,3996,3931,
nasai,3997,3932,
nasai,3998,3933,
nasai,4000,3935,
nasai,4003,3938,
nasai,4004,3939,
nasai,4005,3940,
nasai,4006,3941,
nasai,4007,3942,
nasai,4008,3943,
nasai,4009,3944,
nasai,4011,3946,
nasai,4012,3947,
nasai,4014,3949,
nasai,4015,3950,
nasai,4016,3951,
nasai,4019,3953,
nasai,4020,3954,
nasai,4023,3957,
nasai,4024,3958,
nasai,4025,3959,
nasai,4027,3960,
nasai,4029,3962,
nasai,4031,3964,
nasai,4032,3965,
nasai,4034,3966,
nasai,4037,3969,
nasai,4038,3970,
nasai,4039,3971,
nasai,4041,3973,
nasai,4043,3975,
nasai,4044,3976,
nasai,4046,3978,
nasai,4048,3980,
nasai,4051,3983,
nasai,4052,3984,
nasai,4053,3985,
nasai,4054,3986,
nasai,4055,3987,
nasai,4056,3988,
nasai,4057,3989,
nasai,4058,3990,
nasai,4061,3993,
nasai,4063,3995,
nasai,4064,3996,
nasai,4065,3994,
nasai,4066,3998,
nasai,4067,3999,
nasai,4069,4001,
nasai,4070,4002,
nasai,4071,4003,
nasai,4073,4005,
nasai,4074,4006,
nasai,4075,4007,
nasai,4077,4009,
nasai,4078,4010,
nasai,4079,4011,
nasai,4080,4012,
nasai,4081,4013,
nasai,4082,4014,
nasai,4083,4015,
nasai,4085,4017,
nasai,4086,4018,
nasai,4087,4019,
nasai,4089,4021,
nasai,4090,4022,
nasai,4091,4023,
nasai,4092,4024,
nasai,4093,4025,
nasai,4095,4027,
nasai,4098,4029,
nasai,4099,4030,
nasai,4103,4034,
nasai,4104,4035,
nasai,4106,4037,
nasai,4107,4038,
nasai,4108,4039,
nasai,4111,4042,
nasai,4113,4044,
nasai,4114,4045,
nasai,4115,4046,
nasai,4116,4047,
nasai,4117,4048,
nasai,4118,4049,
nasai,4119,4050,
nasai,4120,4051,
nasai,4121,4052,
nasai,4122,4053,
nasai,4123,4054,
nasai,4124,4055,
nasai,4126,4057,
nasai,4127,4058,
nasai,4129,4060,
nasai,4130,4061,
nasai,4131,4062,
nasai,4132,4063,
nasai,4133,4064,
nasai,4134,4065,
nasai,4135,4066,
nasai,4139,4070,
nasai,4140,4071,
nasai,4143,4074,
nasai,4145,4076,
nasai,4146,4077,
nasai,4147,4078,
nasai,4148,4079,
nasai,4149,4080,
nasai,4150,3416,
nasai,4152,4082,
nasai,4153,4083,
nasai,4155,4085,
nasai,4157,4087,
nasai,4158,4088,
nasai,4159,4089,
nasai,4162,4092,
nasai,4163,4093,
nasai,4164,4094,
nasai,4166,4096,
nasai,4167,4097,
nasai,4168,4098,
nasai,4169,4099,
nasai,4170,4100,
nasai,4171,4101,
nasai,4172,4102,
nasai,4173,4103,
nasai,4174,4104,
nasai,4175,4105,
nasai,4177,4106,
nasai,4178,4107,
nasai,4179,4108,
nasai,4180,4109,
nasai,4182,4111,
nasai,4183,4112,
nasai,4185,4114,
nasai,4186,4115,
nasai,4187,4116,
nasai,4190,4119,
nasai,4191,4120,
nasai,4193,4122,
nasai,4194,4123,
nasai,4195,4124,
nasai,4197,4126,
nasai,4198,4127,
nasai,4200,4129,
nasai,4201,4130,
nasai,4204,4133,
nasai,4205,4134,
nasai,4206,4135,
nasai,4207,4136,
nasai,4208,4137,
nasai,4209,4138,
nasai,4211,4140,
nasai,4213,4142,
nasai,4214,4143,
nasai,4216,4145,
nasai,4217,4146,
nasai,4220,4149,
nasai,4222,4150,
nasai,4224,4152,
nasai,4225,4153,
nasai,4227,3596,
nasai,4228,4155,
nasai,4229,4156,
nasai,4230,4157,
nasai,4231,4158,
nasai,4232,4159,
nasai,4236,4163,
nasai,4237,4164,
nasai,4238,4165,
nasai,4239,4166,
nasai,4240,4167,
nasai,4241,4168,
nasai,4246,4173,
nasai,4247,4174,
nasai,4249,4176,
nasai,4250,4177,
nasai,4251,4178,
nasai,4252,4179,
nasai,4253,4180,
nasai,4254,4181,
nasai,4257,4184,
nasai,4259,4186,
nasai,4260,4187,
nasai,4261,4188,
nasai,4262,4189,
nasai,4263,4190,
nasai,4264,4191,
nasai,4265,4192,
nasai,4266,4193,
nasai,4267,4194,
nasai,4268,4195,
nasai,4269,4196,
nasai,4270,4197,
nasai,4272,4198,
nasai,4273,4199,
nasai,4274,4200,
nasai,4276,4202,
nasai,4277,4203,
nasai,4279,4205,
nasai,4280,4206,
nasai,4281,4207,
nasai,4282,4208,
nasai,4283,4209,
nasai,4284,4210,
nasai,4285,4211,
nasai,4287,4213,
nasai,4288,4214,
nasai,4289,4215,
nasai,4291,4217,
nasai,4292,4218,
nasai,4293,4219,
nasai,4294,4220,
nasai,4295,4221,
nasai,4296,4222,
nasai,4297,4223,
nasai,4298,4224,
nasai,4299,4225,
nasai,4301,4227,
nasai,4303,4229,
nasai,4305,4231,
nasai,4306,4232,
nasai,4307,4233,
nasai,4308,4234,
nasai,4309,4235,
nasai,4310,4236,
nasai,4311,4237,
nasai,4312,4238,
nasai,4313,4239,
nasai,4314,4240,
nasai,4315,4241,
nasai,4316,4242,
nasai,4318,4244,
nasai,4319,4245,
nasai,4320,4246,
nasai,4323,4249,
nasai,4324,4250,
nasai,4325,4251,
nasai,4327,4253,
nasai,4328,4254,
nasai,4329,4255,
nasai,4330,4256,
nasai,4331,4257,
nasai,4332,4258,
nasai,4333,4259,
nasai,4334,4260,
nasai,4335,4261,
nasai,4337,4262,
nasai,4338,4263,
nasai,4341,4266,
nasai,4342,4267,
nasai,4343,4268,
nasai,4344,4269,
nasai,4345,4270,
nasai,4346,4271,
nasai,4347,4272,
nasai,4348,4273,
nasai,4349,4274,
nasai,4350,4275,
nasai,4351,4276,
nasai,4352,4277,
nasai,4353,4278,
nasai,4354,4279,
nasai,4355,4280,
nasai,4357,4282,
nasai,4360,4284,
nasai,4361,4285,
nasai,4362,4286,
nasai,4363,4287,
nasai,4367,4291,
nasai,4368,4292,
nasai,4369,4293,
nasai,4370,4294,
nasai,4371,4295,
nasai,4372,4296,
nasai,4373,4297,
nasai,4374,4298,
nasai,4375,4299,
nasai,4377,4301,
nasai,4378,4302,
nasai,4380,4304,
nasai,4381,4305,
nasai,4382,4306,
nasai,4383,4307,
nasai,4385,4309,
nasai,4386,4310,
nasai,4387,4311,
nasai,4388,4312,
nasai,4389,4313,
nasai,4390,4314,
nasai,4391,4315,
nasai,4392,4316,
nasai,4393,4317,
nasai,4394,4318,
nasai,4395,4319,
nasai,4397,4321,
nasai,4398,4322,
nasai,4399,4323,
nasai,4401,4325,
nasai,4402,4326,
nasai,4403,4327,
nasai,4404,4328,
nasai,4405,4329,
nasai,4406,4330,
nasai,4407,4331,
nasai,4408,4332,
nasai,4409,4333,
nasai,4410,4334,
nasai,4411,4335,
nasai,4412,4336,
nasai,4414,4338,
nasai,4415,4339,
nasai,4416,4340,
nasai,4417,4341,
nasai,4418,4342,
nasai,4420,4344,
nasai,4421,4345,
nasai,4422,4346,
nasai,4423,4347,
nasai,4424,4348,
nasai,4425,4349,
nasai,4427,4351,
nasai,4428,4352,
nasai,4429,4353,
nasai,4430,4354,
nasai,4431,4355,
nasai,4432,4356,
nasai,4433,4357,
nasai,4434,4358,
nasai,4436,4360,
nasai,4438,4362,
nasai,4439,4363,
nasai,4440,4364,
nasai,4441,4365,
nasai,4442,4366,
nasai,4443,4367,
nasai,4444,4368,
nasai,4445,4369,
nasai,4446,4370,
nasai,4447,4371,
nasai,4448,4372,
nasai,4449,4373,
nasai,4452,4376,
nasai,4453,4377,
nasai,4454,4378,
nasai,4455,4379,
nasai,4456,4380,
nasai,4457,4381,
nasai,4458,4382,
nasai,4459,4383,
nasai,4460,4384,
nasai,4461,4385,
nasai,4462,4386,
nasai,4463,4387,
nasai,4464,4388,
nasai,4466,4390,
nasai,4467,4391,
nasai,4468,4392,
nasai,4470,4394,
nasai,4473,4397,
nasai,4474,4398,
nasai,4477,4399,
nasai,4478,4402,
nasai,4479,4403,
nasai,4480,4404,
nasai,4482,4406,
nasai,4483,4407,
nasai,4484,4408,
nasai,4485,4409,
nasai,4486,4410,
nasai,4488,4412,
nasai,4489,4413,
nasai,4490,4414,
nasai,4491,4415,
nasai,4492,4416,
nasai,4493,4417,
nasai,4496,4420,
nasai,4497,4421,
nasai,4499,4423,
nasai,4500,4424,
nasai,4501,4425,
nasai,4502,4426,
nasai,4503,4427,
nasai,4504,4428,
nasai,4505,4429,
nasai,4506,4430,
nasai,4507,4431,
nasai,4508,4432,
nasai,4510,4434,
nasai,4511,4435,
nasai,4512,4436,
nasai,4513,4437,
nasai,4516,4440,
nasai,4519,4443,
nasai,4521,4445,
nasai,4522,4446,
nasai,4523,4447,
nasai,4524,4448,
nasai,4528,4452,
nasai,4530,4454,
nasai,4531,4455,
nasai,4533,4457,
nasai,4534,4458,
nasai,4535,4459,
nasai,4536,4460,
nasai,4539,4463,
nasai,4541,4465,
nasai,4543,4467,
nasai,4544,4468,
nasai,4545,4469,
nasai,4546,4470,
nasai,4548,4472,
nasai,4549,4473,
nasai,4550,4474,
nasai,4551,4475,
nasai,4552,4476,
nasai,4554,4478,
nasai,4555,4479,
nasai,4557,4481,
nasai,4558,4482,
nasai,4559,4483,
nasai,4561,4485,
nasai,4562,4486,
nasai,4563,4487,
nasai,4565,4489,
nasai,4566,4490,
nasai,4567,4491,
nasai,4568,4492,
nasai,4569,4493,
nasai,4570,4494,
nasai,4571,4495,
nasai,4572,4496,
nasai,4573,4497,
nasai,4574,4498,
nasai,4575,4499,
nasai,4577,4501,
nasai,4578,4502,
nasai,4580,4504,
nasai,4581,4505,
nasai,4582,4506,
nasai,4583,4507,
nasai,4584,4508,
nasai,4585,4509,
nasai,4590,4513,
nasai,4591,4514,
nasai,4592,4515,
nasai,4593,4516,
nasai,4596,4519,
nasai,4597,4520,
nasai,4599,4521,
nasai,4601,4523,
nasai,4602,4451,
nasai,4603,4524,
nasai,4604,4525,
nasai,4608,4529,
nasai,4609,4530,
nasai,4610,4531,
nasai,4611,4532,
nasai,4612,4533,
nasai,4613,4534,
nasai,4614,4535,
nasai,4616,4537,
nasai,4618,4539,
nasai,4619,4540,
nasai,4620,4541,
nasai,4622,4543,
nasai,4623,4544,
nasai,4625,4546,
nasai,4627,4548,
nasai,4629,4550,
nasai,4631,4552,
nasai,4632,4553,
nasai,4633,4554,
nasai,4634,4555,
nasai,4636,4557,
nasai,4637,4558,
nasai,4638,4559,
nasai,4639,4560,
nasai,4640,4561,
nasai,4642,4563,
nasai,4644,4565,
nasai,4646,4567,
nasai,4647,4568,
nasai,4648,4569,
nasai,4649,4570,
nasai,4651,4572,
nasai,4653,4574,
nasai,4654,4575,
nasai,4655,4576,
nasai,4656,4577,
nasai,4658,4579,
nasai,4659,4580,
nasai,4660,4581,
nasai,4661,4582,
nasai,4662,4583,
nasai,4663,4584,
nasai,4664,4585,
nasai,4665,4586,
nasai,4666,4587,
nasai,4668,4589,
nasai,4670,4591,
nasai,4671,4592,
nasai,4672,4593,
nasai,4673,4594,
nasai,4674,4595,
nasai,4675,4596,
nasai,4676,4597,
nasai,4677,4598,
nasai,4679,4600,
nasai,4680,4601,
nasai,4681,4602,
nasai,4682,4603,
nasai,4683,4604,
nasai,4684,4605,
nasai,4685,4606,
nasai,4686,4607,
nasai,4687,4608,
nasai,4688,4609,
nasai,4689,4610,
nasai,4690,4611,
nasai,4691,4612,
nasai,4693,4614,
nasai,4694,4615,
nasai,4695,4616,
nasai,4696,4617,
nasai,4697,4618,
nasai,4698,4619,
nasai,4700,4621,
nasai,4702,4623,
nasai,4703,4624,
nasai,4704,4625,
nasai,4705,4626,
nasai,4706,4627,
nasai,4707,4628,
nasai,4708,4629,
nasai,4711,4632,
nasai,4712,4633,
nasai,4713,4634,
nasai,4714,4635,
nasai,4715,4636,
nasai,4716,4637,
nasai,4717,4638,
nasai,4720,4641,
nasai,4722,4643,
nasai,4723,4644,
nasai,4724,4645,
nasai,4726,4646,
nasai,4728,4647,
nasai,4729,4648,
nasai,4730,4649,
nasai,4731,4650,
nasai,4732,4651,
nasai,4733,4652,
nasai,4734,4653,
nasai,4735,4654,
nasai,4736,4655,
nasai,4738,4657,
nasai,4739,4658,
nasai,4740,4659,
nasai,4742,4661,
nasai,4744,4663,
nasai,4745,4664,
nasai,4747,4666,
nasai,4748,4667,
nasai,4749,4668,
nasai,4751,4670,
nasai,4752,4671,
nasai,4754,4673,
nasai,4755,4674,
nasai,4756,4675,
nasai,4757,4676,
nasai,4758,4677,
nasai,4759,4678,
nasai,4763,4682,
nasai,4765,4684,
nasai,4767,4686,
nasai,4769,4688,
nasai,4771,4689,
nasai,4772,4690,
nasai,4773,4691,
nasai,4774,4692,
nasai,4775,4693,
nasai,4776,4694,
nasai,4777,4695,
nasai,4778,4696,
nasai,4779,4697,
nasai,4780,4698,
nasai,4781,4699,
nasai,4782,4700,
nasai,4783,4701,
nasai,4784,4702,
nasai,4785,4703,
nasai,4786,4704,
nasai,4788,4706,
nasai,4789,4707,
nasai,4790,4708,
nasai,4792,4710,
nasai,4793,4711,
nasai,4794,4712,
nasai,4795,4713,
nasai,4797,4715,
nasai,4798,4716,
nasai,4800,4718,
nasai,4803,4721,
nasai,4804,4722,
nasai,4805,4723,
nasai,4806,4724,
nasai,4808,4726,
nasai,4809,4727,
nasai,4810,4728,
nasai,4811,4729,
nasai,4812,4730,
nasai,4813,4731,
nasai,4814,4732,
nasai,4815,4733,
nasai,4816,4734,
nasai,4817,4735,
nasai,4818,4736,
nasai,4821,4739,
nasai,4822,4740,
nasai,4827,4745,
nasai,4828,4746,
nasai,4829,4747,
nasai,4830,4748,
nasai,4832,4749,
nasai,4833,4750,
nasai,4834,4751,
nasai,4836,4753,
nasai,4837,4754,
nasai,4838,4755,
nasai,4840,4757,
nasai,4841,4758,
nasai,4842,4759,
nasai,4843,4760,
nasai,4845,4762,
nasai,4846,4763,
nasai,4847,4764,
nasai,4848,4765,
nasai,4850,4767,
nasai,4851,4768,
nasai,4852,4769,
nasai,4853,4770,
nasai,4854,4771,
nasai,4856,4773,
nasai,4858,4775,
nasai,4859,4776,
nasai,4862,4779,
nasai,4863,4780,
nasai,4865,4782,
nasai,4866,4783,
nasai,4867,4784,
nasai,4868,4785,
nasai,4869,4786,
nasai,4871,4788,
nasai,4872,4789,
nasai,4873,4790,
nasai,4874,4791,
nasai,4875,4792,
nasai,4876,4793,
nasai,4877,4794,
nasai,4878,4795,
nasai,4879,4796,
nasai,4880,4797,
nasai,4882,4799,
nasai,4883,4800,
nasai,4885,4802,
nasai,4887,4804,
nasai,4888,4805,
nasai,4889,4806,
nasai,4890,4807,
nasai,4891,4808,
nasai,4892,4809,
nasai,4894,4810,
nasai,4895,4811,
nasai,4896,4812,
nasai,4897,4813,
nasai,4898,4814,
nasai,4899,4815,
nasai,4900,4816,
nasai,4901,4817,
nasai,4904,4820,
nasai,4905,4821,
nasai,4908,4824,
nasai,4909,4825,
nasai,4910,4826,
nasai,4911,4827,
nasai,4912,4828,
nasai,4913,4829,
nasai,4914,4830,
nasai,4915,4831,
nasai,4916,4832,
nasai,4920,4836,
nasai,4921,4837,
nasai,4922,4838,
nasai,4923,4839,
nasai,4924,4840,
nasai,4925,4841,
nasai,4926,4842,
nasai,4928,4844,
nasai,4931,4846,
nasai,4932,4847,
nasai,4934,4849,
nasai,4935,4850,
nasai,4936,4851,
nasai,4937,4852,
nasai,4939,4854,
nasai,4940,4855,
nasai,4941,4856,
nasai,4942,4857,
nasai,4943,4858,
nasai,4945,4860,
nasai,4946,4861,
nasai,4947,4862,
nasai,4948,4863,
nasai,4949,4864,
nasai,4950,4865,
nasai,4951,4866,
nasai,4952,3967,
nasai,4953,4867,
nasai,4954,4868,
nasai,4956,4870,
nasai,4957,4871,
nasai,4958,4872,
nasai,4959,4873,
nasai,4960,4874,
nasai,4961,4875,
nasai,4962,4876,
nasai,4963,4877,
nasai,4966,4880,
nasai,4967,4881,
nasai,4968,4882,
nasai,4969,4883,
nasai,4970,4884,
nasai,4971,4885,
nasai,4972,4886,
nasai,4974,4888,
nasai,4975,4889,
nasai,4976,4890,
nasai,4977,4891,
nasai,4978,4892,
nasai,4979,4893,
nasai,4980,4894,
nasai,4981,4895,
nasai,4982,4896,
nasai,4983,4897,
nasai,4984,4898,
nasai,4985,4899,
nasai,4986,4900,
nasai,4987,4901,
nasai,4988,4902,
nasai,4989,4903,
nasai,4990,4904,
nasai,4991,4905,
nasai,4992,4906,
nasai,4993,4907,
nasai,4994,4908,
nasai,4995,4909,
nasai,4996,4910,
nasai,4997,4911,
nasai,4998,4912,
nasai,4999,4913,
nasai,5002,4916,
nasai,5003,4917,
nasai,5004,4918,
nasai,5006,4920,
nasai,5007,4921,
nasai,5009,4923,
nasai,5010,4924,
nasai,5011,4925,
nasai,5012,4926,
nasai,5013,4927,
nasai,5014,4928,
nasai,5015,4929,
nasai,5016,4930,
nasai,5017,4931,
nasai,5018,4932,
nasai,5019,5472,
nasai,5020,4934,
nasai,5021,4935,
nasai,5022,4936,
nasai,5023,4937,
nasai,5024,4938,
nasai,5025,4939,
nasai,5026,4940,
nasai,5027,4941,
nasai,5028,4942,
nasai,5029,4943,
nasai,5030,4944,
nasai,5031,4945,
nasai,5032,4946,
nasai,5033,4947,
nasai,5034,4948,
nasai,5035,4949,
nasai,5036,4950,
nasai,5037,4951,
nasai,5038,4952,
nasai,5039,4953,
nasai,5040,4954,
nasai,5042,4956,
nasai,5043,4957,
nasai,5044,4958,
nasai,5046,4960,
nasai,5049,4963,
nasai,5050,4964,
nasai,5052,4966,
nasai,5053,4967,
nasai,5054,4968,
nasai,5055,4969,
nasai,5056,4970,
nasai,5057,4971,
nasai,5058,4972,
nasai,5059,4973,
nasai,5061,4975,
nasai,5063,4977,
nasai,5064,4978,
nasai,5065,4979,
nasai,5066,4980,
nasai,5067,4981,
nasai,5068,4982,
nasai,5069,4983,
nasai,5070,2449,
nasai,5071,4984,
nasai,5072,4985,
nasai,5073,4986,
nasai,5074,4987,
nasai,5075,4988,
nasai,5077,4990,
nasai,5078,4991,
nasai,5079,4992,
nasai,5080,4993,
nasai,5081,4994,
nasai,5083,4996,
nasai,5084,4997,
nasai,5085,4998,
nasai,5089,5002,
nasai,5090,5003,
nasai,5091,5004,
nasai,5092,5005,
nasai,5094,5007,
nasai,5095,5008,
nasai,5096,5009,
nasai,5097,5010,
nasai,5099,5011,
nasai,5102,5013,
nasai,5103,5014,
nasai,5104,5015,
nasai,5105,5016,
nasai,5106,5017,
nasai,5107,5018,
nasai,5108,5019,
nasai,5109,5020,
nasai,5110,5021,
nasai,5112,5023,
nasai,5113,5024,
nasai,5115,5026,
nasai,5116,5027,
nasai,5117,5028,
nasai,5118,5029,
nasai,5119,5030,
nasai,5120,5031,
nasai,5124,5034,
nasai,5125,5035,
nasai,5126,5036,
nasai,5127,5037,
nasai,5128,5038,
nasai,5129,5039,
nasai,5130,5040,
nasai,5131,5041,
nasai,5132,5042,
nasai,5133,5043,
nasai,5134,5044,
nasai,5135,5045,
nasai,5136,5046,
nasai,5137,5047,
nasai,5140,5220,
nasai,5142,5051,
nasai,5143,5052,
nasai,5146,5055,
nasai,5147,5056,
nasai,5148,5057,
nasai,5149,5058,
nasai,5151,5060,
nasai,5152,5061,
nasai,5153,5062,
nasai,5154,5063,
nasai,5155,5064,
nasai,5156,5065,
nasai,5157,5066,
nasai,5159,5068,
nasai,5160,5069,
nasai,5161,5070,
nasai,5162,5071,
nasai,5163,5072,
nasai,5165,5074,
nasai,5166,5075,
nasai,5169,5078,
nasai,5170,5079,
nasai,5171,5080,
nasai,5172,5081,
nasai,5173,5082,
nasai,5174,5083,
nasai,5175,5084,
nasai,5176,5085,
nasai,5177,5086,
nasai,5178,5087,
nasai,5179,5088,
nasai,5181,5090,
nasai,5183,5091,
nasai,5184,5092,
nasai,5185,5093,
nasai,5186,5094,
nasai,5187,5095,
nasai,5189,5097,
nasai,5190,5098,
nasai,5193,5099,
nasai,5195,5100,
nasai,5196,5101,
nasai,5197,5102,
nasai,5198,5103,
nasai,5199,5104,
nasai,5200,5105,
nasai,5202,5107,
nasai,5203,5108,
nasai,5204,5109,
nasai,5205,5110,
nasai,5206,5111,
nasai,5207,5112,
nasai,5208,5113,
nasai,5209,5114,
nasai,5210,5115,
nasai,5211,5116,
nasai,5212,5117,
nasai,5213,5118,
nasai,5214,5119,
nasai,5215,5120,
nasai,5217,5122,
nasai,5219,5124,
nasai,5220,5125,
nasai,5221,5126,
nasai,5222,5127,
nasai,5223,5128,
nasai,5224,5129,
nasai,5225,5130,
nasai,5228,5133,
nasai,5229,5134,
nasai,5230,5135,
nasai,5231,5136,
nasai,5232,5137,
nasai,5233,5138,
nasai,5234,5139,
nasai,5236,5141,
nasai,5237,5142,
nasai,5238,5143,
nasai,5239,5144,
nasai,5241,5146,
nasai,5242,5147,
nasai,5243,5148,
nasai,5244,5149,
nasai,5245,5150,
nasai,5246,5151,
nasai,5247,5152,
nasai,5248,5153,
nasai,5249,5154,
nasai,5250,5155,
nasai,5251,5156,
nasai,5253,5158,
nasai,5254,5159,
nasai,5256,5161,
nasai,5257,5162,
nasai,5258,5163,
nasai,5259,5164,
nasai,5260,5165,
nasai,5261,5166,
nasai,5262,5167,
nasai,5263,5168,
nasai,5264,5169,
nasai,5265,5170,
nasai,5266,5171,
nasai,5267,5172,
nasai,5268,5173,
nasai,5270,5175,
nasai,5271,5176,
nasai,5272,5177,
nasai,5273,5178,
nasai,5274,5179,
nasai,5275,5180,
nasai,5276,5181,
nasai,5277,5182,
nasai,5278,5183,
nasai,5279,5184,
nasai,5280,5185,
nasai,5281,5186,
nasai,5282,5187,
nasai,5283,5188,
nasai,5284,5189,
nasai,5285,5190,
nasai,5287,5192,
nasai,5288,5193,
nasai,5289,5194,
nasai,5290,5195,
nasai,5291,5196,
nasai,5292,5197,
nasai,5293,5198,
nasai,5294,5199,
nasai,5295,5200,
nasai,5296,5201,
nasai,5297,5202,
nasai,5298,5203,
nasai,5299,5204,
nasai,5300,5205,
nasai,5301,5206,
nasai,5302,5207,
nasai,5303,5208,
nasai,5304,5209,
nasai,5305,5210,
nasai,5306,5211,
nasai,5307,5212,
nasai,5308,5213,
nasai,5309,5214,
nasai,5310,5215,
nasai,5311,5216,
nasai,5312,5217,
nasai,5313,5218,
nasai,5314,5219,
nasai,5316,5221,
nasai,5317,5222,
nasai,5318,5223,
nasai,5319,5224,
nasai,5320,5225,
nasai,5321,5226,
nasai,5322,5227,
nasai,5323,5228,
nasai,5324,5229,
nasai,5325,5230,
nasai,5326,5231,
nasai,5327,5232,
nasai,5329,5234,
nasai,5330,5235,
nasai,5332,5237,
nasai,5333,5238,
nasai,5334,5239,
nasai,5335,5240,
nasai,5336,5241,
nasai,5337,5242,
nasai,5338,5243,
nasai,5339,5244,
nasai,5340,5245,
nasai,5341,5246,
nasai,5342,5247,
nasai,5343,5248,
nasai,5344,5249,
nasai,5345,5250,
nasai,5346,5251,
nasai,5348,5253,
nasai,5349,5254,
nasai,5350,5255,
nasai,5351,5256,
nasai,5352,5257,
nasai,5353,5258,
nasai,5355,5260,
nasai,5356,5261,
nasai,5357,5262,
nasai,5358,5263,
nasai,5359,5264,
nasai,5360,5265,
nasai,5361,5266,
nasai,5362,5267,
nasai,5363,5268,
nasai,5364,5269,
nasai,5365,5270,
nasai,5366,5271,
nasai,5367,5272,
nasai,5368,5273,
nasai,5369,5274,
nasai,5370,5275,
nasai,5371,5276,
nasai,5372,5277,
nasai,5373,5278,
nasai,5374,5279,
nasai,5375,5280,
nasai,5376,5281,
nasai,5377,5282,
nasai,5378,5283,
nasai,5379,5284,
nasai,5380,5285,
nasai,5381,5286,
nasai,5382,5287,
nasai,5384,5289,
nasai,5385,5290,
nasai,5386,5291,
nasai,5387,5292,
nasai,5388,5293,
nasai,5389,5294,
nasai,5390,5295,
nasai,5392,5297,
nasai,5393,5298,
nasai,5394,5299,
nasai,5395,5300,
nasai,5396,5301,
nasai,5397,5302,
nasai,5398,5303,
nasai,5399,5304,
nasai,5400,5305,
nasai,5401,5306,
nasai,5402,5307,
nasai,5403,5308,
nasai,5404,5309,
nasai,5406,5311,
nasai,5407,5312,
nasai,5408,5313,
nasai,5410,5315,
nasai,5411,5316,
nasai,5412,5317,
nasai,5413,5318,
nasai,5414,5319,
nasai,5415,5320,
nasai,5416,5321,
nasai,5417,5322,
nasai,5418,5323,
nasai,5419,5324,
nasai,5420,5325,
nasai,5421,5326,
nasai,5422,5327,
nasai,5423,5328,
nasai,5424,5329,
nasai,5425,5330,
nasai,5426,5331,
nasai,5428,5333,
nasai,5429,5334,
nasai,5430,5335,
nasai,5431,5336,
nasai,5433,5338,
nasai,5434,5339,
nasai,5436,5341,
nasai,5437,5342,
nasai,5438,5343,
nasai,5439,5344,
nasai,5440,5345,
nasai,5441,5346,
nasai,5442,5347,
nasai,5443,5348,
nasai,5444,5349,
nasai,5445,5350,
nasai,5446,5351,
nasai,5447,5352,
nasai,5448,5353,
nasai,5449,5354,
nasai,5450,5355,
nasai,5451,5356,
nasai,5452,5357,
nasai,5453,5358,
nasai,5454,5359,
nasai,5455,5360,
nasai,5456,5361,
nasai,5457,5362,
nasai,5458,5363,
nasai,5459,5364,
nasai,5460,5365,
nasai,5461,5366,
nasai,5462,5367,
nasai,5463,5368,
nasai,5464,5369,
nasai,5465,5370,
nasai,5466,5371,
nasai,5467,5372,
nasai,5468,5373,
nasai,5469,5374,
nasai,5470,5375,
nasai,5471,5376,
nasai,5472,5377,
nasai,5473,5378,
nasai,5474,5379,
nasai,5475,5380,
nasai,5476,5381,
nasai,5477,5382,
nasai,5479,5384,
nasai,5480,5385,
nasai,5481,5386,
nasai,5482,5387,
nasai,5483,5388,
nasai,5484,5389,
nasai,5485,5390,
nasai,5486,5391,
nasai,5487,5392,
nasai,5488,5393,
nasai,5489,5394,
nasai,5490,5395,
nasai,5491,5396,
nasai,5492,5397,
nasai,5493,5398,
nasai,5494,5399,
nasai,5495,5400,
nasai,5496,5401,
nasai,5497,5402,
nasai,5498,5403,
nasai,5499,5404,
nasai,5500,5405,
nasai,5501,5406,
nasai,5502,5407,
nasai,5503,5408,
nasai,5504,5409,
nasai,5506,5411,
nasai,5507,5412,
nasai,5508,5413,
nasai,5509,5414,
nasai,5510,5415,
nasai,5511,5416,
nasai,5512,5417,
nasai,5513,5418,
nasai,5515,5420,
nasai,5516,5421,
nasai,5517,5422,
nasai,5518,5423,
nasai,5519,5424,
nasai,5520,5425,
nasai,5521,5426,
nasai,5522,5427,
nasai,5523,5428,
nasai,5524,5429,
nasai,5525,5430,
nasai,5526,5431,
nasai,5527,5432,
nasai,5528,1290,
nasai,5529,5434,
nasai,5530,5435,
nasai,5531,5436,
nasai,5532,5437,
nasai,5533,5438,
nasai,5534,5439,
nasai,5535,5440,
nasai,5536,5441,
nasai,5537,5442,
nasai,5538,5443,
nasai,5539,5444,
nasai,5540,5445,
nasai,5542,5447,
nasai,5543,5448,
nasai,5544,5449,
nasai,5545,5450,
nasai,5546,5451,
nasai,5547,5452,
nasai,5548,5453,
nasai,5549,5454,
nasai,5550,5455,
nasai,5552,5457,
nasai,5553,5458,
nasai,5554,5459,
nasai,5555,5460,
nasai,5556,5461,
nasai,5557,5462,
nasai,5558,5463,
nasai,5559,5464,
nasai,5560,5465,
nasai,5561,5466,
nasai,5562,5467,
nasai,5563,5468,
nasai,5564,5469,
nasai,5564.2,5470,
nasai,5565,5471,
nasai,5567,5473,
nasai,5568,5474,
nasai,5569,5475,
nasai,5570,5476,
nasai,5571,5477,
nasai,5572,5478,
nasai,5574,5480,
nasai,5575,5481,
nasai,5576,5482,
nasai,5577,5483,
nasai,5578,5484,
nasai,5579,5485,
nasai,5580,5486,
nasai,5581,5487,
nasai,5582,5488,
nasai,5583,5489,
nasai,5585,5491,
nasai,5586,5492,
nasai,5588,5494,
nasai,5589,5495,
nasai,5590,5496,
nasai,5591,5497,
nasai,5592,5498,
nasai,5594,5500,
nasai,5595,5501,
nasai,5596,5502,
nasai,5597,5503,
nasai,5598,5504,
nasai,5600,5506,
nasai,5601,5507,
nasai,5602,5508,
nasai,5603,5509,
nasai,5604,5510,
nasai,5605,5511,
nasai,5606,5512,
nasai,5607,5513,
nasai,5608,5514,
nasai,5609,5515,
nasai,5610,5516,
nasai,5611,5517,
nasai,5612,5518,
nasai,5613,5519,
nasai,5614,5520,
nasai,5615,5521,
nasai,5616,5522,
nasai,5617,5523,
nasai,5618,5524,
nasai,5619,5525,
nasai,5620,5526,
nasai,5621,5527,
nasai,5622,5528,
nasai,5624,5530,
nasai,5625,5531,
nasai,5626,5532,
nasai,5627,5533,
nasai,5628,5534,
nasai,5629,5535,
nasai,5630,5536,
nasai,5631,5537,
nasai,5632,5538,
nasai,5633,5539,
nasai,5634,5540,
nasai,5635,5541,
nasai,5636,5542,
nasai,5637,5543,
nasai,5638,5544,
nasai,5639,5545,
nasai,5641,5547,
nasai,5642,5548,
nasai,5643,5549,
nasai,5645,5551,
nasai,5646,5552,
nasai,5648,5554,
nasai,5649,5555,
nasai,5650,5556,
nasai,5651,5557,
nasai,5652,5558,
nasai,5653,5559,
nasai,5654,5560,
nasai,5655,5561,
nasai,5656,5562,
nasai,5657,5563,
nasai,5658,5564,
nasai,5659,5565,
nasai,5660,5566,
nasai,5661,5567,
nasai,5662,5568,
nasai,5663,5569,
nasai,5664,5570,
nasai,5665,5571,
nasai,5666,5572,
nasai,5669,5574,
nasai,5670,5575,
nasai,5671,5576,
nasai,5672,5577,
nasai,5673,5578,
nasai,5674,5579,
nasai,5675,5580,
nasai,5676,5581,
nasai,5677,5582,
nasai,5678,5583,
nasai,5679,5584,
nasai,5680,5585,
nasai,5681,5586,
nasai,5682,5587,
nasai,5683,5588,
nasai,5684,5589,
nasai,5685,5590,
nasai,5686,5591,
nasai,5687,5592,
nasai,5688,5593,
nasai,5689,5594,
nasai,5691,5596,
nasai,5692,5597,
nasai,5694,5599,
nasai,5696,5600,
nasai,5697,5601,
nasai,5701,5605,
nasai,5702,5606,
nasai,5703,5607,
nasai,5704,5608,
nasai,5705,5609,
nasai,5707,5611,
nasai,5708,5612,
nasai,5709,5613,
nasai,5710,5614,
nasai,5711,5615,
nasai,5712,5616,
nasai,5713,5617,
nasai,5714,5618,
nasai,5715,5619,
nasai,5717,5621,
nasai,5718,5622,
nasai,5719,5623,
nasai,5720,5624,
nasai,5721,5625,
nasai,5722,5626,
nasai,5723,5627,
nasai,5724,5628,
nasai,5725,5629,
nasai,5726,5630,
nasai,5727,5631,
nasai,5728,5632,
nasai,5729,5633,
nasai,5730,5634,
nasai,5731,5635,
nasai,5732,5636,
nasai,5733,5637,
nasai,5734,5638,
nasai,5735,5639,
nasai,5736,5640,
nasai,5737,5641,
nasai,5738,5642,
nasai,5739,5643,
nasai,5740,5644,
nasai,5741,5645,
nasai,5742,5646,
nasai,5743,5647,
nasai,5744,5648,
nasai,5745,5649,
nasai,5746,5650,
nasai,5747,5651,
nasai,5748,5652,
nasai,5749,5653,
nasai,5750,5654,
nasai,5751,5655,
nasai,5752,5656,
nasai,5753,5657,
nasai,5754,5658,
nasai,5755,5659,
nasai,5756,5660,
nasai,5757,5661,
nasai,5758,5662,
ibnmajah,1,1,
ibnmajah,2,2,
ibnmajah,4,4,
ibnmajah,5,5,
ibnmajah,7,7,
ibnmajah,8,8,
ibnmajah,9,9,
ibnmajah,10,10,
ibnmajah,11,11,
ibnmajah,13,13,
ibnmajah,15,15,
ibnmajah,16,16,
ibnmajah,18,18,
ibnmajah,19,19,
ibnmajah,20,20,
ibnmajah,21,21,
ibnmajah,22,22,
ibnmajah,25,25,
ibnmajah,26,26,
ibnmajah,28,28,
ibnmajah,29,29,
ibnmajah,30,30,
ibnmajah,32,32,
ibnmajah,33,33,
ibnmajah,37,37,
ibnmajah,39,39,
ibnmajah,40,40,
ibnmajah,41,41,
ibnmajah,44,43,
ibnmajah,45,44,
ibnmajah,46,45,
ibnmajah,47,46,
ibnmajah,48,47,
ibnmajah,49,48,
ibnmajah,51,50,
ibnmajah,52,51,
ibnmajah,53,52,
ibnmajah,54,53,
ibnmajah,55,54,
ibnmajah,56,55,
ibnmajah,57,56,
ibnmajah,58,57,
ibnmajah,59,58,
ibnmajah,61,60,
ibnmajah,62,61,
ibnmajah,65,64,
ibnmajah,68,67,
ibnmajah,69,68,
ibnmajah,70,69,
ibnmajah,71,70,
ibnmajah,72,71,
ibnmajah,75,72,
ibnmajah,76,73,
ibnmajah,77,74,
ibnmajah,78,75,
ibnmajah,79,76,
ibnmajah,80,77,
ibnmajah,81,78,
ibnmajah,84,81,
ibnmajah,85,82,
ibnmajah,87,84,
ibnmajah,89,86,
ibnmajah,91,88,
ibnmajah,93,90,
ibnmajah,95,92,
ibnmajah,99,96,
ibnmajah,100,97,
ibnmajah,101,98,
ibnmajah,102,99,
ibnmajah,103,100,
ibnmajah,104,101,
ibnmajah,106,103,
ibnmajah,107,104,
ibnmajah,110,107,
ibnmajah,111,108,
ibnmajah,112,109,
ibnmajah,114,111,
ibnmajah,116,113,
ibnmajah,117,114,
ibnmajah,118,115,
ibnmajah,121,118,
ibnmajah,122,119,
ibnmajah,123,120,
ibnmajah,124,121,
ibnmajah,126,123,
ibnmajah,127,124,
ibnmajah,131,128,
ibnmajah,132,129,
ibnmajah,133,130,
ibnmajah,134,131,
ibnmajah,135,132,
ibnmajah,139,136,
ibnmajah,140,137,
ibnmajah,141,138,
ibnmajah,142,139,
ibnmajah,143,140,
ibnmajah,144,141,
ibnmajah,145,142,
ibnmajah,146,143,
ibnmajah,147,144,
ibnmajah,149,146,
ibnmajah,150,147,
ibnmajah,151,148,
ibnmajah,152,149,
ibnmajah,154,151,
ibnmajah,156,152,
ibnmajah,157,153,
ibnmajah,160,156,
ibnmajah,161,157,
ibnmajah,166,162,
ibnmajah,170,166,
ibnmajah,171,167,
ibnmajah,172,168,
ibnmajah,174,170,
ibnmajah,175,171,
ibnmajah,176,172,
ibnmajah,177,173,
ibnmajah,179,175,
ibnmajah,185,181,
ibnmajah,186,182,
ibnmajah,187,183,
ibnmajah,189,185,
ibnmajah,190,186,
ibnmajah,193,189,
ibnmajah,195,191,
ibnmajah,196,192,
ibnmajah,200,196,
ibnmajah,201,197,
ibnmajah,202,198,
ibnmajah,204,200,
ibnmajah,207,203,
ibnmajah,208,204,
ibnmajah,210,206,
ibnmajah,212,208,
ibnmajah,214,210,
ibnmajah,215,211,
ibnmajah,217,213,
ibnmajah,219,215,
ibnmajah,220,216,
ibnmajah,222,218,
ibnmajah,224,220,
ibnmajah,227,223,
ibnmajah,229,225,
ibnmajah,233,229,
ibnmajah,235,231,
ibnmajah,236,232,
ibnmajah,237,233,
ibnmajah,238,234,
ibnmajah,239,235,
ibnmajah,242,238,
ibnmajah,243,239,
ibnmajah,244,240,
ibnmajah,245,241,
ibnmajah,246,242,
ibnmajah,247,243,
ibnmajah,248,244,
ibnmajah,249,245,
ibnmajah,252,248,
ibnmajah,253,249,
ibnmajah,254,250,
ibnmajah,255,251,
ibnmajah,256,252,
ibnmajah,258,254,
ibnmajah,259,255,
ibnmajah,260,256,
ibnmajah,263,259,
ibnmajah,264,260,
ibnmajah,270,266,
ibnmajah,274,270,
ibnmajah,276,272,
ibnmajah,278,274,
ibnmajah,280,276,
ibnmajah,282,278,
ibnmajah,284,280,
ibnmajah,289,285,
ibnmajah,290,286,
ibnmajah,291,287,
ibnmajah,293,289,
ibnmajah,294,290,
ibnmajah,295,291,
ibnmajah,297,293,
ibnmajah,299,295,
ibnmajah,301,297,
ibnmajah,303,299,
ibnmajah,305,301,
ibnmajah,308,304,
ibnmajah,309,305,
ibnmajah,311,307,
ibnmajah,316,312,
ibnmajah,318,314,
ibnmajah,323,318,
ibnmajah,326,321,
ibnmajah,329,324,
ibnmajah,333,328,
ibnmajah,336,331,
ibnmajah,337,332,
ibnmajah,339,333,
ibnmajah,340,334,
ibnmajah,341,335,
ibnmajah,342,336,
ibnmajah,345,339,
ibnmajah,348,342,
ibnmajah,349,343,
ibnmajah,350,344,
ibnmajah,351,345,
ibnmajah,352,346,
ibnmajah,353,347,
ibnmajah,355,349,
ibnmajah,356,350,
ibnmajah,357,351,
ibnmajah,359,353,
ibnmajah,360,354,
ibnmajah,361,355,
ibnmajah,362,356,
ibnmajah,364,358,
ibnmajah,366,360,
ibnmajah,367,361,
ibnmajah,371,365,
ibnmajah,373,367,
ibnmajah,375,369,
ibnmajah,376,370,
ibnmajah,378,372,
ibnmajah,381,375,
ibnmajah,383,377,
ibnmajah,387,381,
ibnmajah,388,382,
ibnmajah,391,385,
ibnmajah,392,386,
ibnmajah,395,389,
ibnmajah,397,391,
ibnmajah,399,393,
ibnmajah,401,395,
ibnmajah,402,396,
ibnmajah,403,397,
ibnmajah,404,398,
ibnmajah,405,399,
ibnmajah,406,400,
ibnmajah,409,403,
ibnmajah,412,406,
ibnmajah,413,407,
ibnmajah,415,409,
ibnmajah,417,411,
ibnmajah,419,413,
ibnmajah,420,414,
ibnmajah,421,415,
ibnmajah,422,416,
ibnmajah,424,418,
ibnmajah,425,419,
ibnmajah,426,420,
ibnmajah,428,422,
ibnmajah,429,423,
ibnmajah,430,424,
ibnmajah,431,425,
ibnmajah,434,428,
ibnmajah,437,431,
ibnmajah,440,434,
ibnmajah,442,436,
ibnmajah,444,438,
ibnmajah,445,439,
ibnmajah,446,440,
ibnmajah,447,441,
ibnmajah,448,442,
ibnmajah,449,443,
ibnmajah,457,450,
ibnmajah,458,451,
ibnmajah,460,453,
ibnmajah,462,455,
ibnmajah,463,456,
ibnmajah,464,457,
ibnmajah,466,459,
ibnmajah,468,461,
ibnmajah,469,462,
ibnmajah,475,468,
ibnmajah,476,469,
ibnmajah,477,470,
ibnmajah,480,473,
ibnmajah,481,474,
ibnmajah,482,475,
ibnmajah,483,476,
ibnmajah,485,478,
ibnmajah,486,479,
ibnmajah,487,480,
ibnmajah,489,482,
ibnmajah,492,485,
ibnmajah,499,492,
ibnmajah,500,493,
ibnmajah,501,494,
ibnmajah,503,496,
ibnmajah,504,497,
ibnmajah,505,498,
ibnmajah,506,499,
ibnmajah,509,502,
ibnmajah,512,505,
ibnmajah,513,506,
ibnmajah,514,507,
ibnmajah,517,510,
ibnmajah,519,512,
ibnmajah,520,513,
ibnmajah,521,514,
ibnmajah,525,518,
ibnmajah,526,519,
ibnmajah,530,523,
ibnmajah,531,524,
ibnmajah,533,526,
ibnmajah,537,530,
ibnmajah,538,531,
ibnmajah,539,532,
ibnmajah,541,534,
ibnmajah,542,535,
ibnmajah,543,536,
ibnmajah,546,539,
ibnmajah,547,540,
ibnmajah,549,542,
ibnmajah,550,543,
ibnmajah,551,544,
ibnmajah,553,546,
ibnmajah,555,548,
ibnmajah,556,549,
ibnmajah,557,550,
ibnmajah,558,551,
ibnmajah,560,553,
ibnmajah,561,554,
ibnmajah,562,555,
ibnmajah,563,556,
ibnmajah,564,557,
ibnmajah,565,558,
ibnmajah,570,563,
ibnmajah,571,564,
ibnmajah,577,570,
ibnmajah,579,572,
ibnmajah,580,573,
ibnmajah,581,574,
ibnmajah,585,578,
ibnmajah,586,579,
ibnmajah,589,582,
ibnmajah,590,583,
ibnmajah,591,584,
ibnmajah,592,585,
ibnmajah,597,589,
ibnmajah,598,590,
ibnmajah,599,591,
ibnmajah,601,593,
ibnmajah,604,596,
ibnmajah,605,597,
ibnmajah,608,600,
ibnmajah,609,601,
ibnmajah,610,602,
ibnmajah,612,604,
ibnmajah,613,605,
ibnmajah,615,607,
ibnmajah,616,608,
ibnmajah,617,609,
ibnmajah,618,610,
ibnmajah,619,611,
ibnmajah,621,613,
ibnmajah,622,614,
ibnmajah,625,617,
ibnmajah,626,618,
ibnmajah,631,623,
ibnmajah,638,630,
ibnmajah,644,636,
ibnmajah,646,638,
ibnmajah,647,639,
ibnmajah,648,640,
ibnmajah,649,641,
ibnmajah,650,642,
ibnmajah,652,644,
ibnmajah,653,645,
ibnmajah,655,647,
ibnmajah,656,648,
ibnmajah,657,649,
ibnmajah,658,650,
ibnmajah,659,651,
ibnmajah,660,652,
ibnmajah,661,653,
ibnmajah,665,657,
ibnmajah,666,658,
ibnmajah,667,659,
ibnmajah,670,662,
ibnmajah,673,665,
ibnmajah,674,666,
ibnmajah,676,668,
ibnmajah,677,669,
ibnmajah,679,671,
ibnmajah,680,672,
ibnmajah,681,673,
ibnmajah,684,676,
ibnmajah,686,678,
ibnmajah,689,681,
ibnmajah,691,683,
ibnmajah,694,686,
ibnmajah,696,688,
ibnmajah,697,689,
ibnmajah,700,692,
ibnmajah,702,694,
ibnmajah,706,698,
ibnmajah,708,700,
ibnmajah,709,701,
ibnmajah,710,702,
ibnmajah,711,703,
ibnmajah,712,704,
ibnmajah,713,705,
ibnmajah,714,706,
ibnmajah,715,707,
ibnmajah,716,708,
ibnmajah,719,711,
ibnmajah,721,713,
ibnmajah,722,714,
ibnmajah,726,718,
ibnmajah,727,719,
ibnmajah,728,720,
ibnmajah,729,721,
ibnmajah,730,722,
ibnmajah,731,723,
ibnmajah,732,724,
ibnmajah,733,725,
ibnmajah,734,726,
ibnmajah,735,727,
ibnmajah,736,728,
ibnmajah,738,730,
ibnmajah,741,733,
ibnmajah,742,734,
ibnmajah,743,735,
ibnmajah,744,736,
ibnmajah,746,738,
ibnmajah,747,739,
ibnmajah,749,741,
ibnmajah,752,744,
ibnmajah,753,745,
ibnmajah,755,747,
ibnmajah,756,748,
ibnmajah,757,749,
ibnmajah,758,750,
ibnmajah,760,752,
ibnmajah,761,753,
ibnmajah,762,754,
ibnmajah,765,757,
ibnmajah,767,759,
ibnmajah,769,761,
ibnmajah,771,763,
ibnmajah,775,2056,
ibnmajah,780,772,
ibnmajah,781,773,
ibnmajah,782,774,
ibnmajah,784,776,
ibnmajah,785,777,
ibnmajah,788,780,
ibnmajah,789,781,
ibnmajah,790,782,
ibnmajah,792,784,
ibnmajah,793,785,
ibnmajah,794,786,
ibnmajah,797,789,
ibnmajah,798,790,
ibnmajah,800,792,
ibnmajah,802,794,
ibnmajah,803,795,
ibnmajah,806,798,
ibnmajah,808,800,
ibnmajah,809,801,
ibnmajah,810,802,
ibnmajah,811,803,
ibnmajah,813,805,
ibnmajah,814,806,
ibnmajah,815,807,
ibnmajah,816,808,
ibnmajah,818,810,
ibnmajah,819,811,
ibnmajah,820,812,
ibnmajah,821,813,
ibnmajah,822,814,
ibnmajah,826,818,
ibnmajah,827,819,
ibnmajah,829,821,
ibnmajah,830,822,
ibnmajah,832,824,
ibnmajah,833,825,
ibnmajah,834,826,
ibnmajah,838,829,
ibnmajah,839,830,
ibnmajah,840,831,
ibnmajah,841,832,
ibnmajah,843,834,
ibnmajah,844,835,
ibnmajah,845,836,
ibnmajah,847,838,
ibnmajah,850,840,
ibnmajah,852,842,
ibnmajah,853,843,
ibnmajah,856,846,
ibnmajah,857,847,
ibnmajah,858,848,
ibnmajah,859,849,
ibnmajah,860,850,
ibnmajah,861,851,
ibnmajah,862,852,
ibnmajah,863,853,
ibnmajah,864,854,
ibnmajah,865,855,
ibnmajah,866,856,
ibnmajah,867,857,
ibnmajah,868,858,
ibnmajah,872,862,
ibnmajah,873,863,
ibnmajah,876,866,
ibnmajah,880,870,
ibnmajah,881,871,
ibnmajah,882,872,
ibnmajah,883,873,
ibnmajah,884,874,
ibnmajah,886,876,
ibnmajah,887,877,
ibnmajah,888,878,
ibnmajah,889,879,
ibnmajah,890,880,
ibnmajah,891,881,
ibnmajah,893,883,
ibnmajah,895,885,
ibnmajah,896,886,
ibnmajah,897,887,
ibnmajah,898,888,
ibnmajah,902,892,
ibnmajah,903,893,
ibnmajah,904,894,
ibnmajah,905,895,
ibnmajah,906,896,
ibnmajah,907,897,
ibnmajah,908,898,
ibnmajah,911,901,
ibnmajah,912,902,
ibnmajah,913,903,
ibnmajah,915,905,
ibnmajah,916,906,
ibnmajah,917,907,
ibnmajah,918,908,
ibnmajah,920,910,
ibnmajah,922,912,
ibnmajah,926,916,
ibnmajah,927,917,
ibnmajah,928,918,
ibnmajah,929,919,
ibnmajah,934,924,
ibnmajah,935,925,
ibnmajah,937,927,
ibnmajah,938,928,
ibnmajah,939,929,
ibnmajah,942,932,
ibnmajah,943,933,
ibnmajah,944,934,
ibnmajah,945,935,
ibnmajah,946,936,
ibnmajah,947,937,
ibnmajah,949,939,
ibnmajah,950,940,
ibnmajah,953,943,
ibnmajah,955,945,
ibnmajah,957,947,
ibnmajah,960,950,
ibnmajah,961,951,
ibnmajah,962,952,
ibnmajah,963,953,
ibnmajah,965,955,
ibnmajah,966,956,
ibnmajah,968,958,
ibnmajah,969,959,
ibnmajah,970,960,
ibnmajah,971,961,
ibnmajah,972,962,
ibnmajah,974,964,
ibnmajah,975,965,
ibnmajah,976,966,
ibnmajah,978,968,
ibnmajah,979,969,
ibnmajah,981,971,
ibnmajah,982,972,
ibnmajah,983,973,
ibnmajah,985,975,
ibnmajah,987,977,
ibnmajah,991,981,
ibnmajah,992,982,
ibnmajah,993,983,
ibnmajah,995,985,
ibnmajah,998,988,
ibnmajah,999,989,
ibnmajah,1000,990,
ibnmajah,1002,992,
ibnmajah,1003,993,
ibnmajah,1006,996,
ibnmajah,1007,997,
ibnmajah,1009,999,
ibnmajah,1011,1001,
ibnmajah,1013,1003,
ibnmajah,1014,1004,
ibnmajah,1017,1007,
ibnmajah,1019,1009,
ibnmajah,1020,1010,
ibnmajah,1023,1013,
ibnmajah,1024,1014,
ibnmajah,1026,1016,
ibnmajah,1028,1018,
ibnmajah,1029,1019,
ibnmajah,1030,1020,
ibnmajah,1031,1021,
ibnmajah,1032,1022,
ibnmajah,1033,1023,
ibnmajah,1037,1027,
ibnmajah,1039,1029,
ibnmajah,1040,1030,
ibnmajah,1042,1032,
ibnmajah,1044,1034,
ibnmajah,1046,1036,
ibnmajah,1048,1038,
ibnmajah,1051,1041,
ibnmajah,1053,1043,
ibnmajah,1054,1044,
ibnmajah,1057,1047,
ibnmajah,1061,1051,
ibnmajah,1062,1052,
ibnmajah,1063,1053,
ibnmajah,1064,1054,
ibnmajah,1067,1057,
ibnmajah,1068,1058,
ibnmajah,1070,1060,
ibnmajah,1071,1061,
ibnmajah,1072,1062,
ibnmajah,1074,1064,
ibnmajah,1077,1067,
ibnmajah,1078,1068,
ibnmajah,1079,1069,
ibnmajah,1081,1071,
ibnmajah,1082,1072,
ibnmajah,1083,1073,
ibnmajah,1084,1074,
ibnmajah,1086,1076,
ibnmajah,1087,1077,
ibnmajah,1089,1079,
ibnmajah,1091,1081,
ibnmajah,1093,1083,
ibnmajah,1094,1084,
ibnmajah,1096,1086,
ibnmajah,1097,1087,
ibnmajah,1098,1088,
ibnmajah,1102,1092,
ibnmajah,1103,1093,
ibnmajah,1108,1098,
ibnmajah,1109,1099,
ibnmajah,1114,1104,
ibnmajah,1116,1106,
ibnmajah,1117,1107,
ibnmajah,1119,1109,
ibnmajah,1120,1110,
ibnmajah,1121,1111,
ibnmajah,1124,1114,
ibnmajah,1126,1116,
ibnmajah,1127,1117,
ibnmajah,1128,1118,
ibnmajah,1129,1119,
ibnmajah,1131,1121,
ibnmajah,1132,1122,
ibnmajah,1134,1124,
ibnmajah,1135,1125,
ibnmajah,1136,1126,
ibnmajah,1140,1130,
ibnmajah,1142,1132,
ibnmajah,1147,1137,
ibnmajah,1148,1138,
ibnmajah,1149,1139,
ibnmajah,1151,1141,
ibnmajah,1152,1142,
ibnmajah,1156,1146,
ibnmajah,1157,1147,
ibnmajah,1158,1148,
ibnmajah,1161,1151,
ibnmajah,1162,1152,
ibnmajah,1163,1153,
ibnmajah,1164,1154,
ibnmajah,1165,1155,
ibnmajah,1166,1156,
ibnmajah,1167,1157,
ibnmajah,1169,1159,
ibnmajah,1170,1160,
ibnmajah,1171,1161,
ibnmajah,1172,1162,
ibnmajah,1173,1163,
ibnmajah,1174,1164,
ibnmajah,1178,1168,
ibnmajah,1179,1169,
ibnmajah,1181,1171,
ibnmajah,1182,1172,
ibnmajah,1183,1173,
ibnmajah,1184,1174,
ibnmajah,1185,1175,
ibnmajah,1186,1176,
ibnmajah,1187,1177,
ibnmajah,1188,1178,
ibnmajah,1189,1179,
ibnmajah,1190,1180,
ibnmajah,1192,1182,
ibnmajah,1193,1183,
ibnmajah,1194,1184,
ibnmajah,1195,1185,
ibnmajah,1197,1187,
ibnmajah,1199,1189,
ibnmajah,1201,1191,
ibnmajah,1202,1192,
ibnmajah,1204,1194,
ibnmajah,1205,1195,
ibnmajah,1206,1196,
ibnmajah,1207,1197,
ibnmajah,1210,1200,
ibnmajah,1212,1202,
ibnmajah,1213,1203,
ibnmajah,1214,1204,
ibnmajah,1215,1205,
ibnmajah,1217,1207,
ibnmajah,1218,1208,
ibnmajah,1220,1210,
ibnmajah,1221,1211,
ibnmajah,1222,1212,
ibnmajah,1223,1213,
ibnmajah,1226,1216,
ibnmajah,1228,1218,
ibnmajah,1229,1219,
ibnmajah,1230,1220,
ibnmajah,1231,1221,
ibnmajah,1234,1224,
ibnmajah,1236,1226,
ibnmajah,1239,1229,
ibnmajah,1241,1231,
ibnmajah,1242,1232,
ibnmajah,1246,1236,
ibnmajah,1247,1237,
ibnmajah,1251,1241,
ibnmajah,1252,1242,
ibnmajah,1253,1243,
ibnmajah,1254,1244,
ibnmajah,1255,1245,
ibnmajah,1257,1247,
ibnmajah,1258,1248,
ibnmajah,1259,1249,
ibnmajah,1260,1250,
ibnmajah,1262,1252,
ibnmajah,1265,1255,
ibnmajah,1266,1256,
ibnmajah,1267,1257,
ibnmajah,1268,1258,
ibnmajah,1270,1260,
ibnmajah,1271,1261,
ibnmajah,1272,1262,
ibnmajah,1275,1265,
ibnmajah,1276,1266,
ibnmajah,1278,1268,
ibnmajah,1279,1269,
ibnmajah,1281,1271,
ibnmajah,1282,1272,
ibnmajah,1283,1273,
ibnmajah,1285,1275,
ibnmajah,1286,1276,
ibnmajah,1288,1278,
ibnmajah,1290,1280,
ibnmajah,1291,1281,
ibnmajah,1292,1282,
ibnmajah,1293,1283,
ibnmajah,1295,1285,
ibnmajah,1296,1286,
ibnmajah,1297,1287,
ibnmajah,1299,1289,
ibnmajah,1300,1290,
ibnmajah,1301,1291,
ibnmajah,1302,1292,
ibnmajah,1303,1293,
ibnmajah,1304,1294,
ibnmajah,1305,1295,
ibnmajah,1306,1296,
ibnmajah,1308,1298,
ibnmajah,1309,1299,
ibnmajah,1311,1301,
ibnmajah,1312,1302,
ibnmajah,1314,1304,
ibnmajah,1316,1306,
ibnmajah,1317,1307,
ibnmajah,1318,1308,
ibnmajah,1320,1310,
ibnmajah,1321,1311,
ibnmajah,1323,1313,
ibnmajah,1325,1315,
ibnmajah,1327,1317,
ibnmajah,1328,1318,
ibnmajah,1331,1321,
ibnmajah,1332,1322,
ibnmajah,1334,1324,
ibnmajah,1336,1326,
ibnmajah,1339,1329,
ibnmajah,1340,1330,
ibnmajah,1341,1331,
ibnmajah,1344,1334,
ibnmajah,1346,1336,
ibnmajah,1350,1340,
ibnmajah,1351,1341,
ibnmajah,1352,1342,
ibnmajah,1354,1344,
ibnmajah,1357,1347,
ibnmajah,1361,1351,
ibnmajah,1362,1352,
ibnmajah,1363,1353,
ibnmajah,1365,1355,
ibnmajah,1366,1356,
ibnmajah,1368,1358,
ibnmajah,1372,1362,
ibnmajah,1373,1363,
ibnmajah,1374,1364,
ibnmajah,1375,1365,
ibnmajah,1376,1366,
ibnmajah,1377,1367,
ibnmajah,1378,1368,
ibnmajah,1379,1369,
ibnmajah,1382,1372,
ibnmajah,1383,1373,
ibnmajah,1384,1374,
ibnmajah,1385,1375,
ibnmajah,1386,1376,
ibnmajah,1387,1377,
ibnmajah,1389,1379,
ibnmajah,1390,1380,
ibnmajah,1391,1381,
ibnmajah,1392,1382,
ibnmajah,1394,1384,
ibnmajah,1395,1385,
ibnmajah,1397,1387,
ibnmajah,1398,1388,
ibnmajah,1400,1390,
ibnmajah,1401,1391,
ibnmajah,1405,1395,
ibnmajah,1406,1396,
ibnmajah,1407,1397,
ibnmajah,1410,1400,
ibnmajah,1412,1402,
ibnmajah,1413,1403,
ibnmajah,1414,1404,
ibnmajah,1415,1405,
ibnmajah,1417,1407,
ibnmajah,1418,1408,
ibnmajah,1421,1411,
ibnmajah,1426,1416,
ibnmajah,1427,1417,
ibnmajah,1428,1418,
ibnmajah,1429,1419,
ibnmajah,1431,1421,
ibnmajah,1432,1422,
ibnmajah,1433,1423,
ibnmajah,1434,1424,
ibnmajah,1437,1427,
ibnmajah,1438,1428,
ibnmajah,1441,1431,
ibnmajah,1442,1432,
ibnmajah,1443,1433,
ibnmajah,1445,1435,
ibnmajah,1446,1436,
ibnmajah,1448,1438,
ibnmajah,1449,1439,
ibnmajah,1450,1440,
ibnmajah,1452,1442,
ibnmajah,1453,1443,
ibnmajah,1454,1444,
ibnmajah,1455,1445,
ibnmajah,1457,1447,
ibnmajah,1460,1449,
ibnmajah,1465,1454,
ibnmajah,1466,1455,
ibnmajah,1467,1456,
ibnmajah,1468,1457,
ibnmajah,1470,1459,
ibnmajah,1471,1460,
ibnmajah,1473,1462,
ibnmajah,1475,1464,
ibnmajah,1476,1465,
ibnmajah,1478,1467,
ibnmajah,1479,1468,
ibnmajah,1480,1469,
ibnmajah,1481,1470,
ibnmajah,1482,1471,
ibnmajah,1483,1472,
ibnmajah,1484,1473,
ibnmajah,1485,1474,
ibnmajah,1487,1476,
ibnmajah,1488,1477,
ibnmajah,1491,1480,
ibnmajah,1493,1482,
ibnmajah,1494,1483,
ibnmajah,1495,1484,
ibnmajah,1496,1485,
ibnmajah,1497,1486,
ibnmajah,1498,1487,
ibnmajah,1500,1489,
ibnmajah,1501,1490,
ibnmajah,1503,1492,
ibnmajah,1504,1493,
ibnmajah,1506,1495,
ibnmajah,1507,1496,
ibnmajah,1509,1498,
ibnmajah,1510,1499,
ibnmajah,1511,1500,
ibnmajah,1512,1501,
ibnmajah,1513,1502,
ibnmajah,1515,1504,
ibnmajah,1517,1506,
ibnmajah,1519,1508,
ibnmajah,1520,1509,
ibnmajah,1521,1510,
ibnmajah,1523,1512,
ibnmajah,1524,1513,
ibnmajah,1525,1514,
ibnmajah,1526,1515,
ibnmajah,1527,1516,
ibnmajah,1528,1517,
ibnmajah,1530,1519,
ibnmajah,1532,1521,
ibnmajah,1533,1522,
ibnmajah,1535,1524,
ibnmajah,1536,1525,
ibnmajah,1537,1526,
ibnmajah,1538,1527,
ibnmajah,1541,1530,
ibnmajah,1544,1533,
ibnmajah,1545,1534,
ibnmajah,1546,1535,
ibnmajah,1547,1536,
ibnmajah,1548,1537,
ibnmajah,1549,1538,
ibnmajah,1550,1539,
ibnmajah,1551,1540,
ibnmajah,1554,1543,
ibnmajah,1556,1545,
ibnmajah,1557,1546,
ibnmajah,1558,1547,
ibnmajah,1561,1550,
ibnmajah,1562,1551,
ibnmajah,1563,1552,
ibnmajah,1564,1553,
ibnmajah,1566,1555,
ibnmajah,1567,1556,
ibnmajah,1568,1557,
ibnmajah,1569,1558,
ibnmajah,1570,1559,
ibnmajah,1571,1560,
ibnmajah,1574,1563,
ibnmajah,1575,1564,
ibnmajah,1576,1565,
ibnmajah,1577,1566,
ibnmajah,1579,1568,
ibnmajah,1581,1570,
ibnmajah,1582,1571,
ibnmajah,1583,1572,
ibnmajah,1585,1574,
ibnmajah,1586,1575,
ibnmajah,1592,1581,
ibnmajah,1593,1582,
ibnmajah,1595,1584,
ibnmajah,1597,1586,
ibnmajah,1599,1588,
ibnmajah,1600,1589,
ibnmajah,1602,1591,
ibnmajah,1604,1593,
ibnmajah,1605,1594,
ibnmajah,1607,1596,
ibnmajah,1608,1597,
ibnmajah,1609,1598,
ibnmajah,1611,1600,
ibnmajah,1612,1601,
ibnmajah,1613,1602,
ibnmajah,1614,1603,
ibnmajah,1615,1604,
ibnmajah,1616,1605,
ibnmajah,1617,1606,
ibnmajah,1618,1607,
ibnmajah,1627,1616,
ibnmajah,1628,1617,
ibnmajah,1629,1618,
ibnmajah,1630,1620,
ibnmajah,1634,1624,
ibnmajah,1635,1625,
ibnmajah,1636,1626,
ibnmajah,1639,1629,
ibnmajah,1641,1631,
ibnmajah,1642,1632,
ibnmajah,1643,1633,
ibnmajah,1644,1634,
ibnmajah,1646,1636,
ibnmajah,1648,1638,
ibnmajah,1650,1640,
ibnmajah,1651,1641,
ibnmajah,1653,1643,
ibnmajah,1657,1647,
ibnmajah,1658,1648,
ibnmajah,1659,1649,
ibnmajah,1661,1651,
ibnmajah,1663,1653,
ibnmajah,1665,1655,
ibnmajah,1668,1658,
ibnmajah,1669,1659,
ibnmajah,1670,1660,
ibnmajah,1675,1665,
ibnmajah,1676,1666,
ibnmajah,1678,1668,
ibnmajah,1679,1669,
ibnmajah,1680,1671,
ibnmajah,1683,1673,
ibnmajah,1686,1676,
ibnmajah,1688,1678,
ibnmajah,1689,1679,
ibnmajah,1690,1680,
ibnmajah,1691,1681,
ibnmajah,1692,1682,
ibnmajah,1694,1684,
ibnmajah,1695,1685,
ibnmajah,1696,1686,
ibnmajah,1699,1689,
ibnmajah,1700,1690,
ibnmajah,1703,1693,
ibnmajah,1706,1696,
ibnmajah,1708,1698,
ibnmajah,1709,1699,
ibnmajah,1712,1702,
ibnmajah,1713,1703,
ibnmajah,1714,1704,
ibnmajah,1715,1705,
ibnmajah,1716,1706,
ibnmajah,1717,1707,
ibnmajah,1718,1708,
ibnmajah,1721,1711,
ibnmajah,1722,1712,
ibnmajah,1724,1714,
ibnmajah,1726,1716,
ibnmajah,1727,1717,
ibnmajah,1728,1718,
ibnmajah,1729,1719,
ibnmajah,1734,1724,
ibnmajah,1736,1726,
ibnmajah,1739,1729,
ibnmajah,1740,1730,
ibnmajah,1741,1731,
ibnmajah,1743,1733,
ibnmajah,1744,1734,
ibnmajah,1745,1735,
ibnmajah,1746,1736,
ibnmajah,1747,1737,
ibnmajah,1748,1738,
ibnmajah,1749,1739,
ibnmajah,1751,1741,
ibnmajah,1752,1742,
ibnmajah,1753,1743,
ibnmajah,1754,1744,
ibnmajah,1755,1745,
ibnmajah,1756,1746,
ibnmajah,1757,1747,
ibnmajah,1758,1748,
ibnmajah,1759,1749,
ibnmajah,1760,1750,
ibnmajah,1762,1752,
ibnmajah,1763,1753,
ibnmajah,1764,1754,
ibnmajah,1766,1756,
ibnmajah,1768,1758,
ibnmajah,1769,1759,
ibnmajah,1770,1760,
ibnmajah,1779,1769,
ibnmajah,1780,1770,
ibnmajah,1781,1771,
ibnmajah,1782,1772,
ibnmajah,1783,1773,
ibnmajah,1787,1777,
ibnmajah,1789,1779,
ibnmajah,1791,1781,
ibnmajah,1792,1782,
ibnmajah,1793,1783,
ibnmajah,1794,1784,
ibnmajah,1796,1786,
ibnmajah,1797,1787,
ibnmajah,1798,1788,
ibnmajah,1799,1789,
ibnmajah,1800,1790,
ibnmajah,1801,1791,
ibnmajah,1802,1792,
ibnmajah,1803,1793,
ibnmajah,1804,1794,
ibnmajah,1805,1795,
ibnmajah,1806,1796,
ibnmajah,1807,1797,
ibnmajah,1808,1798,
ibnmajah,1809,1799,
ibnmajah,1810,1800,
ibnmajah,1811,1801,
ibnmajah,1813,1803,
ibnmajah,1814,1804,
ibnmajah,1815,1805,
ibnmajah,1816,1806,
ibnmajah,1817,1807,
ibnmajah,1818,1808,
ibnmajah,1819,1809,
ibnmajah,1820,1810,
ibnmajah,1821,1811,
ibnmajah,1824,1814,
ibnmajah,1826,1816,
ibnmajah,1827,1817,
ibnmajah,1828,1818,
ibnmajah,1829,1819,
ibnmajah,1831,1821,
ibnmajah,1832,1822,
ibnmajah,1833,1823,
ibnmajah,1834,1824,
ibnmajah,1835,1825,
ibnmajah,1836,1826,
ibnmajah,1837,1827,
ibnmajah,1839,1829,
ibnmajah,1840,1830,
ibnmajah,1843,1833,
ibnmajah,1845,1835,
ibnmajah,1846,1836,
ibnmajah,1847,1837,
ibnmajah,1849,1839,
ibnmajah,1850,1840,
ibnmajah,1853,1843,
ibnmajah,1854,1844,
ibnmajah,1855,1845,
ibnmajah,1856,1846,
ibnmajah,1859,1849,
ibnmajah,1860,1850,
ibnmajah,1861,1851,
ibnmajah,1862,1852,
ibnmajah,1863,1853,
ibnmajah,1864,1854,
ibnmajah,1865,1855,
ibnmajah,1866,1856,
ibnmajah,1868,1858,
ibnmajah,1870,1860,
ibnmajah,1874,1864,
ibnmajah,1875,1865,
ibnmajah,1876,1866,
ibnmajah,1877,1867,
ibnmajah,1879,1869,
ibnmajah,1880,1870,
ibnmajah,1882,1872,
ibnmajah,1884,1874,
ibnmajah,1886,1876,
ibnmajah,1888,1878,
ibnmajah,1889,1879,
ibnmajah,1890,1880,
ibnmajah,1891,1881,
ibnmajah,1892,1882,
ibnmajah,1893,1883,
ibnmajah,1894,1884,
ibnmajah,1895,1885,
ibnmajah,1896,1886,
ibnmajah,1899,1889,
ibnmajah,1900,1890,
ibnmajah,1901,1891,
ibnmajah,1904,1894,
ibnmajah,1905,1895,
ibnmajah,1906,1896,
ibnmajah,1907,1897,
ibnmajah,1908,1898,
ibnmajah,1909,1899,
ibnmajah,1910,1900,
ibnmajah,1911,1901,
ibnmajah,1912,1902,
ibnmajah,1915,1905,
ibnmajah,1916,1906,
ibnmajah,1918,1908,
ibnmajah,1919,1909,
ibnmajah,1920,1910,
ibnmajah,1921,1911,
ibnmajah,1922,1912,
ibnmajah,1924,1914,
ibnmajah,1925,1915,
ibnmajah,1930,1920,
ibnmajah,1931,1921,
ibnmajah,1934,1924,
ibnmajah,1936,1926,
ibnmajah,1938,1928,
ibnmajah,1940,1930,
ibnmajah,1941,1931,
ibnmajah,1942,1932,
ibnmajah,1943,1933,
ibnmajah,1944,1934,
ibnmajah,1945,1935,
ibnmajah,1947,1937,
ibnmajah,1951,1941,
ibnmajah,1952,1942,
ibnmajah,1953,1943,
ibnmajah,1956,1946,
ibnmajah,1957,1947,
ibnmajah,1958,1948,
ibnmajah,1960,1950,
ibnmajah,1961,1951,
ibnmajah,1962,1952,
ibnmajah,1963,1953,
ibnmajah,1964,1954,
ibnmajah,1965,1955,
ibnmajah,1967,1957,
ibnmajah,1968,1958,
ibnmajah,1969,1959,
ibnmajah,1972,1962,
ibnmajah,1974,1964,
ibnmajah,1975,1965,
ibnmajah,1976,1966,
ibnmajah,1977,1967,
ibnmajah,1978,1968,
ibnmajah,1979,1969,
ibnmajah,1980,1970,
ibnmajah,1981,1971,
ibnmajah,1982,1972,
ibnmajah,1985,1975,
ibnmajah,1986,1976,
ibnmajah,1989,1979,
ibnmajah,1990,1980,
ibnmajah,1992,1982,
ibnmajah,1993,1983,
ibnmajah,1995,1985,
ibnmajah,1996,1986,
ibnmajah,1997,1987,
ibnmajah,1998,1988,
ibnmajah,1999,1989,
ibnmajah,2001,1991,
ibnmajah,2003,1993,
ibnmajah,2006,1613,
ibnmajah,2008,1998,
ibnmajah,2009,1999,
ibnmajah,2011,2001,
ibnmajah,2012,2002,
ibnmajah,2013,2003,
ibnmajah,2014,2004,
ibnmajah,2016,2006,
ibnmajah,2017,2007,
ibnmajah,2018,2008,
ibnmajah,2020,2010,
ibnmajah,2021,2011,
ibnmajah,2022,2012,
ibnmajah,2025,2015,
ibnmajah,2026,2016,
ibnmajah,2027,2017,
ibnmajah,2029,2019,
ibnmajah,2030,2020,
ibnmajah,2031,2021,
ibnmajah,2033,2023,
ibnmajah,2034,2024,
ibnmajah,2036,2026,
ibnmajah,2037,2027,
ibnmajah,2038,2028,
ibnmajah,2040,2030,
ibnmajah,2042,2032,
ibnmajah,2043,2033,
ibnmajah,2044,2034,
ibnmajah,2047,2037,
ibnmajah,2048,2038,
ibnmajah,2054,2044,
ibnmajah,2055,2045,
ibnmajah,2056,2046,
ibnmajah,2057,2047,
ibnmajah,2059,2049,
ibnmajah,2060,2050,
ibnmajah,2061,2051,
ibnmajah,2064,2054,
ibnmajah,2068,2058,
ibnmajah,2069,2059,
ibnmajah,2070,2060,
ibnmajah,2071,2061,
ibnmajah,2072,2062,
ibnmajah,2073,2063,
ibnmajah,2075,2065,
ibnmajah,2076,2066,
ibnmajah,2077,2067,
ibnmajah,2079,2069,
ibnmajah,2080,2070,
ibnmajah,2081,2072,
ibnmajah,2082,2073,
ibnmajah,2086,2077,
ibnmajah,2088,2079,
ibnmajah,2093,2084,
ibnmajah,2095,2086,
ibnmajah,2097,2088,
ibnmajah,2098,2089,
ibnmajah,2099,2090,
ibnmajah,2101,2092,
ibnmajah,2102,2093,
ibnmajah,2103,2094,
ibnmajah,2105,2096,
ibnmajah,2107,2098,
ibnmajah,2108,2099,
ibnmajah,2110,2101,
ibnmajah,2111,2102,
ibnmajah,2112,2103,
ibnmajah,2113,2104,
ibnmajah,2114,2105,
ibnmajah,2115,2106,
ibnmajah,2117,2108,
ibnmajah,2118,2109,
ibnmajah,2121,2112,
ibnmajah,2122,2113,
ibnmajah,2123,2114,
ibnmajah,2125,2116,
ibnmajah,2129,2120,
ibnmajah,2130,2121,
ibnmajah,2131,2122,
ibnmajah,2133,2124,
ibnmajah,2134,2125,
ibnmajah,2138,2129,
ibnmajah,2139,2130,
ibnmajah,2140,2131,
ibnmajah,2146,2137,
ibnmajah,2147,2138,
ibnmajah,2148,2139,
ibnmajah,2149,2140,
ibnmajah,2150,2141,
ibnmajah,2151,2142,
ibnmajah,2152,2143,
ibnmajah,2153,2144,
ibnmajah,2155,2146,
ibnmajah,2156,2147,
ibnmajah,2158,2149,
ibnmajah,2160,2151,
ibnmajah,2163,2154,
ibnmajah,2165,2156,
ibnmajah,2166,2157,
ibnmajah,2167,2158,
ibnmajah,2168,2159,
ibnmajah,2170,2161,
ibnmajah,2172,2163,
ibnmajah,2173,2164,
ibnmajah,2174,2165,
ibnmajah,2180,2171,
ibnmajah,2181,2172,
ibnmajah,2182,2173,
ibnmajah,2186,2177,
ibnmajah,2188,2179,
ibnmajah,2189,2180,
ibnmajah,2191,2182,
ibnmajah,2192,2183,
ibnmajah,2193,2184,
ibnmajah,2195,2186,
ibnmajah,2196,2187,
ibnmajah,2198,2189,
ibnmajah,2199,2190,
ibnmajah,2200,2191,
ibnmajah,2201,2192,
ibnmajah,2204,2195,
ibnmajah,2205,2196,
ibnmajah,2206,2197,
ibnmajah,2208,2199,
ibnmajah,2209,2200,
ibnmajah,2210,2201,
ibnmajah,2211,2202,
ibnmajah,2212,2203,
ibnmajah,2215,2206,
ibnmajah,2216,2207,
ibnmajah,2217,2208,
ibnmajah,2219,2210,
ibnmajah,2220,2211,
ibnmajah,2222,2213,
ibnmajah,2223,2214,
ibnmajah,2224,2215,
ibnmajah,2225,2216,
ibnmajah,2226,2217,
ibnmajah,2227,2218,
ibnmajah,2228,2219,
ibnmajah,2229,2220,
ibnmajah,2230,2221,
ibnmajah,2233,2224,
ibnmajah,2234,2225,
ibnmajah,2235,2226,
ibnmajah,2236,2227,
ibnmajah,2237,2228,
ibnmajah,2241,2232,
ibnmajah,2245,2236,
ibnmajah,2246,2237,
ibnmajah,2247,2238,
ibnmajah,2248,2239,
ibnmajah,2249,2240,
ibnmajah,2251,2242,
ibnmajah,2252,2243,
ibnmajah,2253,2244,
ibnmajah,2254,2245,
ibnmajah,2256,2247,
ibnmajah,2257,2248,
ibnmajah,2258,2249,
ibnmajah,2261,2252,
ibnmajah,2263,2254,
ibnmajah,2264,2255,
ibnmajah,2266,2257,
ibnmajah,2270,2261,
ibnmajah,2271,2262,
ibnmajah,2272,2263,
ibnmajah,2274,2265,
ibnmajah,2275,2266,
ibnmajah,2276,2267,
ibnmajah,2277,2268,
ibnmajah,2278,2269,
ibnmajah,2279,2270,
ibnmajah,2280,2271,
ibnmajah,2281,2272,
ibnmajah,2283,2274,
ibnmajah,2284,2275,
ibnmajah,2285,2276,
ibnmajah,2287,2278,
ibnmajah,2288,2279,
ibnmajah,2289,2280,
ibnmajah,2290,2281,
ibnmajah,2291,2282,
ibnmajah,2292,2283,
ibnmajah,2293,2284,
ibnmajah,2296,2287,
ibnmajah,2297,2288,
ibnmajah,2298,2289,
ibnmajah,2300,2291,
ibnmajah,2301,2292,
ibnmajah,2302,2293,
ibnmajah,2303,2294,
ibnmajah,2305,2296,
ibnmajah,2306,2297,
ibnmajah,2307,2298,
ibnmajah,2308,2299,
ibnmajah,2310,2301,
ibnmajah,2311,2302,
ibnmajah,2312,2303,
ibnmajah,2313,2304,
ibnmajah,2315,2306,
ibnmajah,2316,2307,
ibnmajah,2319,2310,
ibnmajah,2320,2311,
ibnmajah,2321,2312,
ibnmajah,2323,2314,
ibnmajah,2324,2315,
ibnmajah,2325,2316,
ibnmajah,2326,2317,
ibnmajah,2328,2319,
ibnmajah,2329,2320,
ibnmajah,2330,2321,
ibnmajah,2331,2322,
ibnmajah,2334,2325,
ibnmajah,2338,2329,
ibnmajah,2339,2330,
ibnmajah,2340,2331,
ibnmajah,2343,2334,
ibnmajah,2344,2335,
ibnmajah,2347,2338,
ibnmajah,2348,2339,
ibnmajah,2350,2341,
ibnmajah,2351,2342,
ibnmajah,2352,2343,
ibnmajah,2355,2346,
ibnmajah,2356,2347,
ibnmajah,2357,2348,
ibnmajah,2360,2351,
ibnmajah,2362,2353,
ibnmajah,2363,2354,
ibnmajah,2364,2355,
ibnmajah,2365,2356,
ibnmajah,2366,2357,
ibnmajah,2367,2358,
ibnmajah,2368,2359,
ibnmajah,2369,2360,
ibnmajah,2370,2361,
ibnmajah,2372,2363,
ibnmajah,2373,2364,
ibnmajah,2374,2365,
ibnmajah,2375,2366,
ibnmajah,2376,2367,
ibnmajah,2377,2368,
ibnmajah,2378,2369,
ibnmajah,2379,2370,
ibnmajah,2381,2372,
ibnmajah,2382,2373,
ibnmajah,2383,2374,
ibnmajah,2386,2377,
ibnmajah,2387,2378,
ibnmajah,2388,2379,
ibnmajah,2390,2381,
ibnmajah,2392,2383,
ibnmajah,2393,2384,
ibnmajah,2395,2386,
ibnmajah,2396,2387,
ibnmajah,2397,2388,
ibnmajah,2399,2390,
ibnmajah,2400,2391,
ibnmajah,2401,2392,
ibnmajah,2402,2393,
ibnmajah,2403,2394,
ibnmajah,2404,2395,
ibnmajah,2405,2396,
ibnmajah,2406,2397,
ibnmajah,2407,2398,
ibnmajah,2409,2400,
ibnmajah,2410,2401,
ibnmajah,2414,2405,
ibnmajah,2416,2407,
ibnmajah,2419,2410,
ibnmajah,2420,2411,
ibnmajah,2421,2412,
ibnmajah,2422,2413,
ibnmajah,2424,2415,
ibnmajah,2426,2417,
ibnmajah,2428,2419,
ibnmajah,2429,2420,
ibnmajah,2430,2421,
ibnmajah,2431,2422,
ibnmajah,2432,2423,
ibnmajah,2434,2425,
ibnmajah,2435,2426,
ibnmajah,2436,2427,
ibnmajah,2437,2428,
ibnmajah,2438,2429,
ibnmajah,2440,2431,
ibnmajah,2441,2432,
ibnmajah,2442,2433,
ibnmajah,2443,2434,
ibnmajah,2448,2439,
ibnmajah,2449,2440,
ibnmajah,2452,2443,
ibnmajah,2453,2444,
ibnmajah,2455,2446,
ibnmajah,2456,2447,
ibnmajah,2458,2449,
ibnmajah,2460,2451,
ibnmajah,2462,2453,
ibnmajah,2463,2454,
ibnmajah,2466,2457,
ibnmajah,2467,2458,
ibnmajah,2468,2459,
ibnmajah,2469,2460,
ibnmajah,2470,2461,
ibnmajah,2471,2462,
ibnmajah,2472,2463,
ibnmajah,2473,2464,
ibnmajah,2474,2465,
ibnmajah,2475,2466,
ibnmajah,2477,2468,
ibnmajah,2478,2469,
ibnmajah,2479,2470,
ibnmajah,2482,2473,
ibnmajah,2483,2474,
ibnmajah,2484,2475,
ibnmajah,2485,2476,
ibnmajah,2486,2477,
ibnmajah,2488,2479,
ibnmajah,2489,2480,
ibnmajah,2491,2482,
ibnmajah,2493,2484,
ibnmajah,2494,2485,
ibnmajah,2496,2487,
ibnmajah,2498,2489,
ibnmajah,2499,2490,
ibnmajah,2500,2491,
ibnmajah,2501,2492,
ibnmajah,2502,2493,
ibnmajah,2503,2494,
ibnmajah,2504,2495,
ibnmajah,2506,2497,
ibnmajah,2507,2498,
ibnmajah,2508,2499,
ibnmajah,2509,2500,
ibnmajah,2510,2501,
ibnmajah,2511,2502,
ibnmajah,2514,2505,
ibnmajah,2515,2506,
ibnmajah,2516,2507,
ibnmajah,2517,2508,
ibnmajah,2519,2510,
ibnmajah,2522,2513,
ibnmajah,2523,2514,
ibnmajah,2524,2515,
ibnmajah,2525,2516,
ibnmajah,2527,2518,
ibnmajah,2528,2519,
ibnmajah,2530,2521,
ibnmajah,2532,2523,
ibnmajah,2533,2524,
ibnmajah,2534,2525,
ibnmajah,2535,2526,
ibnmajah,2536,2527,
ibnmajah,2538,2529,
ibnmajah,2539,2530,
ibnmajah,2540,2531,
ibnmajah,2543,2533,
ibnmajah,2545,2535,
ibnmajah,2546,2536,
ibnmajah,2549,2539,
ibnmajah,2550,2540,
ibnmajah,2552,2542,
ibnmajah,2554,2544,
ibnmajah,2557,2547,
ibnmajah,2558,2548,
ibnmajah,2560,2550,
ibnmajah,2561,2551,
ibnmajah,2562,2552,
ibnmajah,2563,2553,
ibnmajah,2566,2556,
ibnmajah,2567,2557,
ibnmajah,2569,2559,
ibnmajah,2570,2560,
ibnmajah,2571,2561,
ibnmajah,2573,2563,
ibnmajah,2576,2566,
ibnmajah,2577,2567,
ibnmajah,2579,2569,
ibnmajah,2580,2570,
ibnmajah,2581,2571,
ibnmajah,2582,2572,
ibnmajah,2584,2574,
ibnmajah,2585,2575,
ibnmajah,2587,2577,
ibnmajah,2588,2578,
ibnmajah,2589,2579,
ibnmajah,2590,2580,
ibnmajah,2591,2581,
ibnmajah,2592,2582,
ibnmajah,2593,2583,
ibnmajah,2594,2584,
ibnmajah,2595,2585,
ibnmajah,2596,2586,
ibnmajah,2597,2587,
ibnmajah,2598,2588,
ibnmajah,2599,2589,
ibnmajah,2600,2590,
ibnmajah,2602,2592,
ibnmajah,2603,2593,
ibnmajah,2604,2594,
ibnmajah,2605,2595,
ibnmajah,2606,2596,
ibnmajah,2607,2597,
ibnmajah,2608,2598,
ibnmajah,2609,2599,
ibnmajah,2610,2600,
ibnmajah,2611,2601,
ibnmajah,2613,2603,
ibnmajah,2615,2605,
ibnmajah,2617,2607,
ibnmajah,2618,2608,
ibnmajah,2619,2609,
ibnmajah,2620,2610,
ibnmajah,2621,2611,
ibnmajah,2623,2613,
ibnmajah,2626,2616,
ibnmajah,2627,2617,
ibnmajah,2628,2618,
ibnmajah,2629,2619,
ibnmajah,2630,2620,
ibnmajah,2631,2621,
ibnmajah,2632,2622,
ibnmajah,2633,2623,
ibnmajah,2634,2624,
ibnmajah,2635,2625,
ibnmajah,2636,2626,
ibnmajah,2637,2627,
ibnmajah,2641,2631,
ibnmajah,2643,2633,
ibnmajah,2644,2634,
ibnmajah,2645,2635,
ibnmajah,2646,2636,
ibnmajah,2647,2637,
ibnmajah,2648,2638,
ibnmajah,2649,2639,
ibnmajah,2650,2640,
ibnmajah,2651,2641,
ibnmajah,2652,2642,
ibnmajah,2653,2643,
ibnmajah,2655,2645,
ibnmajah,2657,2647,
ibnmajah,2658,2648,
ibnmajah,2659,2649,
ibnmajah,2660,2650,
ibnmajah,2661,2651,
ibnmajah,2663,2653,
ibnmajah,2664,2654,
ibnmajah,2665,2655,
ibnmajah,2666,2656,
ibnmajah,2667,2657,
ibnmajah,2668,2658,
ibnmajah,2671,2661,
ibnmajah,2672,2662,
ibnmajah,2673,2663,
ibnmajah,2675,2665,
ibnmajah,2676,2666,
ibnmajah,2677,2667,
ibnmajah,2678,2668,
ibnmajah,2679,2669,
ibnmajah,2680,2670,
ibnmajah,2681,2671,
ibnmajah,2682,2672,
ibnmajah,2683,2673,
ibnmajah,2684,2674,
ibnmajah,2685,2675,
ibnmajah,2686,2676,
ibnmajah,2687,2677,
ibnmajah,2689,2679,
ibnmajah,2691,2681,
ibnmajah,2692,2682,
ibnmajah,2693,2683,
ibnmajah,2694,2684,
ibnmajah,2695,2685,
ibnmajah,2696,2687,
ibnmajah,2697,2688,
ibnmajah,2698,2689,
ibnmajah,2700,2691,
ibnmajah,2701,2692,
ibnmajah,2702,2693,
ibnmajah,2703,2694,
ibnmajah,2704,2695,
ibnmajah,2706,2697,
ibnmajah,2708,2699,
ibnmajah,2709,2700,
ibnmajah,2710,2701,
ibnmajah,2711,2702,
ibnmajah,2713,2704,
ibnmajah,2718,2709,
ibnmajah,2719,2710,
ibnmajah,2721,2712,
ibnmajah,2722,2713,
ibnmajah,2725,2715,
ibnmajah,2726,2716,
ibnmajah,2727,2717,
ibnmajah,2728,2718,
ibnmajah,2731,2721,
ibnmajah,2732,2722,
ibnmajah,2734,2724,
ibnmajah,2735,2725,
ibnmajah,2736,2726,
ibnmajah,2738,2728,
ibnmajah,2739,2729,
ibnmajah,2740,2730,
ibnmajah,2741,2731,
ibnmajah,2742,2732,
ibnmajah,2744,2734,
ibnmajah,2745,2735,
ibnmajah,2746,2736,
ibnmajah,2747,2737,
ibnmajah,2748,2738,
ibnmajah,2749,2739,
ibnmajah,2750,2740,
ibnmajah,2751,2741,
ibnmajah,2752,2742,
ibnmajah,2753,2743,
ibnmajah,2759,2749,
ibnmajah,2761,2751,
ibnmajah,2762,2752,
ibnmajah,2763,2753,
ibnmajah,2765,2755,
ibnmajah,2766,2756,
ibnmajah,2768,2758,
ibnmajah,2769,2759,
ibnmajah,2770,2760,
ibnmajah,2772,2762,
ibnmajah,2773,2763,
ibnmajah,2774,2764,
ibnmajah,2776,2766,
ibnmajah,2777,2767,
ibnmajah,2778,2768,
ibnmajah,2779,2769,
ibnmajah,2780,2770,
ibnmajah,2781,2771,
ibnmajah,2782,2772,
ibnmajah,2783,2773,
ibnmajah,2784,2774,
ibnmajah,2785,2775,
ibnmajah,2786,2776,
ibnmajah,2787,2777,
ibnmajah,2789,2779,
ibnmajah,2791,2781,
ibnmajah,2792,2782,
ibnmajah,2793,2783,
ibnmajah,2794,2784,
ibnmajah,2795,2785,
ibnmajah,2796,2786,
ibnmajah,2797,2787,
ibnmajah,2798,2788,
ibnmajah,2799,2789,
ibnmajah,2800,2790,
ibnmajah,2801,2791,
ibnmajah,2802,2792,
ibnmajah,2803,2793,
ibnmajah,2805,2795,
ibnmajah,2806,2796,
ibnmajah,2808,2798,
ibnmajah,2809,2799,
ibnmajah,2812,2802,
ibnmajah,2813,2803,
ibnmajah,2814,2804,
ibnmajah,2816,2806,
ibnmajah,2817,2807,
ibnmajah,2818,2808,
ibnmajah,2823,2813,
ibnmajah,2824,2814,
ibnmajah,2825,2815,
ibnmajah,2826,2816,
ibnmajah,2827,2817,
ibnmajah,2828,2818,
ibnmajah,2831,2821,
ibnmajah,2834,2824,
ibnmajah,2835,2825,
ibnmajah,2836,2826,
ibnmajah,2837,2827,
ibnmajah,2838,2828,
ibnmajah,2840,2830,
ibnmajah,2841,2831,
ibnmajah,2842,2832,
ibnmajah,2843,2833,
ibnmajah,2845,2835,
ibnmajah,2846,2836,
ibnmajah,2849,2839,
ibnmajah,2850,2840,
ibnmajah,2852,2842,
ibnmajah,2853,2844,
ibnmajah,2854,2845,
ibnmajah,2855,2846,
ibnmajah,2857,2848,
ibnmajah,2858,2849,
ibnmajah,2860,2851,
ibnmajah,2861,2852,
ibnmajah,2864,2855,
ibnmajah,2865,2856,
ibnmajah,2866,2857,
ibnmajah,2868,2859,
ibnmajah,2870,2861,
ibnmajah,2872,2863,
ibnmajah,2873,2864,
ibnmajah,2874,2865,
ibnmajah,2876,2867,
ibnmajah,2879,2870,
ibnmajah,2881,2872,
ibnmajah,2882,2873,
ibnmajah,2885,2876,
ibnmajah,2886,2877,
ibnmajah,2888,2879,
ibnmajah,2889,2880,
ibnmajah,2890,2881,
ibnmajah,2891,2882,
ibnmajah,2892,2883,
ibnmajah,2893,2884,
ibnmajah,2894,2885,
ibnmajah,2896,2887,
ibnmajah,2897,2888,
ibnmajah,2898,2889,
ibnmajah,2900,2891,
ibnmajah,2901,2892,
ibnmajah,2902,2893,
ibnmajah,2904,2895,
ibnmajah,2908,2899,
ibnmajah,2910,2901,
ibnmajah,2911,2902,
ibnmajah,2912,2903,
ibnmajah,2913,2904,
ibnmajah,2914,2905,
ibnmajah,2918,2909,
ibnmajah,2919,2910,
ibnmajah,2921,2912,
ibnmajah,2924,2915,
ibnmajah,2926,2917,
ibnmajah,2927,2918,
ibnmajah,2929,2920,
ibnmajah,2930,2921,
ibnmajah,2931,2922,
ibnmajah,2932,2923,
ibnmajah,2934,2925,
ibnmajah,2935,2926,
ibnmajah,2936,2927,
ibnmajah,2937,2928,
ibnmajah,2939,2930,
ibnmajah,2940,2931,
ibnmajah,2941,2932,
ibnmajah,2944,2935,
ibnmajah,2945,2936,
ibnmajah,2948,2939,
ibnmajah,2949,2940,
ibnmajah,2950,2941,
ibnmajah,2951,2942,
ibnmajah,2952,2943,
ibnmajah,2954,2945,
ibnmajah,2955,2946,
ibnmajah,2956,2947,
ibnmajah,2957,2948,
ibnmajah,2958,2949,
ibnmajah,2961,2952,
ibnmajah,2962,2953,
ibnmajah,2963,2954,
ibnmajah,2964,2955,
ibnmajah,2965,2956,
ibnmajah,2966,2957,
ibnmajah,2968,2959,
ibnmajah,2969,2960,
ibnmajah,2971,2962,
ibnmajah,2972,2963,
ibnmajah,2973,2964,
ibnmajah,2974,2965,
ibnmajah,2975,2966,
ibnmajah,2976,2967,
ibnmajah,2978,2969,
ibnmajah,2981,2972,
ibnmajah,2983,2974,
ibnmajah,2984,2975,
ibnmajah,2989,2980,
ibnmajah,2990,2981,
ibnmajah,2992,2983,
ibnmajah,2993,2984,
ibnmajah,2994,2985,
ibnmajah,2995,2986,
ibnmajah,2996,2987,
ibnmajah,2998,2989,
ibnmajah,3002,2993,
ibnmajah,3003,2994,
ibnmajah,3004,2995,
ibnmajah,3005,2996,
ibnmajah,3006,2997,
ibnmajah,3010,3001,
ibnmajah,3012,3003,
ibnmajah,3013,3004,
ibnmajah,3014,3005,
ibnmajah,3020,3011,
ibnmajah,3021,3012,
ibnmajah,3023,3014,
ibnmajah,3026,3017,
ibnmajah,3029,3020,
ibnmajah,3030,3021,
ibnmajah,3033,3024,
ibnmajah,3035,3026,
ibnmajah,3037,3028,
ibnmajah,3039,3030,
ibnmajah,3040,3031,
ibnmajah,3042,3033,
ibnmajah,3043,3034,
ibnmajah,3044,3035,
ibnmajah,3047,3038,
ibnmajah,3048,3039,
ibnmajah,3049,3040,
ibnmajah,3051,3042,
ibnmajah,3052,3043,
ibnmajah,3053,3044,
ibnmajah,3054,3045,
ibnmajah,3055,3046,
ibnmajah,3056,3047,
ibnmajah,3057,3048,
ibnmajah,3058,3049,
ibnmajah,3059,3050,
ibnmajah,3060,3051,
ibnmajah,3061,3052,
ibnmajah,3062,3053,
ibnmajah,3063,3054,
ibnmajah,3064,3055,
ibnmajah,3065,3056,
ibnmajah,3066,3057,
ibnmajah,3067,3058,
ibnmajah,3068,3059,
ibnmajah,3069,3060,
ibnmajah,3070,3061,
ibnmajah,3071,3062,
ibnmajah,3076,3067,
ibnmajah,3077,3068,
ibnmajah,3078,3069,
ibnmajah,3079,3070,
ibnmajah,3082,3073,
ibnmajah,3084,3075,
ibnmajah,3085,3076,
ibnmajah,3086,3077,
ibnmajah,3087,3078,
ibnmajah,3089,3080,
ibnmajah,3091,3082,
ibnmajah,3092,3083,
ibnmajah,3094,3085,
ibnmajah,3098,3089,
ibnmajah,3101,3092,
ibnmajah,3102,3093,
ibnmajah,3103,3094,
ibnmajah,3106,3097,
ibnmajah,3107,3098,
ibnmajah,3108,3099,
ibnmajah,3110,3101,
ibnmajah,3112,3103,
ibnmajah,3115,3106,
ibnmajah,3116,3107,
ibnmajah,3117,3108,
ibnmajah,3118,3109,
ibnmajah,3119,3110,
ibnmajah,3120,3111,
ibnmajah,3121,3112,
ibnmajah,3122,3113,
ibnmajah,3124,3115,
ibnmajah,3126,3117,
ibnmajah,3127,3118,
ibnmajah,3128,3119,
ibnmajah,3129,3120,
ibnmajah,3131,3122,
ibnmajah,3132,3123,
ibnmajah,3134,3125,
ibnmajah,3135,3126,
ibnmajah,3136,3127,
ibnmajah,3137,3128,
ibnmajah,3139,3130,
ibnmajah,3140,3131,
ibnmajah,3141,3132,
ibnmajah,3142,3133,
ibnmajah,3146,3137,
ibnmajah,3148,3139,
ibnmajah,3150,3141,
ibnmajah,3152,3143,
ibnmajah,3154,3145,
ibnmajah,3155,3146,
ibnmajah,3156,3147,
ibnmajah,3157,3148,
ibnmajah,3158,3149,
ibnmajah,3159,3150,
ibnmajah,3160,3151,
ibnmajah,3161,3152,
ibnmajah,3165,3156,
ibnmajah,3166,3157,
ibnmajah,3167,3158,
ibnmajah,3170,3161,
ibnmajah,3171,3162,
ibnmajah,3172,3163,
ibnmajah,3173,3164,
ibnmajah,3175,3166,
ibnmajah,3176,3167,
ibnmajah,3178,3169,
ibnmajah,3179,3170,
ibnmajah,3180,3171,
ibnmajah,3181,3172,
ibnmajah,3182,3173,
ibnmajah,3183,3174,
ibnmajah,3184,3175,
ibnmajah,3186,3177,
ibnmajah,3187,3178,
ibnmajah,3188,3179,
ibnmajah,3189,3180,
ibnmajah,3190,3181,
ibnmajah,3191,3182,
ibnmajah,3193,3184,
ibnmajah,3197,3188,
ibnmajah,3198,3189,
ibnmajah,3199,3190,
ibnmajah,3201,3192,
ibnmajah,3202,3193,
ibnmajah,3203,3194,
ibnmajah,3205,3196,
ibnmajah,3207,3198,
ibnmajah,3208,3199,
ibnmajah,3209,3200,
ibnmajah,3210,3201,
ibnmajah,3211,3202,
ibnmajah,3212,3203,
ibnmajah,3214,3205,
ibnmajah,3215,3206,
ibnmajah,3216,3207,
ibnmajah,3217,3208,
ibnmajah,3219,3210,
ibnmajah,3221,3212,
ibnmajah,3222,3074,
ibnmajah,3223,3214,
ibnmajah,3225,3216,
ibnmajah,3227,3218,
ibnmajah,3231,3222,
ibnmajah,3233,3224,
ibnmajah,3234,3225,
ibnmajah,3237,3228,
ibnmajah,3238,3229,
ibnmajah,3240,3231,
ibnmajah,3241,3232,
ibnmajah,3242,3233,
ibnmajah,3245,3236,
ibnmajah,3246,3237,
ibnmajah,3247,3238,
ibnmajah,3248,3239,
ibnmajah,3249,3240,
ibnmajah,3250,3241,
ibnmajah,3251,3242,
ibnmajah,3252,3243,
ibnmajah,3254,3245,
ibnmajah,3256,3247,
ibnmajah,3258,3249,
ibnmajah,3259,3250,
ibnmajah,3261,3252,
ibnmajah,3262,3253,
ibnmajah,3264,3255,
ibnmajah,3265,3256,
ibnmajah,3266,3257,
ibnmajah,3269,3260,
ibnmajah,3270,3261,
ibnmajah,3272,3263,
ibnmajah,3273,3264,
ibnmajah,3274,3265,
ibnmajah,3276,3267,
ibnmajah,3277,3268,
ibnmajah,3278,3269,
ibnmajah,3279,3270,
ibnmajah,3281,3272,
ibnmajah,3282,3273,
ibnmajah,3285,3276,
ibnmajah,3286,3277,
ibnmajah,3287,3278,
ibnmajah,3290,3281,
ibnmajah,3291,3282,
ibnmajah,3292,3283,
ibnmajah,3293,3284,
ibnmajah,3295,3286,
ibnmajah,3296,3287,
ibnmajah,3300,3291,
ibnmajah,3301,3292,
ibnmajah,3302,3293,
ibnmajah,3303,3294,
ibnmajah,3304,3295,
ibnmajah,3305,3296,
ibnmajah,3306,3297,
ibnmajah,3307,3298,
ibnmajah,3308,3299,
ibnmajah,3309,3300,
ibnmajah,3311,3302,
ibnmajah,3313,3304,
ibnmajah,3315,3306,
ibnmajah,3316,3307,
ibnmajah,3317,3308,
ibnmajah,3320,3311,
ibnmajah,3321,3312,
ibnmajah,3322,3313,
ibnmajah,3323,3314,
ibnmajah,3324,3315,
ibnmajah,3326,3317,
ibnmajah,3327,3318,
ibnmajah,3329,3320,
ibnmajah,3330,3321,
ibnmajah,3332,3323,
ibnmajah,3333,3324,
ibnmajah,3334,3325,
ibnmajah,3335,3326,
ibnmajah,3336,3327,
ibnmajah,3337,3328,
ibnmajah,3339,3330,
ibnmajah,3340,3331,
ibnmajah,3341,3332,
ibnmajah,3342,3333,
ibnmajah,3343,3334,
ibnmajah,3344,3335,
ibnmajah,3345,3336,
ibnmajah,3347,3338,
ibnmajah,3349,3340,
ibnmajah,3350,3341,
ibnmajah,3351,3342,
ibnmajah,3352,3343,
ibnmajah,3353,3344,
ibnmajah,3354,3345,
ibnmajah,3355,3346,
ibnmajah,3357,3348,
ibnmajah,3358,3349,
ibnmajah,3359,3350,
ibnmajah,3360,3351,
ibnmajah,3361,3352,
ibnmajah,3362,3353,
ibnmajah,3363,3354,
ibnmajah,3365,3356,
ibnmajah,3367,3358,
ibnmajah,3369,3360,
ibnmajah,3370,3361,
ibnmajah,3376,3367,
ibnmajah,3380,3371,
ibnmajah,3381,3372,
ibnmajah,3383,3374,
ibnmajah,3384,3375,
ibnmajah,3387,3378,
ibnmajah,3388,3379,
ibnmajah,3389,3380,
ibnmajah,3390,3381,
ibnmajah,3391,3382,
ibnmajah,3394,3385,
ibnmajah,3396,3387,
ibnmajah,3397,3388,
ibnmajah,3398,3389,
ibnmajah,3399,3390,
ibnmajah,3402,3393,
ibnmajah,3403,3394,
ibnmajah,3404,3395,
ibnmajah,3405,3396,
ibnmajah,3406,3397,
ibnmajah,3407,3398,
ibnmajah,3409,3400,
ibnmajah,3412,3403,
ibnmajah,3413,3404,
ibnmajah,3416,3407,
ibnmajah,3417,3408,
ibnmajah,3418,3409,
ibnmajah,3419,3410,
ibnmajah,3421,3412,
ibnmajah,3422,3413,
ibnmajah,3423,3414,
ibnmajah,3424,3415,
ibnmajah,3425,3416,
ibnmajah,3427,3418,
ibnmajah,3428,3419,
ibnmajah,3429,3420,
ibnmajah,3430,3421,
ibnmajah,3431,3422,
ibnmajah,3432,3423,
ibnmajah,3433,3424,
ibnmajah,3434,3425,
ibnmajah,3435,3426,
ibnmajah,3436,3427,
ibnmajah,3437,3428,
ibnmajah,3439,3430,
ibnmajah,3440,3431,
ibnmajah,3441,3432,
ibnmajah,3444,3435,
ibnmajah,3445,3436,
ibnmajah,3446,3437,
ibnmajah,3447,3438,
ibnmajah,3448,3439,
ibnmajah,3449,3440,
ibnmajah,3450,3441,
ibnmajah,3451,3442,
ibnmajah,3452,3443,
ibnmajah,3453,3444,
ibnmajah,3454,3445,
ibnmajah,3455,3446,
ibnmajah,3457,3448,
ibnmajah,3458,3449,
ibnmajah,3459,3450,
ibnmajah,3460,3451,
ibnmajah,3462,3453,
ibnmajah,3466,3457,
ibnmajah,3467,3458,
ibnmajah,3468,3459,
ibnmajah,3469,3460,
ibnmajah,3470,3461,
ibnmajah,3472,3463,
ibnmajah,3473,3464,
ibnmajah,3475,3466,
ibnmajah,3477,3468,
ibnmajah,3478,3469,
ibnmajah,3479,3470,
ibnmajah,3481,3472,
ibnmajah,3482,3473,
ibnmajah,3483,3474,
ibnmajah,3484,3475,
ibnmajah,3485,3476,
ibnmajah,3486,3477,
ibnmajah,3487,3478,
ibnmajah,3488,3479,
ibnmajah,3490,3481,
ibnmajah,3491,3482,
ibnmajah,3492,3483,
ibnmajah,3493,3484,
ibnmajah,3494,3485,
ibnmajah,3495,3486,
ibnmajah,3497,3488,
ibnmajah,3498,3489,
ibnmajah,3499,3490,
ibnmajah,3503,3494,
ibnmajah,3504,3495,
ibnmajah,3505,3496,
ibnmajah,3506,3497,
ibnmajah,3508,3499,
ibnmajah,3509,3500,
ibnmajah,3511,3502,
ibnmajah,3512,3503,
ibnmajah,3515,3506,
ibnmajah,3516,3507,
ibnmajah,3517,3508,
ibnmajah,3518,3509,
ibnmajah,3520,3511,
ibnmajah,3521,3512,
ibnmajah,3522,3513,
ibnmajah,3523,3514,
ibnmajah,3524,3515,
ibnmajah,3525,3516,
ibnmajah,3526,3517,
ibnmajah,3528,3519,
ibnmajah,3529,3520,
ibnmajah,3530,3521,
ibnmajah,3531,3522,
ibnmajah,3533,3492,
ibnmajah,3534,3524,
ibnmajah,3535,3525,
ibnmajah,3536,3526,
ibnmajah,3538,3528,
ibnmajah,3540,3530,
ibnmajah,3542,3532,
ibnmajah,3543,3533,
ibnmajah,3544,3534,
ibnmajah,3547,3537,
ibnmajah,3548,3538,
ibnmajah,3549,3539,
ibnmajah,3551,3541,
ibnmajah,3552,3542,
ibnmajah,3553,3543,
ibnmajah,3554,3544,
ibnmajah,3555,3545,
ibnmajah,3556,3546,
ibnmajah,3557,3547,
ibnmajah,3558,3548,
ibnmajah,3559,3549,
ibnmajah,3562,3552,
ibnmajah,3563,3553,
ibnmajah,3564,3554,
ibnmajah,3565,3555,
ibnmajah,3566,3556,
ibnmajah,3567,3557,
ibnmajah,3568,3558,
ibnmajah,3569,3559,
ibnmajah,3573,3563,
ibnmajah,3575,3565,
ibnmajah,3576,3566,
ibnmajah,3577,3567,
ibnmajah,3578,3568,
ibnmajah,3580,3570,
ibnmajah,3583,3573,
ibnmajah,3584,3574,
ibnmajah,3585,3575,
ibnmajah,3586,3576,
ibnmajah,3587,3577,
ibnmajah,3589,3579,
ibnmajah,3590,3580,
ibnmajah,3592,3582,
ibnmajah,3593,3583,
ibnmajah,3594,3584,
ibnmajah,3595,3585,
ibnmajah,3597,3587,
ibnmajah,3598,3588,
ibnmajah,3599,3589,
ibnmajah,3600,3590,
ibnmajah,3601,3591,
ibnmajah,3603,3593,
ibnmajah,3604,3594,
ibnmajah,3606,3596,
ibnmajah,3608,3598,
ibnmajah,3609,3599,
ibnmajah,3612,3602,
ibnmajah,3613,3603,
ibnmajah,3614,3604,
ibnmajah,3615,3605,
ibnmajah,3616,3606,
ibnmajah,3620,3610,
ibnmajah,3621,3611,
ibnmajah,3622,3612,
ibnmajah,3623,3613,
ibnmajah,3625,3615,
ibnmajah,3626,3616,
ibnmajah,3627,3617,
ibnmajah,3628,3618,
ibnmajah,3629,3619,
ibnmajah,3630,3620,
ibnmajah,3632,3622,
ibnmajah,3635,3625,
ibnmajah,3636,3626,
ibnmajah,3638,3628,
ibnmajah,3641,3631,
ibnmajah,3643,3633,
ibnmajah,3650,3640,
ibnmajah,3652,3642,
ibnmajah,3653,3643,
ibnmajah,3656,3646,
ibnmajah,3657,3647,
ibnmajah,3658,3648,
ibnmajah,3659,3649,
ibnmajah,3660,3650,
ibnmajah,3661,3651,
ibnmajah,3662,3652,
ibnmajah,3663,3653,
ibnmajah,3664,3654,
ibnmajah,3667,3657,
ibnmajah,3668,3658,
ibnmajah,3669,3659,
ibnmajah,3670,3660,
ibnmajah,3671,3661,
ibnmajah,3673,3663,
ibnmajah,3674,3664,
ibnmajah,3677,3667,
ibnmajah,3678,3668,
ibnmajah,3679,3669,
ibnmajah,3680,3670,
ibnmajah,3687,3677,
ibnmajah,3688,3678,
ibnmajah,3692,3682,
ibnmajah,3694,3684,
ibnmajah,3697,3687,
ibnmajah,3698,3688,
ibnmajah,3699,3689,
ibnmajah,3700,3690,
ibnmajah,3701,3691,
ibnmajah,3702,3692,
ibnmajah,3703,3693,
ibnmajah,3704,3694,
ibnmajah,3705,3695,
ibnmajah,3706,3696,
ibnmajah,3708,3698,
ibnmajah,3709,3699,
ibnmajah,3710,3700,
ibnmajah,3711,3701,
ibnmajah,3712,3702,
ibnmajah,3713,3703,
ibnmajah,3714,3704,
ibnmajah,3715,3705,
ibnmajah,3716,3706,
ibnmajah,3717,3707,
ibnmajah,3718,3708,
ibnmajah,3719,3709,
ibnmajah,3720,3710,
ibnmajah,3722,3712,
ibnmajah,3723,3713,
ibnmajah,3724,3714,
ibnmajah,3725,3715,
ibnmajah,3726,3716,
ibnmajah,3727,3717,
ibnmajah,3728,3718,
ibnmajah,3729,3719,
ibnmajah,3730,3720,
ibnmajah,3731,3721,
ibnmajah,3732,3722,
ibnmajah,3734,3724,
ibnmajah,3736,3726,
ibnmajah,3737,3727,
ibnmajah,3738,3728,
ibnmajah,3739,3729,
ibnmajah,3740,3730,
ibnmajah,3741,3731,
ibnmajah,3742,3732,
ibnmajah,3743,3733,
ibnmajah,3744,3734,
ibnmajah,3745,3735,
ibnmajah,3746,3736,
ibnmajah,3747,3737,
ibnmajah,3748,3738,
ibnmajah,3749,3739,
ibnmajah,3750,3740,
ibnmajah,3751,3741,
ibnmajah,3753,3743,
ibnmajah,3754,3744,
ibnmajah,3755,3745,
ibnmajah,3756,3746,
ibnmajah,3757,3747,
ibnmajah,3758,3748,
ibnmajah,3759,3749,
ibnmajah,3760,3750,
ibnmajah,3761,3751,
ibnmajah,3763,3753,
ibnmajah,3764,3754,
ibnmajah,3765,3755,
ibnmajah,3766,3756,
ibnmajah,3767,3757,
ibnmajah,3768,3758,
ibnmajah,3769,3759,
ibnmajah,3770,3760,
ibnmajah,3775,3765,
ibnmajah,3776,3766,
ibnmajah,3777,3767,
ibnmajah,3778,3768,
ibnmajah,3779,3769,
ibnmajah,3780,3770,
ibnmajah,3781,3771,
ibnmajah,3783,3773,
ibnmajah,3785,3775,
ibnmajah,3786,3776,
ibnmajah,3787,3777,
ibnmajah,3788,3778,
ibnmajah,3789,3779,
ibnmajah,3790,3780,
ibnmajah,3791,3781,
ibnmajah,3793,3783,
ibnmajah,3794,3784,
ibnmajah,3795,3785,
ibnmajah,3796,3786,
ibnmajah,3797,3787,
ibnmajah,3798,3788,
ibnmajah,3800,3790,
ibnmajah,3801,3791,
ibnmajah,3802,3792,
ibnmajah,3803,3793,
ibnmajah,3804,3794,
ibnmajah,3805,3795,
ibnmajah,3806,3796,
ibnmajah,3809,3799,
ibnmajah,3810,3800,
ibnmajah,3811,3801,
ibnmajah,3812,3802,
ibnmajah,3813,3803,
ibnmajah,3814,3804,
ibnmajah,3816,3806,
ibnmajah,3817,3807,
ibnmajah,3819,3809,
ibnmajah,3821,3811,
ibnmajah,3822,3812,
ibnmajah,3823,3813,
ibnmajah,3824,3814,
ibnmajah,3825,3815,
ibnmajah,3826,3816,
ibnmajah,3828,3818,
ibnmajah,3829,3819,
ibnmajah,3830,3820,
ibnmajah,3831,3821,
ibnmajah,3832,3822,
ibnmajah,3833,3823,
ibnmajah,3835,3825,
ibnmajah,3836,3826,
ibnmajah,3838,3828,
ibnmajah,3840,3830,
ibnmajah,3841,3831,
ibnmajah,3842,3832,
ibnmajah,3843,3833,
ibnmajah,3845,3835,
ibnmajah,3847,3837,
ibnmajah,3849,3839,
ibnmajah,3850,3840,
ibnmajah,3852,3842,
ibnmajah,3853,3843,
ibnmajah,3854,3844,
ibnmajah,3855,3845,
ibnmajah,3856,3846,
ibnmajah,3857,3847,
ibnmajah,3858,3848,
ibnmajah,3860,3850,
ibnmajah,3861,3851,
ibnmajah,3862,3852,
ibnmajah,3863,3853,
ibnmajah,3864,3854,
ibnmajah,3865,3855,
ibnmajah,3866,3856,
ibnmajah,3867,3857,
ibnmajah,3868,3858,
ibnmajah,3869,3859,
ibnmajah,3871,3861,
ibnmajah,3872,3862,
ibnmajah,3873,3863,
ibnmajah,3874,3864,
ibnmajah,3875,3865,
ibnmajah,3876,3866,
ibnmajah,3879,3869,
ibnmajah,3880,3870,
ibnmajah,3881,3871,
ibnmajah,3882,3872,
ibnmajah,3883,3873,
ibnmajah,3884,3874,
ibnmajah,3885,3875,
ibnmajah,3886,3876,
ibnmajah,3887,3877,
ibnmajah,3888,3878,
ibnmajah,3889,3879,
ibnmajah,3891,3881,
ibnmajah,3892,3882,
ibnmajah,3893,3883,
ibnmajah,3895,3885,
ibnmajah,3896,3886,
ibnmajah,3897,3887,
ibnmajah,3898,3888,
ibnmajah,3899,3889,
ibnmajah,3900,3890,
ibnmajah,3901,3891,
ibnmajah,3904,3894,
ibnmajah,3905,3895,
ibnmajah,3906,3896,
ibnmajah,3907,3897,
ibnmajah,3908,3898,
ibnmajah,3909,3899,
ibnmajah,3910,3900,
ibnmajah,3911,3901,
ibnmajah,3912,3902,
ibnmajah,3913,3903,
ibnmajah,3914,3904,
ibnmajah,3915,3905,
ibnmajah,3917,3907,
ibnmajah,3918,3908,
ibnmajah,3919,3909,
ibnmajah,3920,3910,
ibnmajah,3921,3911,
ibnmajah,3923,3913,
ibnmajah,3924,3914,
ibnmajah,3926,3916,
ibnmajah,3927,3917,
ibnmajah,3929,3919,
ibnmajah,3930,3920,
ibnmajah,3932,3922,
ibnmajah,3933,3923,
ibnmajah,3934,3924,
ibnmajah,3936,3926,
ibnmajah,3937,3927,
ibnmajah,3938,3928,
ibnmajah,3939,3929,
ibnmajah,3940,3930,
ibnmajah,3942,3932,
ibnmajah,3946,3936,
ibnmajah,3947,3937,
ibnmajah,3949,3939,
ibnmajah,3954,3944,
ibnmajah,3955,3945,
ibnmajah,3956,3946,
ibnmajah,3958,3948,
ibnmajah,3959,3949,
ibnmajah,3960,3950,
ibnmajah,3962,3952,
ibnmajah,3963,3953,
ibnmajah,3964,3954,
ibnmajah,3966,3956,
ibnmajah,3967,3957,
ibnmajah,3968,3958,
ibnmajah,3970,3960,
ibnmajah,3971,3961,
ibnmajah,3972,3962,
ibnmajah,3973,3963,
ibnmajah,3974,3964,
ibnmajah,3975,3965,
ibnmajah,3976,3966,
ibnmajah,3978,3968,
ibnmajah,3979,3969,
ibnmajah,3980,3970,
ibnmajah,3981,3971,
ibnmajah,3982,3972,
ibnmajah,3983,3973,
ibnmajah,3984,3974,
ibnmajah,3985,3975,
ibnmajah,3986,3976,
ibnmajah,3988,3978,
ibnmajah,3990,3980,
ibnmajah,3991,3981,
ibnmajah,3992,3982,
ibnmajah,3993,3983,
ibnmajah,3994,3984,
ibnmajah,3995,3985,
ibnmajah,3996,3986,
ibnmajah,3997,3987,
ibnmajah,3998,3988,
ibnmajah,4000,3990,
ibnmajah,4001,3991,
ibnmajah,4002,3992,
ibnmajah,4003,3993,
ibnmajah,4004,3994,
ibnmajah,4007,3997,
ibnmajah,4008,3998,
ibnmajah,4009,3999,
ibnmajah,4010,4000,
ibnmajah,4011,4001,
ibnmajah,4012,4002,
ibnmajah,4013,4003,
ibnmajah,4014,4004,
ibnmajah,4015,4005,
ibnmajah,4016,4006,
ibnmajah,4017,4007,
ibnmajah,4019,4009,
ibnmajah,4020,4010,
ibnmajah,4021,4011,
ibnmajah,4022,4012,
ibnmajah,4023,4013,
ibnmajah,4024,4014,
ibnmajah,4025,4015,
ibnmajah,4026,4016,
ibnmajah,4027,4017,
ibnmajah,4030,4020,
ibnmajah,4031,4021,
ibnmajah,4032,4022,
ibnmajah,4033,4023,
ibnmajah,4034,4024,
ibnmajah,4035,4025,
ibnmajah,4037,4027,
ibnmajah,4038,4028,
ibnmajah,4039,4029,
ibnmajah,4040,4030,
ibnmajah,4041,4031,
ibnmajah,4043,4033,
ibnmajah,4044,4034,
ibnmajah,4045,4035,
ibnmajah,4048,4038,
ibnmajah,4049,4039,
ibnmajah,4050,4040,
ibnmajah,4052,4042,
ibnmajah,4053,4043,
ibnmajah,4054,4044,
ibnmajah,4055,4045,
ibnmajah,4056,4046,
ibnmajah,4057,4047,
ibnmajah,4058,4048,
ibnmajah,4059,4049,
ibnmajah,4060,4050,
ibnmajah,4061,4051,
ibnmajah,4062,4052,
ibnmajah,4063,4053,
ibnmajah,4064,4054,
ibnmajah,4065,4055,
ibnmajah,4066,4056,
ibnmajah,4067,4057,
ibnmajah,4069,4059,
ibnmajah,4070,4060,
ibnmajah,4072,4062,
ibnmajah,4074,4064,
ibnmajah,4075,4065,
ibnmajah,4076,4066,
ibnmajah,4077,4067,
ibnmajah,4079,4069,
ibnmajah,4080,4070,
ibnmajah,4081,4071,
ibnmajah,4082,4072,
ibnmajah,4083,4073,
ibnmajah,4084,4074,
ibnmajah,4085,4075,
ibnmajah,4086,4076,
ibnmajah,4087,4077,
ibnmajah,4088,4078,
ibnmajah,4089,4079,
ibnmajah,4090,4080,
ibnmajah,4091,4081,
ibnmajah,4092,4082,
ibnmajah,4093,4083,
ibnmajah,4094,4084,
ibnmajah,4095,4085,
ibnmajah,4098,4088,
ibnmajah,4099,4089,
ibnmajah,4100,4090,
ibnmajah,4101,4091,
ibnmajah,4102,4092,
ibnmajah,4103,4093,
ibnmajah,4104,4094,
ibnmajah,4106,4096,
ibnmajah,4107,4097,
ibnmajah,4109,4099,
ibnmajah,4110,4100,
ibnmajah,4111,4101,
ibnmajah,4112,4102,
ibnmajah,4114,4104,
ibnmajah,4115,4105,
ibnmajah,4116,4106,
ibnmajah,4117,4107,
ibnmajah,4118,4108,
ibnmajah,4119,4109,
ibnmajah,4120,4110,
ibnmajah,4121,4111,
ibnmajah,4124,4114,
ibnmajah,4126,4116,
ibnmajah,4127,4117,
ibnmajah,4128,4118,
ibnmajah,4130,4120,
ibnmajah,4131,4121,
ibnmajah,4132,4122,
ibnmajah,4133,4123,
ibnmajah,4134,4124,
ibnmajah,4135,4125,
ibnmajah,4136,4126,
ibnmajah,4137,4127,
ibnmajah,4138,4128,
ibnmajah,4139,4129,
ibnmajah,4140,4130,
ibnmajah,4141,4131,
ibnmajah,4142,4132,
ibnmajah,4143,4133,
ibnmajah,4144,4134,
ibnmajah,4145,4135,
ibnmajah,4146,4136,
ibnmajah,4147,4137,
ibnmajah,4148,4138,
ibnmajah,4149,4139,
ibnmajah,4150,4140,
ibnmajah,4151,4141,
ibnmajah,4152,4142,
ibnmajah,4153,4143,
ibnmajah,4155,4145,
ibnmajah,4156,4146,
ibnmajah,4157,4147,
ibnmajah,4158,4148,
ibnmajah,4159,4149,
ibnmajah,4160,4150,
ibnmajah,4162,4152,
ibnmajah,4163,4153,
ibnmajah,4164,4154,
ibnmajah,4166,4156,
ibnmajah,4167,4157,
ibnmajah,4168,4158,
ibnmajah,4169,4159,
ibnmajah,4170,4160,
ibnmajah,4171,4161,
ibnmajah,4172,4162,
ibnmajah,4173,4163,
ibnmajah,4174,4164,
ibnmajah,4175,4165,
ibnmajah,4176,4166,
ibnmajah,4177,4167,
ibnmajah,4178,4168,
ibnmajah,4179,4169,
ibnmajah,4180,4170,
ibnmajah,4182,4172,
ibnmajah,4183,4173,
ibnmajah,4184,4174,
ibnmajah,4185,4175,
ibnmajah,4186,4176,
ibnmajah,4187,4177,
ibnmajah,4188,4178,
ibnmajah,4189,4179,
ibnmajah,4190,4180,
ibnmajah,4191,4181,
ibnmajah,4192,4182,
ibnmajah,4194,4184,
ibnmajah,4195,4185,
ibnmajah,4196,4186,
ibnmajah,4197,4187,
ibnmajah,4198,4188,
ibnmajah,4199,4189,
ibnmajah,4200,4190,
ibnmajah,4201,4191,
ibnmajah,4203,4193,
ibnmajah,4204,4194,
ibnmajah,4205,4195,
ibnmajah,4206,4196,
ibnmajah,4208,4198,
ibnmajah,4209,4199,
ibnmajah,4210,4200,
ibnmajah,4211,4201,
ibnmajah,4212,4202,
ibnmajah,4213,4203,
ibnmajah,4214,4204,
ibnmajah,4215,4205,
ibnmajah,4216,4206,
ibnmajah,4217,4207,
ibnmajah,4218,4208,
ibnmajah,4219,4209,
ibnmajah,4220,4210,
ibnmajah,4223,4213,
ibnmajah,4224,4214,
ibnmajah,4226,4216,
ibnmajah,4227,4217,
ibnmajah,4228,4218,
ibnmajah,4229,4219,
ibnmajah,4230,4220,
ibnmajah,4231,4221,
ibnmajah,4232,4222,
ibnmajah,4233,4223,
ibnmajah,4234,4224,
ibnmajah,4235,4225,
ibnmajah,4236,4226,
ibnmajah,4237,4227,
ibnmajah,4238,4228,
ibnmajah,4239,4229,
ibnmajah,4241,4231,
ibnmajah,4242,4232,
ibnmajah,4243,4233,
ibnmajah,4244,4234,
ibnmajah,4245,4235,
ibnmajah,4246,4236,
ibnmajah,4247,4237,
ibnmajah,4248,4238,
ibnmajah,4249,4239,
ibnmajah,4250,4240,
ibnmajah,4251,4241,
ibnmajah,4252,4242,
ibnmajah,4253,4243,
ibnmajah,4254,4244,
ibnmajah,4255,4245,
ibnmajah,4256,4246,
ibnmajah,4257,4247,
ibnmajah,4258,4248,
ibnmajah,4259,4249,
ibnmajah,4260,4250,
ibnmajah,4261,4251,
ibnmajah,4263,4253,
ibnmajah,4264,4254,
ibnmajah,4265,4255,
ibnmajah,4268,4258,
ibnmajah,4270,4260,
ibnmajah,4271,4261,
ibnmajah,4273,4263,
ibnmajah,4274,4264,
ibnmajah,4275,4265,
ibnmajah,4276,4266,
ibnmajah,4277,4267,
ibnmajah,4278,4268,
ibnmajah,4279,4269,
ibnmajah,4280,4270,
ibnmajah,4282,4272,
ibnmajah,4285,4275,
ibnmajah,4286,4276,
ibnmajah,4287,4277,
ibnmajah,4288,4278,
ibnmajah,4289,4279,
ibnmajah,4290,4280,
ibnmajah,4291,4281,
ibnmajah,4292,4282,
ibnmajah,4293,4283,
ibnmajah,4294,4284,
ibnmajah,4295,4285,
ibnmajah,4296,4286,
ibnmajah,4297,4287,
ibnmajah,4298,4288,
ibnmajah,4299,4289,
ibnmajah,4300,4290,
ibnmajah,4301,4291,
ibnmajah,4302,4292,
ibnmajah,4303,4293,
ibnmajah,4304,4294,
ibnmajah,4305,4295,
ibnmajah,4306,4296,
ibnmajah,4308,4298,
ibnmajah,4310,4300,
ibnmajah,4311,4301,
ibnmajah,4312,4303,
ibnmajah,4313,4304,
ibnmajah,4314,4305,
ibnmajah,4315,4306,
ibnmajah,4316,4307,
ibnmajah,4317,4308,
ibnmajah,4318,4309,
ibnmajah,4319,4310,
ibnmajah,4320,4311,
ibnmajah,4321,4312,
ibnmajah,4322,4313,
ibnmajah,4323,4314,
ibnmajah,4324,4315,
ibnmajah,4325,4316,
ibnmajah,4326,4317,
ibnmajah,4327,4318,
ibnmajah,4328,4319,
ibnmajah,4329,4320,
ibnmajah,4330,4321,
ibnmajah,4331,4322,
ibnmajah,4332,4323,
ibnmajah,4333,4324,
ibnmajah,4334,4325,
ibnmajah,4335,4326,
ibnmajah,4336,4327,
ibnmajah,4337,4328,
ibnmajah,4338,4329,
ibnmajah,4339,4330,
ibnmajah,4340,4331,
ibnmajah,4341,4332,
malik,2,1,
malik,4,3,
malik,5,4,
malik,6,5,
malik,7,6,
malik,8,433,
malik,9,8,
malik,10,9,
malik,11,10,
malik,12,11,
malik,14,13,
malik,16,15,
malik,20,17,
malik,22,19,
malik,23,20,
malik,24,21,
malik,26,23,
malik,28,25,
malik,31,28,
malik,34,31,
malik,36,32,
malik,38,34,
malik,39,35,
malik,40,36,
malik,41,37,
malik,42,38,
malik,45,41,
malik,46,42,
malik,47,43,
malik,49,45,
malik,50,46,
malik,51,47,
malik,53,48,
malik,54,49,
malik,55,50,
malik,56,51,
malik,58,53,
malik,59,54,
malik,62,57,
malik,63,58,
malik,67,61,
malik,70,63,
malik,71,64,
malik,72,65,
malik,73,66,
malik,74,67,
malik,75,68,
malik,76,69,
malik,79,71,
malik,81,73,
malik,82,74,
malik,83,75,
malik,86,78,
malik,88,80,
malik,90,82,
malik,94,86,
malik,97,88,
malik,100,91,
malik,105,95,
malik,109,99,
malik,110,100,
malik,111,101,
malik,112,102,
malik,114,104,
malik,115,105,
malik,116,106,
malik,118,108,
malik,119,109,
malik,121,111,
malik,122,112,
malik,123,113,
malik,124,114,
malik,125,115,
malik,126,116,
malik,128,117,
malik,129,118,
malik,131,119,
malik,133,121,
malik,135,123,
malik,136,124,
malik,138,126,
malik,141,129,
malik,143,131,
malik,146,134,
malik,150,138,
malik,154,141,
malik,155,142,
malik,156,143,
malik,157,144,
malik,158,145,
malik,161,148,
malik,166,154,
malik,168,155,
malik,169,156,
malik,170,157,
malik,175,162,
malik,179,166,
malik,180,167,
malik,181,168,
malik,182,169,
malik,183,170,
malik,184,171,
malik,186,173,
malik,187,174,
malik,188,175,
malik,189,176,
malik,190,177,
malik,192,179,
malik,197,184,
malik,198,185,
malik,199,186,
malik,200,187,
malik,201,188,
malik,203,190,
malik,205,192,
malik,206,193,
malik,207,194,
malik,213,199,
malik,214,200,
malik,216,202,
malik,217,203,
malik,218,204,
malik,220,206,
malik,221,207,
malik,222,208,
malik,228,212,
malik,231,215,
malik,233,217,
malik,235,218,
malik,236,219,
malik,237,220,
malik,239,222,
malik,240,223,
malik,241,224,
malik,242,225,
malik,244,227,
malik,245,228,
malik,248,231,
malik,249,232,
malik,250,233,
malik,251,234,
malik,252,235,
malik,253,236,
malik,254,237,
malik,257,240,
malik,262,243,
malik,264,245,
malik,265,246,
malik,268,249,
malik,272,251,
malik,273,252,
malik,274,253,
malik,275,254,
malik,278,256,
malik,279,257,
malik,280,258,
malik,281,259,
malik,282,260,
malik,283,261,
malik,284,262,
malik,285,263,
malik,291,268,
malik,293,270,
malik,294,271,
malik,295,272,
malik,296,273,
malik,297,274,
malik,298,275,
malik,301,278,
malik,302,279,
malik,303,280,
malik,306,283,
malik,307,284,
malik,308,285,
malik,310,287,
malik,312,288,
malik,313,289,
malik,314,290,
malik,316,291,
malik,320,294,
malik,323,295,
malik,325,296,
malik,326,297,
malik,327,298,
malik,328,299,
malik,329,300,
malik,330,301,
malik,331,302,
malik,333,303,
malik,334,304,
malik,335,305,
malik,337,307,
malik,338,308,
malik,339,309,
malik,341,311,
malik,344,313,
malik,345,314,
malik,348,316,
malik,349,317,
malik,350,318,
malik,353,319,
malik,355,321,
malik,356,322,
malik,359,325,
malik,360,326,
malik,361,327,
malik,362,328,
malik,366,331,
malik,370,333,
malik,372,334,
malik,373,335,
malik,374,336,
malik,375,337,
malik,376,338,
malik,377,339,
malik,378,340,
malik,379,341,
malik,380,342,
malik,381,343,
malik,384,346,
malik,385,347,
malik,388,349,
malik,392,353,
malik,393,354,
malik,394,355,
malik,395,356,
malik,398,358,
malik,399,359,
malik,403,363,
malik,406,366,
malik,407,367,
malik,410,370,
malik,412,372,
malik,417,377,
malik,418,378,
malik,420,379,
malik,421,380,
malik,426,382,
malik,434,388,
malik,435,389,
malik,436,390,
malik,439,392,
malik,440,393,
malik,441,394,
malik,443,396,
malik,446,399,
malik,448,401,
malik,449,402,
malik,450,403,
malik,451,404,
malik,452,405,
malik,455,406,
malik,456,407,
malik,462,413,
malik,463,414,
malik,464,415,
malik,468,417,
malik,472,421,
malik,473,422,
malik,476,425,
malik,477,426,
malik,478,427,
malik,482,430,
malik,483,431,
malik,484,432,
malik,486,434,
malik,487,435,
malik,489,437,
malik,491,439,
malik,492,440,
malik,493,441,
malik,494,442,
malik,496,444,
malik,498,446,
malik,499,447,
malik,501,449,
malik,503,451,
malik,504,452,
malik,505,453,
malik,506,454,
malik,508,456,
malik,514,458,
malik,515,459,
malik,519,463,
malik,520,464,
malik,521,465,
malik,525,468,
malik,527,470,
malik,528,471,
malik,529,472,
malik,530,473,
malik,531,474,
malik,534,477,
malik,535,478,
malik,536,479,
malik,538,481,
malik,539,482,
malik,540,483,
malik,542,485,
malik,544,486,
malik,547,488,
malik,549,489,
malik,551,490,
malik,552,491,
malik,554,492,
malik,555,493,
malik,557,495,
malik,558,496,
malik,560,497,
malik,561,498,
malik,565,501,
malik,567,502,
malik,569,504,
malik,576,511,
malik,577,512,
malik,578,513,
malik,579,514,
malik,581,515,
malik,582,516,
malik,584,518,
malik,586,520,
malik,588,522,
malik,592,524,
malik,593,525,
malik,594,526,
malik,595,527,
malik,596,528,
malik,597,529,
malik,598,530,
malik,600,531,
malik,601,532,
malik,602,533,
malik,606,536,
malik,609,537,
malik,610,538,
malik,611,539,
malik,612,540,
malik,613,541,
malik,614,542,
malik,615,543,
malik,616,544,
malik,618,546,
malik,621,548,
malik,622,549,
malik,623,550,
malik,625,552,
malik,627,554,
malik,628,555,
malik,629,556,
malik,637,562,
malik,638,563,
malik,639,564,
malik,640,565,
malik,641,566,
malik,642,567,
malik,645,570,
malik,647,572,
malik,649,573,
malik,650,574,
malik,651,575,
malik,653,577,
malik,654,578,
malik,655,579,
malik,656,580,
malik,657,581,
malik,660,583,
malik,662,585,
malik,663,586,
malik,674,592,
malik,675,593,
malik,676,594,
malik,679,597,
malik,680,598,
malik,685,600,
malik,689,604,
malik,691,606,
malik,692,607,
malik,695,609,
malik,696,610,
malik,697,611,
malik,698,612,
malik,699,613,
malik,700,614,
malik,701,615,
malik,702,616,
malik,707,619,
malik,708,620,
malik,709,621,
malik,710,622,
malik,711,623,
malik,712,624,
malik,714,626,
malik,715,627,
malik,716,628,
malik,720,632,
malik,724,636,
malik,725,637,
malik,726,638,
malik,727,639,
malik,730,642,
malik,733,643,
malik,735,645,
malik,736,646,
malik,737,647,
malik,742,651,
malik,743,652,
malik,744,653,
malik,745,654,
malik,746,655,
malik,748,657,
malik,749,658,
malik,753,662,
malik,754,663,
malik,755,664,
malik,756,665,
malik,760,668,
malik,763,671,
malik,764,672,
malik,767,675,
malik,768,676,
malik,771,678,
malik,772,679,
malik,773,680,
malik,779,685,
malik,781,687,
malik,783,689,
malik,784,690,
malik,791,697,
malik,792,698,
malik,794,700,
malik,795,701,
malik,796,702,
malik,797,703,
malik,799,704,
malik,801,706,
malik,802,707,
malik,805,710,
malik,806,711,
malik,807,712,
malik,808,713,
malik,809,714,
malik,811,716,
malik,812,717,
malik,814,718,
malik,815,719,
malik,816,720,
malik,817,721,
malik,818,722,
malik,820,724,
malik,822,726,
malik,823,727,
malik,824,728,
malik,825,729,
malik,827,730,
malik,828,731,
malik,829,732,
malik,830,733,
malik,831,734,
malik,832,735,
malik,835,738,
malik,837,740,
malik,838,741,
malik,839,742,
malik,841,744,
malik,842,745,
malik,843,746,
malik,845,748,
malik,847,750,
malik,849,752,
malik,850,753,
malik,851,754,
malik,852,755,
malik,854,757,
malik,857,759,
malik,858,760,
malik,861,762,
malik,862,763,
malik,863,764,
malik,864,765,
malik,866,766,
malik,869,768,
malik,870,769,
malik,872,771,
malik,874,772,
malik,875,773,
malik,876,774,
malik,877,775,
malik,880,777,
malik,882,779,
malik,884,780,
malik,885,781,
malik,887,783,
malik,888,784,
malik,891,787,
malik,892,788,
malik,893,789,
malik,894,790,
malik,899,794,
malik,900,795,
malik,901,796,
malik,902,797,
malik,903,798,
malik,905,800,
malik,906,801,
malik,907,802,
malik,908,803,
malik,910,805,
malik,911,806,
malik,913,808,
malik,915,809,
malik,916,810,
malik,918,812,
malik,919,813,
malik,921,815,
malik,922,816,
malik,923,817,
malik,924,818,
malik,925,819,
malik,928,821,
malik,930,823,
malik,931,824,
malik,933,826,
malik,934,827,
malik,935,828,
malik,936,829,
malik,938,831,
malik,939,832,
malik,940,833,
malik,941,834,
malik,942,835,
malik,943,836,
malik,944,837,
malik,946,839,
malik,947,840,
malik,948,841,
malik,950,843,
malik,952,844,
malik,953,845,
malik,956,847,
malik,957,848,
malik,961,851,
malik,962,852,
malik,963,853,
malik,964,854,
malik,966,856,
malik,967,857,
malik,968,858,
malik,972,860,
malik,976,863,
malik,977,864,
malik,978,865,
malik,980,866,
malik,982,868,
malik,983,869,
malik,984,870,
malik,985,871,
malik,988,874,
malik,989,875,
malik,990,876,
malik,991,877,
malik,992,878,
malik,995,881,
malik,997,883,
malik,998,884,
malik,1000,886,
malik,1004,890,
malik,1007,893,
malik,1008,894,
malik,1010,896,
malik,1011,897,
malik,1012,898,
malik,1014,899,
malik,1015,900,
malik,1017,902,
malik,1018,903,
malik,1020,905,
malik,1026,910,
malik,1027,911,
malik,1028,912,
malik,1029,913,
malik,1030,914,
malik,1031,915,
malik,1032,916,
malik,1034,918,
malik,1035,919,
malik,1036,920,
malik,1037,921,
malik,1038,922,
malik,1039,923,
malik,1041,924,
malik,1042,925,
malik,1043,926,
malik,1045,928,
malik,1049,931,
malik,1050,935,
malik,1051,933,
malik,1052,934,
malik,1058,936,
malik,1059,937,
malik,1061,939,
malik,1062,940,
malik,1065,943,
malik,1066,944,
malik,1067,945,
malik,1068,946,
malik,1070,948,
malik,1071,949,
malik,1073,950,
malik,1074,951,
malik,1075,952,
malik,1077,953,
malik,1079,955,
malik,1080,956,
malik,1081,957,
malik,1082,958,
malik,1083,959,
malik,1086,962,
malik,1088,963,
malik,1091,964,
malik,1094,967,
malik,1098,968,
malik,1100,970,
malik,1103,972,
malik,1106,974,
malik,1108,975,
malik,1109,976,
malik,1111,977,
malik,1113,979,
malik,1116,981,
malik,1117,982,
malik,1118,983,
malik,1121,985,
malik,1123,986,
malik,1124,987,
malik,1125,988,
malik,1128,989,
malik,1129,990,
malik,1130,991,
malik,1132,993,
malik,1133,994,
malik,1134,995,
malik,1135,996,
malik,1136,997,
malik,1138,998,
malik,1139,999,
malik,1140,1000,
malik,1142,1002,
malik,1143,1003,
malik,1144,1004,
malik,1145,1005,
malik,1147,1006,
malik,1149,1008,
malik,1152,1009,
malik,1153,1010,
malik,1156,1011,
malik,1157,1088,
malik,1158,1013,
malik,1161,1015,
malik,1162,1016,
malik,1164,1018,
malik,1167,1020,
malik,1169,1022,
malik,1172,1023,
malik,1173,1024,
malik,1175,1025,
malik,1177,1026,
malik,1178,1027,
malik,1179,1028,
malik,1181,1030,
malik,1183,1031,
malik,1184,1032,
malik,1185,1033,
malik,1186,1034,
malik,1188,1035,
malik,1189,1036,
malik,1192,1037,
malik,1194,1039,
malik,1195,1040,
malik,1196,1041,
malik,1197,1042,
malik,1198,1043,
malik,1199,1044,
malik,1202,1046,
malik,1205,1048,
malik,1206,1049,
malik,1207,1050,
malik,1208,1051,
malik,1209,1052,
malik,1211,1053,
malik,1214,1055,
malik,1217,1057,
malik,1219,1058,
malik,1220,1059,
malik,1222,1061,
malik,1223,1062,
malik,1224,1063,
malik,1225,1064,
malik,1226,1065,
malik,1227,1066,
malik,1234,1070,
malik,1235,1071,
malik,1236,1072,
malik,1237,1073,
malik,1238,1074,
malik,1239,1075,
malik,1240,1076,
malik,1243,1077,
malik,1244,1078,
malik,1245,1079,
malik,1247,1081,
malik,1248,1082,
malik,1249,1083,
malik,1250,1084,
malik,1252,1086,
malik,1253,1087,
malik,1255,1089,
malik,1257,1090,
malik,1259,1092,
malik,1260,1093,
malik,1261,1094,
malik,1262,1095,
malik,1264,1097,
malik,1265,1098,
malik,1266,1099,
malik,1269,1100,
malik,1272,1101,
malik,1275,1104,
malik,1276,1105,
malik,1277,1106,
malik,1278,1107,
malik,1279,1108,
malik,1280,1109,
malik,1281,1110,
malik,1283,1112,
malik,1284,1113,
malik,1285,1114,
malik,1286,1115,
malik,1287,1116,
malik,1288,1117,
malik,1291,1119,
malik,1293,1121,
malik,1294,1122,
malik,1295,1123,
malik,1296,1124,
malik,1297,1125,
malik,1299,1127,
malik,1300,1128,
malik,1302,1130,
malik,1303,1131,
malik,1305,1133,
malik,1307,1134,
malik,1308,1135,
malik,1309,1136,
malik,1310,1137,
malik,1311,1138,
malik,1312,1139,
malik,1314,1141,
malik,1316,1143,
malik,1317,1144,
malik,1318,1145,
malik,1319,1146,
malik,1321,1147,
malik,1325,1150,
malik,1327,1152,
malik,1331,1156,
malik,1332,1157,
malik,1335,1158,
malik,1336,1159,
malik,1337,1160,
malik,1339,1161,
malik,1341,1162,
malik,1343,1163,
malik,1346,1164,
malik,1348,1165,
malik,1349,1166,
malik,1350,1167,
malik,1352,1169,
malik,1353,1170,
malik,1354,1171,
malik,1355,1172,
malik,1358,1174,
malik,1362,1175,
malik,1363,1176,
malik,1366,1178,
malik,1367,1179,
malik,1368,1180,
malik,1369,1181,
malik,1370,1182,
malik,1371,1183,
malik,1372,1184,
malik,1373,1185,
malik,1374,1186,
malik,1377,1187,
malik,1381,1190,
malik,1382,1191,
malik,1383,1192,
malik,1384,1193,
malik,1385,1194,
malik,1386,1195,
malik,1387,1196,
malik,1388,1197,
malik,1390,1199,
malik,1391,1200,
malik,1392,1201,
malik,1394,1202,
malik,1395,1203,
malik,1398,1204,
malik,1399,1205,
malik,1401,1207,
malik,1402,1208,
malik,1404,1209,
malik,1406,1210,
malik,1407,1211,
malik,1409,1212,
malik,1410,1213,
malik,1411,1214,
malik,1412,1215,
malik,1413,1216,
malik,1414,1217,
malik,1415,1218,
malik,1416,1219,
malik,1417,1220,
malik,1418,1221,
malik,1419,1222,
malik,1420,1223,
malik,1421,1224,
malik,1422,1225,
malik,1423,1226,
malik,1425,1227,
malik,1426,1228,
malik,1427,1229,
malik,1428,1230,
malik,1431,1233,
malik,1432,1234,
malik,1433,1235,
malik,1434,1236,
malik,1435,1237,
malik,1436,1238,
malik,1437,1239,
malik,1438,1240,
malik,1439,1241,
malik,1440,1242,
malik,1441,1243,
malik,1442,1244,
malik,1443,1245,
malik,1444,1246,
malik,1445,1247,
malik,1446,1248,
malik,1447,1249,
malik,1448,1250,
malik,1449,1251,
malik,1450,1252,
malik,1451,1253,
malik,1452,1254,
malik,1456,1257,
malik,1458,1258,
malik,1459,1259,
malik,1460,1260,
malik,1461,1261,
malik,1462,1262,
malik,1463,1263,
malik,1465,1265,
malik,1466,1266,
malik,1467,1267,
malik,1468,1268,
malik,1470,1269,
malik,1475,1271,
malik,1476,1272,
malik,1478,1274,
malik,1479,1275,
malik,1480,1276,
malik,1481,1277,
malik,1483,1279,
malik,1485,1280,
malik,1486,1281,
malik,1488,1282,
malik,1489,1283,
malik,1491,1284,
malik,1495,1285,
malik,1497,1286,
malik,1498,1287,
malik,1500,1288,
malik,1501,1289,
malik,1502,1290,
malik,1503,1291,
malik,1504,1292,
malik,1508,1296,
malik,1509,1298,
malik,1511,1299,
malik,1512,1300,
malik,1513,1301,
malik,1514,1302,
malik,1515,1303,
malik,1516,1304,
malik,1517,1305,
malik,1518,1306,
malik,1520,1308,
malik,1522,1310,
malik,1523,1311,
malik,1525,1313,
malik,1526,1314,
malik,1527,1315,
malik,1529,1316,
malik,1530,1317,
malik,1531,1318,
malik,1532,1319,
malik,1533,1320,
malik,1534,1321,
malik,1535,1322,
malik,1536,1323,
malik,1537,1324,
malik,1538,1325,
malik,1539,1326,
malik,1540,1327,
malik,1541,1328,
malik,1542,1329,
malik,1543,1330,
malik,1548,1334,
malik,1549,1335,
malik,1550,1336,
malik,1551,1337,
malik,1552,1338,
malik,1554,1339,
malik,1555,1340,
malik,1556,1341,
malik,1557,1342,
malik,1560,1344,
malik,1561,1345,
malik,1562,1346,
malik,1563,1347,
malik,1564,1348,
malik,1565,1349,
malik,1566,1350,
malik,1567,1351,
malik,1570,1354,
malik,1571,1355,
malik,1572,1356,
malik,1573,1357,
malik,1575,1359,
malik,1576,1360,
malik,1580,1361,
malik,1581,1362,
malik,1582,1363,
malik,1585,1364,
malik,1586,1365,
malik,1588,1366,
malik,1589,1367,
malik,1590,1368,
malik,1591,1369,
malik,1592,1370,
malik,1595,1371,
malik,1596,1372,
malik,1598,1374,
malik,1599,1375,
malik,1600,1376,
malik,1601,1377,
malik,1602,1378,
malik,1603,1379,
malik,1604,1380,
malik,1605,1381,
malik,1607,1382,
malik,1608,1383,
malik,1609,1384,
malik,1611,1385,
malik,1613,1386,
malik,1614,1387,
malik,1615,1388,
malik,1617,1390,
malik,1618,1391,
malik,1619,1392,
malik,1620,1393,
malik,1624,1395,
malik,1626,1396,
malik,1627,1397,
malik,1628,1398,
malik,1630,1400,
malik,1635,1402,
malik,1638,1404,
malik,1639,1405,
malik,1641,1406,
malik,1642,1407,
malik,1644,1409,
malik,1646,1411,
malik,1648,1413,
malik,1650,1415,
malik,1651,1416,
malik,1653,1417,
malik,1654,1418,
malik,1656,1419,
malik,1657,1420,
malik,1658,1421,
malik,1659,1422,
malik,1662,1425,
malik,1663,1426,
malik,1664,1427,
malik,1667,1430,
malik,1669,1432,
malik,1671,1434,
malik,1673,1436,
malik,1674,1437,
malik,1675,1438,
malik,1676,1439,
malik,1678,1441,
malik,1679,1442,
malik,1681,1444,
malik,1682,1445,
malik,1684,1446,
malik,1686,1448,
malik,1687,1449,
malik,1688,1450,
malik,1689,1451,
malik,1691,1453,
malik,1692,1454,
malik,1693,1455,
malik,1694,1456,
malik,1695,1457,
malik,1696,1458,
malik,1699,1459,
malik,1700,1460,
malik,1702,1462,
malik,1703,1463,
malik,1704,1464,
malik,1705,1465,
malik,1706,1466,
malik,1707,1467,
malik,1708,1468,
malik,1709,1469,
malik,1710,1470,
malik,1711,1471,
malik,1713,1473,
malik,1714,1474,
malik,1715,1475,
malik,1716,1476,
malik,1717,1477,
malik,1718,1478,
malik,1719,1479,
malik,1720,1480,
malik,1721,1481,
malik,1722,1482,
malik,1723,1483,
malik,1724,1484,
malik,1725,1485,
malik,1726,1486,
malik,1730,1488,
malik,1731,1489,
malik,1732,1490,
malik,1733,1491,
malik,1734,1492,
malik,1735,1493,
malik,1736,1494,
malik,1737,1495,
malik,1738,1496,
malik,1739,1497,
malik,1741,1499,
malik,1742,1500,
malik,1743,1501,
malik,1744,1502,
malik,1745,1503,
malik,1747,1504,
malik,1749,1505,
malik,1751,1507,
malik,1752,1508,
malik,1753,1509,
malik,1754,1510,
malik,1755,1511,
malik,1756,1512,
malik,1757,1513,
malik,1758,1514,
malik,1759,1515,
malik,1760,1516,
malik,1763,1519,
malik,1765,1520,
malik,1766,1521,
malik,1767,1522,
malik,1769,1524,
malik,1770,1525,
malik,1771,1526,
malik,1772,1527,
malik,1773,1528,
malik,1774,1529,
malik,1778,1533,
malik,1779,1534,
malik,1781,1535,
malik,1782,1536,
malik,1783,1537,
malik,1784,1538,
malik,1785,1539,
malik,1786,1540,
malik,1787,1541,
malik,1788,1542,
malik,1790,1543,
malik,1793,1545,
malik,1794,1546,
malik,1795,1547,
malik,1798,1548,
malik,1799,1549,
malik,1800,1550,
malik,1801,1551,
malik,1802,1552,
malik,1805,1553,
malik,1806,1554,
malik,1808,1555,
malik,1809,1556,
malik,1810,1557,
malik,1811,1558,
malik,1812,1559,
malik,1814,1561,
malik,1815,1562,
malik,1816,1563,
malik,1817,1564,
malik,1820,1565,
malik,1821,1566,
malik,1822,1567,
malik,1823,1568,
malik,1824,1569,
malik,1825,1570,
malik,1829,1571,
malik,1830,1572,
malik,1833,1574,
malik,1834,1575,
malik,1836,1576,
malik,1837,1577,
malik,1838,1578,
malik,1839,1579,
malik,1840,1580,
malik,1841,1581,
malik,1842,1582,
malik,1843,1583,
malik,1844,1584,
malik,1847,1585,
malik,1848,1586,
malik,1849,1587,
malik,1850,1588,
malik,1851,1589,
malik,1852,1590,
malik,1854,1591,
malik,1855,1592,
malik,1857,1593,
malik,1858,1594,
darimi,1,1,
darimi,2,2,
darimi,3,3,
darimi,4,4,
darimi,7,7,
darimi,8,8,
darimi,9,9,
darimi,10,10,
darimi,11,11,
darimi,12,12,
darimi,14,14,
darimi,15,15,
darimi,16,16,
darimi,17,17,
darimi,18,18,
darimi,19,19,
darimi,20,20,
darimi,21,21,
darimi,22,22,
darimi,23,23,
darimi,24,24,
darimi,25,25,
darimi,26,26,
darimi,27,27,
darimi,28,28,
darimi,30,30,
darimi,31,31,
darimi,32,32,
darimi,34,34,
darimi,35,35,
darimi,36,36,
darimi,37,37,
darimi,38,38,
darimi,39,39,
darimi,40,40,
darimi,41,41,
darimi,42,42,
darimi,44,44,
darimi,45,45,
darimi,46,46,
darimi,47,47,
darimi,48,48,
darimi,49,49,
darimi,50,50,
darimi,51,51,
darimi,53,53,
darimi,54,54,
darimi,55,55,
darimi,56,56,
darimi,57,57,
darimi,58,58,
darimi,59,59,
darimi,60,60,
darimi,61,61,
darimi,62,62,
darimi,63,63,
darimi,64,64,
darimi,66,66,
darimi,67,67,
darimi,69,69,
darimi,70,70,
darimi,71,71,
darimi,72,72,
darimi,73,73,
darimi,74,74,
darimi,75,75,
darimi,76,76,
darimi,77,77,
darimi,78,78,
darimi,79,79,
darimi,80,80,
darimi,81,81,
darimi,82,82,
darimi,83,83,
darimi,84,84,
darimi,85,85,
darimi,86,86,
darimi,88,88,
darimi,89,89,
darimi,91,91,
darimi,92,92,
darimi,93,93,
darimi,94,94,
darimi,95,95,
darimi,96,96,
darimi,99,99,
darimi,101,101,
darimi,102,102,
darimi,104,104,
darimi,105,105,
darimi,106,106,
darimi,107,107,
darimi,108,108,
darimi,109,109,
darimi,110,110,
darimi,113,113,
darimi,114,114,
darimi,115,115,
darimi,116,116,
darimi,117,117,
darimi,118,118,
darimi,119,119,
darimi,120,120,
darimi,121,121,
darimi,122,122,
darimi,123,123,
darimi,124,124,
darimi,125,125,
darimi,126,126,
darimi,128,128,
darimi,129,129,
darimi,130,130,
darimi,131,131,
darimi,132,132,
darimi,133,133,
darimi,134,134,
darimi,135,135,
darimi,136,136,
darimi,137,137,
darimi,138,138,
darimi,139,139,
darimi,140,140,
darimi,141,141,
darimi,143,143,
darimi,144,144,
darimi,145,145,
darimi,146,146,
darimi,147,147,
darimi,148,148,
darimi,149,149,
darimi,150,150,
darimi,151,151,
darimi,152,152,
darimi,153,153,
darimi,154,154,
darimi,155,155,
darimi,156,156,
darimi,157,157,
darimi,158,158,
darimi,159,159,
darimi,161,161,
darimi,162,162,
darimi,163,163,
darimi,164,164,
darimi,165,165,
darimi,166,166,
darimi,167,167,
darimi,168,168,
darimi,169,169,
darimi,170,170,
darimi,171,171,
darimi,173,173,
darimi,174,174,
darimi,175,175,
darimi,176,176,
darimi,178,178,
darimi,179,179,
darimi,180,180,
darimi,181,181,
darimi,182,182,
darimi,183,183,
darimi,184,184,
darimi,185,185,
darimi,186,186,
darimi,187,187,
darimi,189,189,
darimi,190,190,
darimi,191,191,
darimi,192,192,
darimi,193,193,
darimi,194,194,
darimi,195,195,
darimi,196,196,
darimi,197,197,
darimi,198,198,
darimi,199,199,
darimi,200,200,
darimi,201,201,
darimi,202,202,
darimi,203,203,
darimi,204,204,
darimi,205,205,
darimi,206,206,
darimi,207,207,
darimi,208,208,
darimi,209,209,
darimi,210,210,
darimi,212,212,
darimi,213,213,
darimi,214,214,
darimi,215,215,
darimi,216,216,
darimi,217,217,
darimi,218,218,
darimi,220,220,
darimi,221,221,
darimi,222,222,
darimi,223,223,
darimi,224,224,
darimi,225,225,
darimi,226,226,
darimi,228,228,
darimi,229,229,
darimi,230,230,
darimi,231,231,
darimi,232,232,
darimi,233,233,
darimi,234,234,
darimi,236,236,
darimi,237,237,
darimi,238,238,
darimi,239,239,
darimi,240,240,
darimi,241,241,
darimi,242,242,
darimi,243,243,
darimi,244,244,
darimi,245,245,
darimi,246,246,
darimi,247,247,
darimi,248,248,
darimi,249,249,
darimi,250,250,
darimi,251,251,
darimi,252,252,
darimi,253,253,
darimi,254,254,
darimi,255,255,
darimi,256,256,
darimi,257,257,
darimi,258,258,
darimi,259,259,
darimi,260,260,
darimi,261,261,
darimi,262,262,
darimi,263,263,
darimi,264,264,
darimi,265,265,
darimi,266,266,
darimi,267,267,
darimi,269,269,
darimi,270,270,
darimi,271,271,
darimi,272,272,
darimi,273,273,
darimi,274,274,
darimi,275,275,
darimi,276,276,
darimi,277,277,
darimi,278,278,
darimi,279,279,
darimi,280,280,
darimi,281,281,
darimi,282,282,
darimi,283,283,
darimi,284,284,
darimi,285,285,
darimi,286,286,
darimi,287,287,
darimi,288,288,
darimi,289,289,
darimi,290,290,
darimi,291,291,
darimi,292,292,
darimi,293,293,
darimi,294,294,
darimi,295,295,
darimi,296,296,
darimi,297,297,
darimi,298,298,
darimi,299,299,
darimi,300,300,
darimi,302,302,
darimi,303,303,
darimi,304,304,
darimi,305,305,
darimi,306,306,
darimi,307,307,
darimi,308,308,
darimi,309,309,
darimi,310,310,
darimi,311,311,
darimi,312,312,
darimi,313,313,
darimi,314,314,
darimi,315,315,
darimi,316,316,
darimi,317,317,
darimi,318,318,
darimi,319,319,
darimi,320,320,
darimi,321,321,
darimi,322,322,
darimi,323,323,
darimi,324,324,
darimi,325,325,
darimi,326,326,
darimi,327,327,
darimi,328,328,
darimi,329,329,
darimi,330,330,
darimi,331,331,
darimi,332,332,
darimi,333,333,
darimi,334,334,
darimi,335,335,
darimi,336,336,
darimi,337,337,
darimi,338,338,
darimi,339,339,
darimi,340,340,
darimi,341,341,
darimi,342,342,
darimi,343,343,
darimi,344,344,
darimi,345,345,
darimi,346,346,
darimi,347,347,
darimi,349,349,
darimi,350,350,
darimi,351,351,
darimi,352,352,
darimi,353,353,
darimi,354,354,
darimi,355,355,
darimi,356,356,
darimi,357,357,
darimi,358,358,
darimi,359,359,
darimi,360,360,
darimi,361,361,
darimi,362,362,
darimi,363,363,
darimi,365,365,
darimi,366,366,
darimi,367,367,
darimi,368,368,
darimi,369,369,
darimi,370,370,
darimi,371,371,
darimi,372,372,
darimi,373,373,
darimi,374,374,
darimi,375,375,
darimi,376,376,
darimi,377,377,
darimi,378,378,
darimi,379,379,
darimi,380,380,
darimi,381,381,
darimi,382,382,
darimi,383,383,
darimi,384,384,
darimi,385,385,
darimi,386,386,
darimi,387,387,
darimi,388,388,
darimi,389,389,
darimi,391,391,
darimi,392,392,
darimi,393,393,
darimi,395,395,
darimi,396,396,
darimi,398,398,
darimi,399,399,
darimi,400,400,
darimi,401,401,
darimi,402,402,
darimi,403,403,
darimi,404,404,
darimi,405,405,
darimi,406,406,
darimi,407,407,
darimi,408,408,
darimi,409,409,
darimi,410,410,
darimi,412,412,
darimi,413,413,
darimi,414,414,
darimi,415,415,
darimi,416,416,
darimi,417,417,
darimi,418,418,
darimi,419,419,
darimi,420,420,
darimi,421,421,
darimi,422,422,
darimi,423,423,
darimi,424,424,
darimi,425,425,
darimi,426,426,
darimi,427,427,
darimi,428,428,
darimi,429,429,
darimi,431,431,
darimi,432,432,
darimi,433,433,
darimi,434,434,
darimi,435,435,
darimi,436,436,
darimi,437,437,
darimi,438,438,
darimi,439,439,
darimi,440,440,
darimi,441,441,
darimi,442,442,
darimi,443,443,
darimi,444,444,
darimi,445,445,
darimi,446,446,
darimi,447,447,
darimi,449,449,
darimi,450,450,
darimi,451,451,
darimi,452,452,
darimi,453,453,
darimi,454,454,
darimi,455,455,
darimi,456,456,
darimi,457,457,
darimi,458,458,
darimi,459,459,
darimi,460,460,
darimi,461,461,
darimi,463,463,
darimi,464,464,
darimi,465,465,
darimi,466,466,
darimi,467,467,
darimi,468,468,
darimi,469,469,
darimi,470,470,
darimi,471,471,
darimi,472,472,
darimi,473,473,
darimi,474,474,
darimi,475,475,
darimi,476,476,
darimi,478,478,
darimi,479,479,
darimi,480,480,
darimi,481,481,
darimi,482,482,
darimi,483,483,
darimi,484,484,
darimi,485,485,
darimi,486,486,
darimi,487,487,
darimi,488,488,
darimi,490,490,
darimi,491,491,
darimi,492,492,
darimi,493,493,
darimi,494,494,
darimi,495,495,
darimi,496,496,
darimi,497,497,
darimi,498,498,
darimi,499,499,
darimi,500,500,
darimi,501,501,
darimi,502,502,
darimi,503,503,
darimi,504,504,
darimi,505,505,
darimi,506,506,
darimi,507,507,
darimi,508,508,
darimi,509,509,
darimi,510,510,
darimi,511,511,
darimi,512,512,
darimi,513,513,
darimi,515,515,
darimi,516,516,
darimi,517,517,
darimi,518,518,
darimi,519,519,
darimi,520,520,
darimi,521,521,
darimi,522,522,
darimi,523,523,
darimi,524,524,
darimi,525,525,
darimi,526,526,
darimi,527,527,
darimi,529,529,
darimi,530,530,
darimi,531,531,
darimi,532,532,
darimi,533,533,
darimi,534,534,
darimi,535,535,
darimi,536,536,
darimi,538,538,
darimi,539,539,
darimi,540,540,
darimi,541,541,
darimi,542,542,
darimi,543,543,
darimi,544,544,
darimi,545,545,
darimi,546,546,
darimi,547,547,
darimi,548,548,
darimi,549,549,
darimi,550,550,
darimi,551,551,
darimi,552,552,
darimi,553,553,
darimi,554,554,
darimi,555,555,
darimi,556,556,
darimi,557,557,
darimi,558,558,
darimi,559,559,
darimi,560,560,
darimi,561,561,
darimi,562,562,
darimi,563,563,
darimi,564,564,
darimi,565,565,
darimi,566,566,
darimi,567,567,
darimi,568,568,
darimi,569,569,
darimi,570,570,
darimi,571,571,
darimi,572,572,
darimi,573,573,
darimi,574,574,
darimi,575,575,
darimi,576,576,
darimi,577,577,
darimi,578,578,
darimi,579,579,
darimi,580,580,
darimi,581,581,
darimi,582,582,
darimi,583,583,
darimi,584,584,
darimi,585,585,
darimi,586,586,
darimi,587,587,
darimi,588,588,
darimi,589,589,
darimi,590,590,
darimi,591,591,
darimi,592,592,
darimi,593,593,
darimi,594,594,
darimi,595,595,
darimi,596,596,
darimi,597,597,
darimi,598,598,
darimi,599,599,
darimi,600,600,
darimi,601,601,
darimi,602,602,
darimi,603,603,
darimi,604,604,
darimi,605,605,
darimi,606,606,
darimi,607,607,
darimi,608,608,
darimi,609,609,
darimi,610,610,
darimi,611,611,
darimi,612,612,
darimi,613,613,
darimi,614,614,
darimi,615,615,
darimi,616,616,
darimi,617,617,
darimi,618,618,
darimi,620,620,
darimi,621,621,
darimi,622,622,
darimi,623,623,
darimi,624,624,
darimi,625,625,
darimi,626,626,
darimi,627,627,
darimi,628,628,
darimi,629,629,
darimi,630,630,
darimi,631,631,
darimi,632,632,
darimi,633,633,
darimi,634,634,
darimi,635,635,
darimi,636,636,
darimi,637,637,
darimi,638,638,
darimi,639,639,
darimi,640,640,
darimi,641,641,
darimi,642,642,
darimi,643,643,
darimi,644,644,
darimi,645,645,
darimi,646,646,
darimi,647,647,
darimi,648,648,
darimi,649,649,
darimi,651,651,
darimi,652,652,
darimi,654,654,
darimi,655,655,
darimi,656,656,
darimi,657,657,
darimi,658,658,
darimi,659,659,
darimi,661,661,
darimi,662,662,
darimi,663,663,
darimi,664,664,
darimi,665,665,
darimi,666,666,
darimi,667,667,
darimi,668,668,
darimi,669,669,
darimi,670,670,
darimi,671,671,
darimi,672,672,
darimi,673,673,
darimi,674,674,
darimi,675,675,
darimi,676,676,
darimi,677,677,
darimi,678,678,
darimi,679,679,
darimi,681,681,
darimi,682,682,
darimi,683,683,
darimi,684,684,
darimi,685,685,
darimi,686,686,
darimi,688,688,
darimi,689,689,
darimi,690,690,
darimi,691,691,
darimi,692,692,
darimi,693,693,
darimi,694,694,
darimi,695,695,
darimi,696,696,
darimi,699,699,
darimi,700,700,
darimi,701,701,
darimi,702,702,
darimi,703,703,
darimi,704,704,
darimi,705,705,
darimi,706,706,
darimi,707,707,
darimi,708,708,
darimi,709,709,
darimi,710,710,
darimi,712,712,
darimi,713,713,
darimi,714,714,
darimi,715,715,
darimi,716,716,
darimi,717,717,
darimi,718,718,
darimi,719,719,
darimi,722,722,
darimi,723,723,
darimi,724,724,
darimi,725,725,
darimi,726,726,
darimi,727,727,
darimi,728,728,
darimi,729,729,
darimi,731,731,
darimi,733,733,
darimi,734,734,
darimi,735,735,
darimi,736,736,
darimi,737,737,
darimi,738,738,
darimi,740,740,
darimi,742,742,
darimi,743,743,
darimi,744,744,
darimi,745,745,
darimi,746,746,
darimi,747,747,
darimi,748,748,
darimi,749,749,
darimi,750,750,
darimi,751,751,
darimi,753,753,
darimi,754,754,
darimi,755,755,
darimi,757,757,
darimi,758,758,
darimi,759,759,
darimi,760,760,
darimi,761,761,
darimi,762,762,
darimi,763,763,
darimi,765,765,
darimi,766,766,
darimi,767,767,
darimi,768,768,
darimi,769,769,
darimi,770,770,
darimi,773,773,
darimi,774,774,
darimi,775,775,
darimi,776,776,
darimi,777,777,
darimi,778,778,
darimi,779,779,
darimi,780,780,
darimi,781,781,
darimi,782,782,
darimi,783,783,
darimi,784,784,
darimi,786,786,
darimi,787,787,
darimi,789,789,
darimi,790,790,
darimi,791,791,
darimi,793,793,
darimi,794,794,
darimi,796,796,
darimi,797,797,
darimi,799,799,
darimi,800,800,
darimi,801,801,
darimi,802,802,
darimi,803,803,
darimi,804,804,
darimi,805,805,
darimi,806,806,
darimi,807,807,
darimi,809,809,
darimi,810,810,
darimi,811,811,
darimi,813,813,
darimi,814,814,
darimi,815,815,
darimi,816,816,
darimi,818,818,
darimi,821,821,
darimi,822,822,
darimi,823,823,
darimi,824,824,
darimi,825,825,
darimi,827,827,
darimi,828,828,
darimi,829,829,
darimi,830,830,
darimi,831,831,
darimi,832,832,
darimi,833,833,
darimi,834,834,
darimi,835,835,
darimi,836,836,
darimi,837,837,
darimi,838,838,
darimi,840,840,
darimi,841,841,
darimi,842,842,
darimi,843,843,
darimi,845,845,
darimi,846,846,
darimi,847,847,
darimi,848,848,
darimi,849,849,
darimi,850,850,
darimi,851,851,
darimi,852,852,
darimi,853,853,
darimi,854,854,
darimi,855,855,
darimi,856,856,
darimi,857,857,
darimi,858,858,
darimi,859,859,
darimi,860,860,
darimi,862,862,
darimi,863,863,
darimi,864,864,
darimi,865,865,
darimi,866,866,
darimi,867,867,
darimi,868,868,
darimi,869,869,
darimi,870,870,
darimi,871,871,
darimi,872,872,
darimi,873,873,
darimi,874,874,
darimi,875,875,
darimi,876,876,
darimi,877,877,
darimi,880,880,
darimi,881,881,
darimi,882,882,
darimi,883,883,
darimi,884,884,
darimi,885,885,
darimi,888,888,
darimi,889,889,
darimi,890,890,
darimi,891,891,
darimi,892,892,
darimi,893,893,
darimi,894,894,
darimi,895,895,
darimi,896,896,
darimi,897,897,
darimi,899,899,
darimi,900,900,
darimi,901,901,
darimi,902,902,
darimi,903,903,
darimi,905,905,
darimi,906,906,
darimi,908,908,
darimi,909,909,
darimi,910,910,
darimi,913,913,
darimi,914,914,
darimi,915,915,
darimi,916,916,
darimi,917,917,
darimi,918,918,
darimi,919,919,
darimi,920,920,
darimi,921,921,
darimi,922,922,
darimi,923,923,
darimi,924,924,
darimi,925,925,
darimi,926,926,
darimi,927,927,
darimi,928,928,
darimi,929,929,
darimi,930,930,
darimi,931,931,
darimi,932,932,
darimi,933,933,
darimi,934,934,
darimi,936,936,
darimi,937,937,
darimi,938,938,
darimi,939,939,
darimi,940,940,
darimi,941,941,
darimi,942,942,
darimi,943,943,
darimi,944,944,
darimi,945,945,
darimi,946,946,
darimi,947,947,
darimi,949,949,
darimi,950,950,
darimi,951,951,
darimi,953,953,
darimi,954,954,
darimi,955,955,
darimi,956,956,
darimi,957,957,
darimi,958,958,
darimi,959,959,
darimi,961,961,
darimi,962,962,
darimi,963,963,
darimi,966,966,
darimi,967,967,
darimi,968,968,
darimi,969,969,
darimi,972,972,
darimi,973,973,
darimi,974,974,
darimi,976,976,
darimi,977,977,
darimi,978,978,
darimi,979,979,
darimi,980,980,
darimi,981,981,
darimi,982,982,
darimi,983,983,
darimi,984,984,
darimi,985,985,
darimi,986,986,
darimi,987,987,
darimi,988,988,
darimi,989,989,
darimi,990,990,
darimi,991,991,
darimi,992,992,
darimi,994,994,
darimi,995,995,
darimi,996,996,
darimi,997,997,
darimi,998,998,
darimi,999,999,
darimi,1001,1001,
darimi,1002,1002,
darimi,1003,1003,
darimi,1004,1004,
darimi,1005,1005,
darimi,1006,1006,
darimi,1007,1007,
darimi,1008,1008,
darimi,1009,1009,
darimi,1010,1010,
darimi,1011,1011,
darimi,1012,1012,
darimi,1013,1013,
darimi,1014,1014,
darimi,1015,1015,
darimi,1016,1016,
darimi,1017,1017,
darimi,1018,1018,
darimi,1020,1020,
darimi,1021,1021,
darimi,1022,1022,
darimi,1023,1023,
darimi,1024,1024,
darimi,1025,1025,
darimi,1026,1026,
darimi,1027,1027,
darimi,1028,1028,
darimi,1030,1030,
darimi,1031,1031,
darimi,1033,1033,
darimi,1034,1034,
darimi,1036,1036,
darimi,1037,1037,
darimi,1038,1038,
darimi,1039,1039,
darimi,1040,1040,
darimi,1041,1041,
darimi,1042,1042,
darimi,1043,1043,
darimi,1044,1044,
darimi,1045,1045,
darimi,1046,1046,
darimi,1047,1047,
darimi,1048,1048,
darimi,1051,1051,
darimi,1052,1052,
darimi,1053,1053,
darimi,1055,1055,
darimi,1057,1057,
darimi,1058,1058,
darimi,1059,1059,
darimi,1060,1060,
darimi,1061,1061,
darimi,1062,1062,
darimi,1063,1063,
darimi,1064,1064,
darimi,1065,1065,
darimi,1066,1066,
darimi,1067,1067,
darimi,1069,1069,
darimi,1070,1070,
darimi,1071,1071,
darimi,1072,1072,
darimi,1073,1073,
darimi,1074,1074,
darimi,1075,1075,
darimi,1076,1076,
darimi,1077,1077,
darimi,1078,1078,
darimi,1079,1079,
darimi,1081,1081,
darimi,1082,1082,
darimi,1083,1083,
darimi,1084,1084,
darimi,1085,1085,
darimi,1086,1086,
darimi,1087,1087,
darimi,1089,1089,
darimi,1090,1090,
darimi,1091,1091,
darimi,1092,1092,
darimi,1094,1094,
darimi,1095,1095,
darimi,1096,1096,
darimi,1097,1097,
darimi,1098,1098,
darimi,1099,1099,
darimi,1100,1100,
darimi,1101,1101,
darimi,1102,1102,
darimi,1103,1103,
darimi,1104,1104,
darimi,1105,1105,
darimi,1106,1106,
darimi,1107,1107,
darimi,1108,1108,
darimi,1109,1109,
darimi,1110,1110,
darimi,1111,1111,
darimi,1112,1112,
darimi,1113,1113,
darimi,1114,1114,
darimi,1115,1115,
darimi,1116,1116,
darimi,1117,1117,
darimi,1118,1118,
darimi,1119,1119,
darimi,1120,1120,
darimi,1121,1121,
darimi,1122,1122,
darimi,1124,1124,
darimi,1125,1125,
darimi,1126,1126,
darimi,1127,1127,
darimi,1128,1128,
darimi,1129,1129,
darimi,1130,1130,
darimi,1131,1131,
darimi,1132,1132,
darimi,1133,1133,
darimi,1134,1134,
darimi,1135,1135,
darimi,1136,1136,
darimi,1138,1138,
darimi,1139,1139,
darimi,1140,1140,
darimi,1142,1142,
darimi,1143,1143,
darimi,1144,1144,
darimi,1145,1145,
darimi,1146,1146,
darimi,1148,1148,
darimi,1149,1149,
darimi,1150,1150,
darimi,1151,1151,
darimi,1152,1152,
darimi,1153,1153,
darimi,1155,1155,
darimi,1156,1156,
darimi,1157,1157,
darimi,1158,1158,
darimi,1159,1159,
darimi,1161,1161,
darimi,1162,1162,
darimi,1163,1163,
darimi,1165,1165,
darimi,1166,1166,
darimi,1167,1167,
darimi,1168,1168,
darimi,1169,1169,
darimi,1170,1170,
darimi,1171,1171,
darimi,1172,1172,
darimi,1173,1173,
darimi,1174,1174,
darimi,1175,1175,
darimi,1177,1177,
darimi,1179,1179,
darimi,1181,1181,
darimi,1183,1183,
darimi,1184,1184,
darimi,1185,1185,
darimi,1186,1186,
darimi,1188,1188,
darimi,1189,1189,
darimi,1191,1191,
darimi,1192,1192,
darimi,1193,1193,
darimi,1195,1195,
darimi,1196,1196,
darimi,1197,1197,
darimi,1198,1198,
darimi,1199,1199,
darimi,1201,1201,
darimi,1202,1202,
darimi,1204,1204,
darimi,1205,1205,
darimi,1206,1206,
darimi,1207,1207,
darimi,1208,1208,
darimi,1209,1209,
darimi,1210,1210,
darimi,1211,1211,
darimi,1212,1212,
darimi,1213,1213,
darimi,1214,1214,
darimi,1215,1215,
darimi,1216,1216,
darimi,1219,1219,
darimi,1221,1221,
darimi,1222,1222,
darimi,1223,1223,
darimi,1224,1224,
darimi,1225,1225,
darimi,1226,1226,
darimi,1227,1227,
darimi,1229,1229,
darimi,1230,1230,
darimi,1231,1231,
darimi,1232,1232,
darimi,1233,1233,
darimi,1235,1235,
darimi,1236,1236,
darimi,1237,1237,
darimi,1238,1238,
darimi,1239,1239,
darimi,1241,1241,
darimi,1243,1243,
darimi,1245,1245,
darimi,1246,1246,
darimi,1247,1247,
darimi,1249,1249,
darimi,1250,1250,
darimi,1251,1251,
darimi,1252,1252,
darimi,1253,1253,
darimi,1254,1254,
darimi,1255,1255,
darimi,1256,1256,
darimi,1257,1257,
darimi,1260,1260,
darimi,1261,1261,
darimi,1262,1262,
darimi,1263,1263,
darimi,1264,1264,
darimi,1265,1265,
darimi,1266,1266,
darimi,1267,1267,
darimi,1268,1268,
darimi,1269,1269,
darimi,1270,1270,
darimi,1271,1271,
darimi,1272,1272,
darimi,1273,1273,
darimi,1274,1274,
darimi,1275,1275,
darimi,1279,1279,
darimi,1280,1280,
darimi,1281,1281,
darimi,1282,1282,
darimi,1283,1283,
darimi,1284,1284,
darimi,1285,1285,
darimi,1286,1286,
darimi,1287,1287,
darimi,1288,1288,
darimi,1289,1289,
darimi,1290,1290,
darimi,1291,1291,
darimi,1293,1293,
darimi,1294,1294,
darimi,1295,1295,
darimi,1296,1296,
darimi,1297,1297,
darimi,1298,1298,
darimi,1299,1299,
darimi,1300,1300,
darimi,1301,1301,
darimi,1302,1302,
darimi,1303,1303,
darimi,1304,1304,
darimi,1305,1305,
darimi,1306,1306,
darimi,1307,1307,
darimi,1308,1308,
darimi,1309,1309,
darimi,1310,1310,
darimi,1311,1311,
darimi,1312,1312,
darimi,1313,1313,
darimi,1314,1314,
darimi,1315,1315,
darimi,1316,1316,
darimi,1317,1317,
darimi,1318,1318,
darimi,1319,1319,
darimi,1320,1320,
darimi,1322,1322,
darimi,1323,1323,
darimi,1325,1325,
darimi,1326,1326,
darimi,1327,1327,
darimi,1328,1328,
darimi,1329,1329,
darimi,1330,1330,
darimi,1331,1331,
darimi,1332,1332,
darimi,1333,1333,
darimi,1334,1334,
darimi,1335,1335,
darimi,1336,1336,
darimi,1338,1338,
darimi,1339,1339,
darimi,1341,1341,
darimi,1342,1342,
darimi,1343,1343,
darimi,1344,1344,
darimi,1345,1345,
darimi,1349,1349,
darimi,1353,1353,
darimi,1354,1354,
darimi,1355,1355,
darimi,1356,1356,
darimi,1357,1357,
darimi,1358,1358,
darimi,1359,1359,
darimi,1360,1360,
darimi,1362,1362,
darimi,1363,1363,
darimi,1364,1364,
darimi,1365,1365,
darimi,1366,1366,
darimi,1368,1368,
darimi,1369,1369,
darimi,1370,1370,
darimi,1372,1372,
darimi,1373,1373,
darimi,1374,1374,
darimi,1375,1375,
darimi,1376,1376,
darimi,1378,1378,
darimi,1379,1379,
darimi,1380,1380,
darimi,1382,1382,
darimi,1384,1384,
darimi,1386,1386,
darimi,1388,1388,
darimi,1389,1389,
darimi,1390,1390,
darimi,1391,1391,
darimi,1392,1392,
darimi,1393,1393,
darimi,1394,1394,
darimi,1395,1395,
darimi,1396,1396,
darimi,1397,1397,
darimi,1398,1398,
darimi,1399,1399,
darimi,1400,1400,
darimi,1402,1402,
darimi,1403,1403,
darimi,1404,1404,
darimi,1405,1405,
darimi,1406,1406,
darimi,1407,1407,
darimi,1408,1408,
darimi,1409,1409,
darimi,1410,1410,
darimi,1412,1412,
darimi,1413,1413,
darimi,1414,1414,
darimi,1415,1415,
darimi,1416,1416,
darimi,1418,1418,
darimi,1419,1419,
darimi,1420,1420,
darimi,1421,1421,
darimi,1422,1422,
darimi,1425,1425,
darimi,1426,1426,
darimi,1427,1427,
darimi,1428,1428,
darimi,1429,1429,
darimi,1430,1430,
darimi,1431,1431,
darimi,1434,1434,
darimi,1435,1435,
darimi,1436,1436,
darimi,1438,1438,
darimi,1439,1439,
darimi,1443,1443,
darimi,1444,1444,
darimi,1446,1446,
darimi,1447,1447,
darimi,1448,1448,
darimi,1451,1451,
darimi,1453,1453,
darimi,1454,1454,
darimi,1455,1455,
darimi,1456,1456,
darimi,1457,1457,
darimi,1458,1458,
darimi,1460,1460,
darimi,1461,1461,
darimi,1462,1462,
darimi,1463,1463,
darimi,1464,1464,
darimi,1465,1465,
darimi,1466,1466,
darimi,1467,1467,
darimi,1468,1468,
darimi,1469,1469,
darimi,1470,1470,
darimi,1471,1471,
darimi,1472,1472,
darimi,1473,1473,
darimi,1476,1476,
darimi,1477,1477,
darimi,1478,1478,
darimi,1479,1479,
darimi,1480,1480,
darimi,1481,1481,
darimi,1482,1482,
darimi,1483,1483,
darimi,1484,1484,
darimi,1485,1485,
darimi,1486,1486,
darimi,1487,1487,
darimi,1488,1488,
darimi,1490,1490,
darimi,1491,1491,
darimi,1492,1492,
darimi,1494,1494,
darimi,1495,1495,
darimi,1496,1496,
darimi,1498,1498,
darimi,1499,1499,
darimi,1500,1500,
darimi,1501,1501,
darimi,1502,1502,
darimi,1503,1503,
darimi,1505,1505,
darimi,1506,1506,
darimi,1507,1507,
darimi,1508,1508,
darimi,1509,1509,
darimi,1510,1510,
darimi,1511,1511,
darimi,1512,1512,
darimi,1513,1513,
darimi,1514,1514,
darimi,1515,1515,
darimi,1516,1516,
darimi,1517,1517,
darimi,1518,1518,
darimi,1519,1519,
darimi,1520,1520,
darimi,1521,1521,
darimi,1522,1522,
darimi,1524,1524,
darimi,1525,1525,
darimi,1526,1526,
darimi,1527,1527,
darimi,1528,1528,
darimi,1529,1529,
darimi,1530,1530,
darimi,1531,1531,
darimi,1532,1532,
darimi,1533,1533,
darimi,1534,1534,
darimi,1535,1535,
darimi,1536,1536,
darimi,1538,1538,
darimi,1540,1540,
darimi,1541,1541,
darimi,1542,1542,
darimi,1543,1543,
darimi,1544,1544,
darimi,1545,1545,
darimi,1546,1546,
darimi,1547,1547,
darimi,1549,1549,
darimi,1550,1550,
darimi,1551,1551,
darimi,1552,1552,
darimi,1553,1553,
darimi,1554,1554,
darimi,1555,1555,
darimi,1556,1556,
darimi,1557,1557,
darimi,1558,1558,
darimi,1559,1559,
darimi,1560,1560,
darimi,1561,1561,
darimi,1562,1562,
darimi,1563,1563,
darimi,1564,1564,
darimi,1565,1565,
darimi,1566,1566,
darimi,1569,1569,
darimi,1570,1570,
darimi,1571,1571,
darimi,1573,1573,
darimi,1574,1574,
darimi,1575,1575,
darimi,1576,1576,
darimi,1577,1577,
darimi,1578,1578,
darimi,1580,1580,
darimi,1581,1581,
darimi,1582,1582,
darimi,1583,1583,
darimi,1584,1584,
darimi,1585,1585,
darimi,1586,1586,
darimi,1587,1587,
darimi,1588,1588,
darimi,1589,1589,
darimi,1590,1590,
darimi,1592,1592,
darimi,1593,1593,
darimi,1594,1594,
darimi,1595,1595,
darimi,1596,1596,
darimi,1597,1597,
darimi,1598,1598,
darimi,1599,1599,
darimi,1600,1600,
darimi,1601,1601,
darimi,1602,1602,
darimi,1603,1603,
darimi,1604,1604,
darimi,1605,1605,
darimi,1607,1607,
darimi,1610,1610,
darimi,1611,1611,
darimi,1612,1612,
darimi,1613,1613,
darimi,1614,1614,
darimi,1616,1616,
darimi,1617,1617,
darimi,1618,1618,
darimi,1619,1619,
darimi,1620,1620,
darimi,1621,1621,
darimi,1622,1622,
darimi,1623,1623,
darimi,1624,1624,
darimi,1625,1625,
darimi,1626,1626,
darimi,1627,1627,
darimi,1629,1629,
darimi,1630,1630,
darimi,1632,1632,
darimi,1633,1633,
darimi,1634,1634,
darimi,1635,1635,
darimi,1636,1636,
darimi,1637,1637,
darimi,1638,1638,
darimi,1642,1642,
darimi,1645,1645,
darimi,1647,1647,
darimi,1648,1648,
darimi,1649,1649,
darimi,1650,1650,
darimi,1651,1651,
darimi,1652,1652,
darimi,1653,1653,
darimi,1654,1654,
darimi,1655,1655,
darimi,1656,1656,
darimi,1657,1657,
darimi,1658,1658,
darimi,1659,1659,
darimi,1660,1660,
darimi,1661,1661,
darimi,1662,1662,
darimi,1663,1663,
darimi,1664,1664,
darimi,1665,1665,
darimi,1666,1666,
darimi,1667,1667,
darimi,1668,1668,
darimi,1669,1669,
darimi,1670,1670,
darimi,1671,1671,
darimi,1672,1672,
darimi,1673,1673,
darimi,1674,1674,
darimi,1675,1675,
darimi,1677,1677,
darimi,1679,1679,
darimi,1680,1680,
darimi,1681,1681,
darimi,1682,1682,
darimi,1684,1684,
darimi,1685,1685,
darimi,1686,1686,
darimi,1688,1688,
darimi,1689,1689,
darimi,1690,1690,
darimi,1691,1691,
darimi,1692,1692,
darimi,1693,1693,
darimi,1696,1696,
darimi,1697,1697,
darimi,1699,1699,
darimi,1700,1700,
darimi,1701,1701,
darimi,1702,1702,
darimi,1703,1703,
darimi,1705,1705,
darimi,1706,1706,
darimi,1707,1707,
darimi,1709,1709,
darimi,1710,1710,
darimi,1711,1711,
darimi,1712,1712,
darimi,1713,1713,
darimi,1714,1714,
darimi,1715,1715,
darimi,1718,1718,
darimi,1719,1719,
darimi,1720,1720,
darimi,1721,1721,
darimi,1722,1722,
darimi,1723,1723,
darimi,1725,1725,
darimi,1726,1726,
darimi,1727,1727,
darimi,1728,1728,
darimi,1729,1729,
darimi,1730,1730,
darimi,1731,1731,
darimi,1733,1733,
darimi,1734,1734,
darimi,1735,1735,
darimi,1736,1736,
darimi,1737,1737,
darimi,1738,1738,
darimi,1739,1739,
darimi,1740,1740,
darimi,1741,1741,
darimi,1742,1742,
darimi,1744,1744,
darimi,1745,1745,
darimi,1746,1746,
darimi,1747,1747,
darimi,1748,1748,
darimi,1749,1749,
darimi,1750,1750,
darimi,1751,1751,
darimi,1752,1752,
darimi,1753,1753,
darimi,1754,1754,
darimi,1755,1755,
darimi,1756,1756,
darimi,1757,1757,
darimi,1758,1758,
darimi,1759,1759,
darimi,1760,1760,
darimi,1761,1761,
darimi,1762,1762,
darimi,1763,1763,
darimi,1764,1764,
darimi,1765,1765,
darimi,1766,1766,
darimi,1767,1767,
darimi,1768,1768,
darimi,1769,1769,
darimi,1771,1771,
darimi,1772,1772,
darimi,1773,1773,
darimi,1776,1776,
darimi,1777,1777,
darimi,1778,1778,
darimi,1779,1779,
darimi,1780,1780,
darimi,1781,1781,
darimi,1782,1782,
darimi,1783,1783,
darimi,1784,1784,
darimi,1785,1785,
darimi,1786,1786,
darimi,1787,1787,
darimi,1788,1788,
darimi,1789,1789,
darimi,1790,1790,
darimi,1791,1791,
darimi,1792,1792,
darimi,1793,1793,
darimi,1794,1794,
darimi,1795,1795,
darimi,1796,1796,
darimi,1797,1797,
darimi,1798,1798,
darimi,1799,1799,
darimi,1800,1800,
darimi,1801,1801,
darimi,1802,1802,
darimi,1803,1803,
darimi,1804,1804,
darimi,1805,1805,
darimi,1806,1806,
darimi,1807,1807,
darimi,1809,1809,
darimi,1810,1810,
darimi,1811,1811,
darimi,1812,1812,
darimi,1813,1813,
darimi,1814,1814,
darimi,1816,1816,
darimi,1817,1817,
darimi,1818,1818,
darimi,1819,1819,
darimi,1820,1820,
darimi,1821,1821,
darimi,1822,1822,
darimi,1823,1823,
darimi,1824,1824,
darimi,1825,1825,
darimi,1826,1826,
darimi,1827,1827,
darimi,1828,1828,
darimi,1829,1829,
darimi,1830,1830,
darimi,1831,1831,
darimi,1832,1832,
darimi,1833,1833,
darimi,1834,1834,
darimi,1835,1835,
darimi,1836,1836,
darimi,1837,1837,
darimi,1838,1838,
darimi,1839,1839,
darimi,1840,1840,
darimi,1841,1841,
darimi,1842,1842,
darimi,1843,1843,
darimi,1844,1844,
darimi,1845,1845,
darimi,1849,1849,
darimi,1851,1851,
darimi,1852,1852,
darimi,1853,1853,
darimi,1854,1854,
darimi,1856,1856,
darimi,1857,1857,
darimi,1858,1858,
darimi,1859,1859,
darimi,1860,1860,
darimi,1861,1861,
darimi,1862,1862,
darimi,1863,1863,
darimi,1865,1865,
darimi,1866,1866,
darimi,1867,1867,
darimi,1868,1868,
darimi,1869,1869,
darimi,1870,1870,
darimi,1871,1871,
darimi,1872,1872,
darimi,1873,1873,
darimi,1874,1874,
darimi,1875,1875,
darimi,1876,1876,
darimi,1878,1878,
darimi,1879,1879,
darimi,1880,1880,
darimi,1881,1881,
darimi,1882,1882,
darimi,1883,1883,
darimi,1884,1884,
darimi,1885,1885,
darimi,1886,1886,
darimi,1887,1887,
darimi,1888,1888,
darimi,1889,1889,
darimi,1890,1890,
darimi,1891,1891,
darimi,1893,1893,
darimi,1894,1894,
darimi,1895,1895,
darimi,1896,1896,
darimi,1897,1897,
darimi,1898,1898,
darimi,1899,1899,
darimi,1900,1900,
darimi,1901,1901,
darimi,1902,1902,
darimi,1904,1904,
darimi,1905,1905,
darimi,1906,1906,
darimi,1907,1907,
darimi,1908,1908,
darimi,1909,1909,
darimi,1910,1910,
darimi,1911,1911,
darimi,1912,1912,
darimi,1913,1913,
darimi,1915,1915,
darimi,1916,1916,
darimi,1917,1917,
darimi,1918,1918,
darimi,1919,1919,
darimi,1920,1920,
darimi,1921,1921,
darimi,1923,1923,
darimi,1924,1924,
darimi,1925,1925,
darimi,1926,1926,
darimi,1927,1927,
darimi,1928,1928,
darimi,1929,1929,
darimi,1930,1930,
darimi,1931,1931,
darimi,1933,1933,
darimi,1935,1935,
darimi,1936,1936,
darimi,1937,1937,
darimi,1938,1938,
darimi,1939,1939,
darimi,1940,1940,
darimi,1941,1941,
darimi,1942,1942,
darimi,1943,1943,
darimi,1944,1944,
darimi,1945,1945,
darimi,1946,1946,
darimi,1947,1947,
darimi,1948,1948,
darimi,1949,1949,
darimi,1950,1950,
darimi,1952,1952,
darimi,1954,1954,
darimi,1955,1955,
darimi,1956,1956,
darimi,1957,1957,
darimi,1958,1958,
darimi,1959,1959,
darimi,1960,1960,
darimi,1961,1961,
darimi,1962,1962,
darimi,1963,1963,
darimi,1964,1964,
darimi,1965,1965,
darimi,1966,1966,
darimi,1967,1967,
darimi,1968,1968,
darimi,1969,1969,
darimi,1970,1970,
darimi,1971,1971,
darimi,1972,1972,
darimi,1973,1973,
darimi,1974,1974,
darimi,1975,1975,
darimi,1976,1976,
darimi,1977,1977,
darimi,1978,1978,
darimi,1979,1979,
darimi,1980,1980,
darimi,1981,1981,
darimi,1982,1982,
darimi,1983,1983,
darimi,1984,1984,
darimi,1987,1987,
darimi,1988,1988,
darimi,1989,1989,
darimi,1990,1990,
darimi,1991,1991,
darimi,1992,1992,
darimi,1993,1993,
darimi,1995,1995,
darimi,1997,1997,
darimi,1999,1999,
darimi,2000,2000,
darimi,2001,2001,
darimi,2002,2002,
darimi,2003,2003,
darimi,2004,2004,
darimi,2006,2006,
darimi,2007,2007,
darimi,2008,2008,
darimi,2009,2009,
darimi,2010,2010,
darimi,2011,2011,
darimi,2012,2012,
darimi,2013,2013,
darimi,2014,2014,
darimi,2015,2015,
darimi,2016,2016,
darimi,2017,2017,
darimi,2019,2019,
darimi,2020,2020,
darimi,2021,2021,
darimi,2022,2022,
darimi,2023,2023,
darimi,2024,2024,
darimi,2025,2025,
darimi,2026,2026,
darimi,2027,2027,
darimi,2028,2028,
darimi,2029,2029,
darimi,2031,2031,
darimi,2032,2032,
darimi,2033,2033,
darimi,2034,2034,
darimi,2035,2035,
darimi,2036,2036,
darimi,2037,2037,
darimi,2038,2038,
darimi,2039,2039,
darimi,2040,2040,
darimi,2041,2041,
darimi,2042,2042,
darimi,2043,2043,
darimi,2044,2044,
darimi,2045,2045,
darimi,2046,2046,
darimi,2047,2047,
darimi,2048,2048,
darimi,2049,2049,
darimi,2051,2051,
darimi,2052,2052,
darimi,2053,2053,
darimi,2054,2054,
darimi,2055,2055,
darimi,2056,2056,
darimi,2057,2057,
darimi,2058,2058,
darimi,2059,2059,
darimi,2060,2060,
darimi,2061,2061,
darimi,2062,2062,
darimi,2063,2063,
darimi,2064,2064,
darimi,2065,2065,
darimi,2067,2067,
darimi,2068,2068,
darimi,2069,2069,
darimi,2070,2070,
darimi,2071,2071,
darimi,2073,2073,
darimi,2074,2074,
darimi,2075,2075,
darimi,2076,2076,
darimi,2077,2077,
darimi,2078,2078,
darimi,2079,2079,
darimi,2080,2080,
darimi,2081,2081,
darimi,2083,2083,
darimi,2084,2084,
darimi,2086,2086,
darimi,2087,2087,
darimi,2088,2088,
darimi,2089,2089,
darimi,2090,2090,
darimi,2091,2091,
darimi,2092,2092,
darimi,2093,2093,
darimi,2094,2094,
darimi,2095,2095,
darimi,2096,2096,
darimi,2097,2097,
darimi,2098,2098,
darimi,2100,2100,
darimi,2101,2101,
darimi,2102,2102,
darimi,2103,2103,
darimi,2104,2104,
darimi,2105,2105,
darimi,2106,2106,
darimi,2107,2107,
darimi,2108,2108,
darimi,2109,2109,
darimi,2110,2110,
darimi,2111,2111,
darimi,2112,2112,
darimi,2113,2113,
darimi,2114,2114,
darimi,2115,2115,
darimi,2116,2116,
darimi,2117,2117,
darimi,2118,2118,
darimi,2119,2119,
darimi,2120,2120,
darimi,2121,2121,
darimi,2122,2122,
darimi,2124,2124,
darimi,2125,2125,
darimi,2126,2126,
darimi,2128,2128,
darimi,2129,2129,
darimi,2130,2130,
darimi,2131,2131,
darimi,2132,2132,
darimi,2133,2133,
darimi,2134,2134,
darimi,2135,2135,
darimi,2136,2136,
darimi,2137,2137,
darimi,2138,2138,
darimi,2139,2139,
darimi,2140,2140,
darimi,2141,2141,
darimi,2142,2142,
darimi,2143,2143,
darimi,2144,2144,
darimi,2145,2145,
darimi,2146,2146,
darimi,2147,2147,
darimi,2148,2148,
darimi,2149,2149,
darimi,2150,2150,
darimi,2153,2153,
darimi,2154,2154,
darimi,2155,2155,
darimi,2156,2156,
darimi,2157,2157,
darimi,2158,2158,
darimi,2159,2159,
darimi,2160,2160,
darimi,2161,2161,
darimi,2162,2162,
darimi,2163,2163,
darimi,2164,2164,
darimi,2165,2165,
darimi,2167,2167,
darimi,2168,2168,
darimi,2169,2169,
darimi,2170,2170,
darimi,2171,2171,
darimi,2172,2172,
darimi,2173,2173,
darimi,2174,2174,
darimi,2175,2175,
darimi,2176,2176,
darimi,2177,2177,
darimi,2178,2178,
darimi,2179,2179,
darimi,2180,2180,
darimi,2182,2182,
darimi,2183,2183,
darimi,2184,2184,
darimi,2185,2185,
darimi,2186,2186,
darimi,2187,2187,
darimi,2188,2188,
darimi,2189,2189,
darimi,2190,2190,
darimi,2191,2191,
darimi,2192,2192,
darimi,2193,2193,
darimi,2194,2194,
darimi,2195,2195,
darimi,2196,2196,
darimi,2197,2197,
darimi,2198,2198,
darimi,2199,2199,
darimi,2200,2200,
darimi,2201,2201,
darimi,2202,2202,
darimi,2203,2203,
darimi,2204,2204,
darimi,2205,2205,
darimi,2206,2206,
darimi,2207,2207,
darimi,2208,2208,
darimi,2209,2209,
darimi,2210,2210,
darimi,2212,2212,
darimi,2213,2213,
darimi,2214,2214,
darimi,2216,2216,
darimi,2217,2217,
darimi,2218,2218,
darimi,2219,2219,
darimi,2220,2220,
darimi,2221,2221,
darimi,2223,2223,
darimi,2224,2224,
darimi,2225,2225,
darimi,2226,2226,
darimi,2227,2227,
darimi,2228,2228,
darimi,2229,2229,
darimi,2230,2230,
darimi,2231,2231,
darimi,2233,2233,
darimi,2234,2234,
darimi,2235,2235,
darimi,2236,2236,
darimi,2238,2238,
darimi,2239,2239,
darimi,2240,2240,
darimi,2241,2241,
darimi,2243,2243,
darimi,2244,2244,
darimi,2245,2245,
darimi,2247,2247,
darimi,2249,2249,
darimi,2250,2250,
darimi,2251,2251,
darimi,2252,2252,
darimi,2253,2253,
darimi,2254,2254,
darimi,2255,2255,
darimi,2256,2256,
darimi,2257,2257,
darimi,2261,2261,
darimi,2262,2262,
darimi,2263,2263,
darimi,2264,2264,
darimi,2266,2266,
darimi,2267,2267,
darimi,2268,2268,
darimi,2269,2269,
darimi,2270,2270,
darimi,2271,2271,
darimi,2272,2272,
darimi,2274,2274,
darimi,2275,2275,
darimi,2276,2276,
darimi,2277,2277,
darimi,2278,2278,
darimi,2279,2279,
darimi,2280,2280,
darimi,2281,2281,
darimi,2282,2282,
darimi,2283,2283,
darimi,2286,2286,
darimi,2287,2287,
darimi,2288,2288,
darimi,2289,2289,
darimi,2291,2291,
darimi,2292,2292,
darimi,2294,2294,
darimi,2295,2295,
darimi,2296,2296,
darimi,2297,2297,
darimi,2298,2298,
darimi,2300,2300,
darimi,2301,2301,
darimi,2302,2302,
darimi,2303,2303,
darimi,2304,2304,
darimi,2305,2305,
darimi,2306,2306,
darimi,2308,2308,
darimi,2309,2309,
darimi,2310,2310,
darimi,2311,2311,
darimi,2312,2312,
darimi,2313,2313,
darimi,2314,2314,
darimi,2315,2315,
darimi,2316,2316,
darimi,2317,2317,
darimi,2318,2318,
darimi,2319,2319,
darimi,2320,2320,
darimi,2321,2321,
darimi,2322,2322,
darimi,2323,2323,
darimi,2324,2324,
darimi,2325,2325,
darimi,2326,2326,
darimi,2327,2327,
darimi,2328,2328,
darimi,2331,2331,
darimi,2333,2333,
darimi,2334,2334,
darimi,2335,2335,
darimi,2336,2336,
darimi,2337,2337,
darimi,2338,2338,
darimi,2339,2339,
darimi,2340,2340,
darimi,2341,2341,
darimi,2342,2342,
darimi,2343,2343,
darimi,2344,2344,
darimi,2345,2345,
darimi,2346,2346,
darimi,2347,2347,
darimi,2348,2348,
darimi,2349,2349,
darimi,2350,2350,
darimi,2351,2351,
darimi,2352,2352,
darimi,2353,2353,
darimi,2354,2354,
darimi,2356,2356,
darimi,2358,2358,
darimi,2359,2359,
darimi,2360,2360,
darimi,2361,2361,
darimi,2362,2362,
darimi,2363,2363,
darimi,2364,2364,
darimi,2365,2365,
darimi,2366,2366,
darimi,2367,2367,
darimi,2368,2368,
darimi,2369,2369,
darimi,2371,2371,
darimi,2372,2372,
darimi,2373,2373,
darimi,2374,2374,
darimi,2375,2375,
darimi,2376,2376,
darimi,2377,2377,
darimi,2378,2378,
darimi,2379,2379,
darimi,2380,2380,
darimi,2381,2381,
darimi,2382,2382,
darimi,2383,2383,
darimi,2384,2384,
darimi,2385,2385,
darimi,2386,2386,
darimi,2387,2387,
darimi,2389,2389,
darimi,2390,2390,
darimi,2391,2391,
darimi,2392,2392,
darimi,2393,2393,
darimi,2394,2394,
darimi,2395,2395,
darimi,2396,2396,
darimi,2397,2397,
darimi,2398,2398,
darimi,2399,2399,
darimi,2400,2400,
darimi,2401,2401,
darimi,2403,2403,
darimi,2404,2404,
darimi,2405,2405,
darimi,2406,2406,
darimi,2407,2407,
darimi,2408,2408,
darimi,2411,2411,
darimi,2413,2413,
darimi,2414,2414,
darimi,2415,2415,
darimi,2416,2416,
darimi,2419,2419,
darimi,2420,2420,
darimi,2421,2421,
darimi,2422,2422,
darimi,2423,2423,
darimi,2424,2424,
darimi,2425,2425,
darimi,2426,2426,
darimi,2427,2427,
darimi,2428,2428,
darimi,2429,2429,
darimi,2430,2430,
darimi,2431,2431,
darimi,2432,2432,
darimi,2433,2433,
darimi,2434,2434,
darimi,2435,2435,
darimi,2436,2436,
darimi,2438,2438,
darimi,2439,2439,
darimi,2440,2440,
darimi,2441,2441,
darimi,2443,2443,
darimi,2444,2444,
darimi,2445,2445,
darimi,2446,2446,
darimi,2447,2447,
darimi,2448,2448,
darimi,2449,2449,
darimi,2450,2450,
darimi,2451,2451,
darimi,2452,2452,
darimi,2454,2454,
darimi,2455,2455,
darimi,2456,2456,
darimi,2457,2457,
darimi,2458,2458,
darimi,2460,2460,
darimi,2461,2461,
darimi,2462,2462,
darimi,2463,2463,
darimi,2464,2464,
darimi,2466,2466,
darimi,2467,2467,
darimi,2468,2468,
darimi,2469,2469,
darimi,2470,2470,
darimi,2471,2471,
darimi,2472,2472,
darimi,2473,2473,
darimi,2474,2474,
darimi,2475,2475,
darimi,2476,2476,
darimi,2477,2477,
darimi,2478,2478,
darimi,2479,2479,
darimi,2480,2480,
darimi,2481,2481,
darimi,2482,2482,
darimi,2483,2483,
darimi,2484,2484,
darimi,2485,2485,
darimi,2486,2486,
darimi,2487,2487,
darimi,2488,2488,
darimi,2489,2489,
darimi,2490,2490,
darimi,2491,2491,
darimi,2492,2492,
darimi,2493,2493,
darimi,2494,2494,
darimi,2495,2495,
darimi,2496,2496,
darimi,2497,2497,
darimi,2498,2498,
darimi,2499,2499,
darimi,2500,2500,
darimi,2501,2501,
darimi,2502,2502,
darimi,2503,2503,
darimi,2504,2504,
darimi,2505,2505,
darimi,2506,2506,
darimi,2507,2507,
darimi,2508,2508,
darimi,2509,2509,
darimi,2510,2510,
darimi,2511,2511,
darimi,2512,2512,
darimi,2513,2513,
darimi,2514,2514,
darimi,2515,2515,
darimi,2516,2516,
darimi,2517,2517,
darimi,2518,2518,
darimi,2520,2520,
darimi,2521,2521,
darimi,2522,2522,
darimi,2523,2523,
darimi,2525,2525,
darimi,2526,2526,
darimi,2527,2527,
darimi,2528,2528,
darimi,2529,2529,
darimi,2530,2530,
darimi,2531,2531,
darimi,2532,2532,
darimi,2533,2533,
darimi,2534,2534,
darimi,2535,2535,
darimi,2536,2536,
darimi,2537,2537,
darimi,2538,2538,
darimi,2539,2539,
darimi,2540,2540,
darimi,2541,2541,
darimi,2542,2542,
darimi,2543,2543,
darimi,2544,2544,
darimi,2545,2545,
darimi,2546,2546,
darimi,2547,2547,
darimi,2548,2548,
darimi,2549,2549,
darimi,2550,2550,
darimi,2551,2551,
darimi,2552,2552,
darimi,2553,2553,
darimi,2554,2554,
darimi,2555,2555,
darimi,2556,2556,
darimi,2558,2558,
darimi,2559,2559,
darimi,2560,2560,
darimi,2562,2562,
darimi,2563,2563,
darimi,2564,2564,
darimi,2565,2565,
darimi,2566,2566,
darimi,2567,2567,
darimi,2568,2568,
darimi,2569,2569,
darimi,2570,2570,
darimi,2571,2571,
darimi,2572,2572,
darimi,2573,2573,
darimi,2574,2574,
darimi,2575,2575,
darimi,2577,2577,
darimi,2578,2578,
darimi,2579,2579,
darimi,2580,2580,
darimi,2581,2581,
darimi,2582,2582,
darimi,2583,2583,
darimi,2584,2584,
darimi,2585,2585,
darimi,2586,2586,
darimi,2587,2587,
darimi,2588,2588,
darimi,2589,2589,
darimi,2590,2590,
darimi,2591,2591,
darimi,2592,2592,
darimi,2593,2593,
darimi,2594,2594,
darimi,2595,2595,
darimi,2596,2596,
darimi,2597,2597,
darimi,2598,2598,
darimi,2599,2599,
darimi,2600,2600,
darimi,2601,2601,
darimi,2602,2602,
darimi,2603,2603,
darimi,2604,2604,
darimi,2605,2605,
darimi,2606,2606,
darimi,2607,2607,
darimi,2608,2608,
darimi,2609,2609,
darimi,2610,2610,
darimi,2611,2611,
darimi,2612,2612,
darimi,2613,2613,
darimi,2614,2614,
darimi,2615,2615,
darimi,2617,2617,
darimi,2618,2618,
darimi,2619,2619,
darimi,2620,2620,
darimi,2621,2621,
darimi,2622,2622,
darimi,2623,2623,
darimi,2624,2624,
darimi,2625,2625,
darimi,2626,2626,
darimi,2627,2627,
darimi,2628,2628,
darimi,2629,2629,
darimi,2630,2630,
darimi,2631,2631,
darimi,2632,2632,
darimi,2633,2633,
darimi,2635,2635,
darimi,2636,2636,
darimi,2637,2637,
darimi,2638,2638,
darimi,2639,2639,
darimi,2640,2640,
darimi,2641,2641,
darimi,2642,2642,
darimi,2644,2644,
darimi,2645,2645,
darimi,2646,2646,
darimi,2647,2647,
darimi,2648,2648,
darimi,2649,2649,
darimi,2650,2650,
darimi,2651,2651,
darimi,2652,2652,
darimi,2653,2653,
darimi,2654,2654,
darimi,2655,2655,
darimi,2656,2656,
darimi,2657,2657,
darimi,2658,2658,
darimi,2659,2659,
darimi,2660,2660,
darimi,2661,2661,
darimi,2662,2662,
darimi,2663,2663,
darimi,2664,2664,
darimi,2665,2665,
darimi,2666,2666,
darimi,2667,2667,
darimi,2668,2668,
darimi,2669,2669,
darimi,2670,2670,
darimi,2671,2671,
darimi,2673,2673,
darimi,2674,2674,
darimi,2675,2675,
darimi,2676,2676,
darimi,2677,2677,
darimi,2678,2678,
darimi,2679,2679,
darimi,2680,2680,
darimi,2681,2681,
darimi,2682,2682,
darimi,2683,2683,
darimi,2684,2684,
darimi,2685,2685,
darimi,2686,2686,
darimi,2687,2687,
darimi,2688,2688,
darimi,2689,2689,
darimi,2690,2690,
darimi,2691,2691,
darimi,2692,2692,
darimi,2693,2693,
darimi,2694,2694,
darimi,2695,2695,
darimi,2696,2696,
darimi,2697,2697,
darimi,2700,2700,
darimi,2701,2701,
darimi,2703,2703,
darimi,2704,2704,
darimi,2705,2705,
darimi,2706,2706,
darimi,2709,2709,
darimi,2710,2710,
darimi,2711,2711,
darimi,2712,2712,
darimi,2713,2713,
darimi,2714,2714,
darimi,2715,2715,
darimi,2716,2716,
darimi,2717,2717,
darimi,2718,2718,
darimi,2719,2719,
darimi,2720,2720,
darimi,2721,2721,
darimi,2722,2722,
darimi,2723,2723,
darimi,2724,2724,
darimi,2725,2725,
darimi,2726,2726,
darimi,2728,2728,
darimi,2729,2729,
darimi,2730,2730,
darimi,2731,2731,
darimi,2732,2732,
darimi,2734,2734,
darimi,2735,2735,
darimi,2736,2736,
darimi,2737,2737,
darimi,2738,2738,
darimi,2739,2739,
darimi,2741,2741,
darimi,2742,2742,
darimi,2743,2743,
darimi,2744,2744,
darimi,2745,2745,
darimi,2746,2746,
darimi,2747,2747,
darimi,2748,2748,
darimi,2749,2749,
darimi,2750,2750,
darimi,2751,2751,
darimi,2752,2752,
darimi,2753,2753,
darimi,2754,2754,
darimi,2755,2755,
darimi,2756,2756,
darimi,2757,2757,
darimi,2758,2758,
darimi,2759,2759,
darimi,2760,2760,
darimi,2761,2761,
darimi,2762,2762,
darimi,2763,2763,
darimi,2766,2766,
darimi,2767,2767,
darimi,2768,2768,
darimi,2769,2769,
darimi,2772,2772,
darimi,2773,2773,
darimi,2774,2774,
darimi,2775,2775,
darimi,2776,2776,
darimi,2777,2777,
darimi,2778,2778,
darimi,2780,2780,
darimi,2781,2781,
darimi,2782,2782,
darimi,2783,2783,
darimi,2784,2784,
darimi,2785,2785,
darimi,2786,2786,
darimi,2787,2787,
darimi,2788,2788,
darimi,2789,2789,
darimi,2790,2790,
darimi,2791,2791,
darimi,2792,2792,
darimi,2794,2794,
darimi,2795,2795,
darimi,2796,2796,
darimi,2797,2797,
darimi,2799,2799,
darimi,2800,2800,
darimi,2801,2801,
darimi,2802,2802,
darimi,2803,2803,
darimi,2804,2804,
darimi,2805,2805,
darimi,2806,2806,
darimi,2807,2807,
darimi,2808,2808,
darimi,2810,2810,
darimi,2811,2811,
darimi,2812,2812,
darimi,2813,2813,
darimi,2814,2814,
darimi,2815,2815,
darimi,2816,2816,
darimi,2817,2817,
darimi,2818,2818,
darimi,2819,2819,
darimi,2820,2820,
darimi,2821,2821,
darimi,2822,2822,
darimi,2823,2823,
darimi,2824,2824,
darimi,2825,2825,
darimi,2826,2826,
darimi,2828,2828,
darimi,2829,2829,
darimi,2830,2830,
darimi,2831,2831,
darimi,2832,2832,
darimi,2833,2833,
darimi,2834,2834,
darimi,2835,2835,
darimi,2836,2836,
darimi,2837,2837,
darimi,2838,2838,
darimi,2839,2839,
darimi,2840,2840,
darimi,2841,2841,
darimi,2842,2842,
darimi,2843,2843,
darimi,2844,2844,
darimi,2845,2845,
darimi,2846,2846,
darimi,2847,2847,
darimi,2848,2848,
darimi,2849,2849,
darimi,2850,2850,
darimi,2851,2851,
darimi,2852,2852,
darimi,2853,2853,
darimi,2854,2854,
darimi,2855,2855,
darimi,2856,2856,
darimi,2857,2857,
darimi,2858,2858,
darimi,2859,2859,
darimi,2860,2860,
darimi,2861,2861,
darimi,2862,2862,
darimi,2863,2863,
darimi,2864,2864,
darimi,2865,2865,
darimi,2866,2866,
darimi,2867,2867,
darimi,2868,2868,
darimi,2869,2869,
darimi,2870,2870,
darimi,2873,2873,
darimi,2874,2874,
darimi,2876,2876,
darimi,2877,2877,
darimi,2878,2878,
darimi,2879,2879,
darimi,2880,2880,
darimi,2881,2881,
darimi,2882,2882,
darimi,2883,2883,
darimi,2884,2884,
darimi,2885,2885,
darimi,2886,2886,
darimi,2887,2887,
darimi,2888,2888,
darimi,2889,2889,
darimi,2890,2890,
darimi,2891,2891,
darimi,2892,2892,
darimi,2893,2893,
darimi,2894,2894,
darimi,2895,2895,
darimi,2896,2896,
darimi,2899,2899,
darimi,2900,2900,
darimi,2901,2901,
darimi,2902,2902,
darimi,2903,2903,
darimi,2904,2904,
darimi,2905,2905,
darimi,2906,2906,
darimi,2908,2908,
darimi,2910,2910,
darimi,2911,2911,
darimi,2913,2913,
darimi,2914,2914,
darimi,2915,2915,
darimi,2917,2917,
darimi,2918,2918,
darimi,2919,2919,
darimi,2920,2920,
darimi,2921,2921,
darimi,2922,2922,
darimi,2923,2923,
darimi,2924,2924,
darimi,2925,2925,
darimi,2926,2926,
darimi,2927,2927,
darimi,2928,2928,
darimi,2929,2929,
darimi,2930,2930,
darimi,2931,2931,
darimi,2932,2932,
darimi,2933,2933,
darimi,2935,2935,
darimi,2936,2936,
darimi,2937,2937,
darimi,2938,2938,
darimi,2939,2939,
darimi,2940,2940,
darimi,2941,2941,
darimi,2942,2942,
darimi,2943,2943,
darimi,2944,2944,
darimi,2945,2945,
darimi,2946,2946,
darimi,2947,2947,
darimi,2948,2948,
darimi,2949,2949,
darimi,2950,2950,
darimi,2951,2951,
darimi,2952,2952,
darimi,2953,2953,
darimi,2954,2954,
darimi,2955,2955,
darimi,2956,2956,
darimi,2957,2957,
darimi,2958,2958,
darimi,2959,2959,
darimi,2960,2960,
darimi,2961,2961,
darimi,2962,2962,
darimi,2963,2963,
darimi,2964,2964,
darimi,2965,2965,
darimi,2966,2966,
darimi,2967,2967,
darimi,2968,2968,
darimi,2969,2969,
darimi,2970,2970,
darimi,2971,2971,
darimi,2972,2972,
darimi,2974,2974,
darimi,2975,2975,
darimi,2976,2976,
darimi,2977,2977,
darimi,2978,2978,
darimi,2980,2980,
darimi,2981,2981,
darimi,2982,2982,
darimi,2983,2983,
darimi,2984,2984,
darimi,2985,2985,
darimi,2986,2986,
darimi,2987,2987,
darimi,2988,2988,
darimi,2989,2989,
darimi,2990,2990,
darimi,2991,2991,
darimi,2992,2992,
darimi,2993,2993,
darimi,2994,2994,
darimi,2995,2995,
darimi,2996,2996,
darimi,2997,2997,
darimi,2998,2998,
darimi,2999,2999,
darimi,3000,3000,
darimi,3001,3001,
darimi,3002,3002,
darimi,3005,3005,
darimi,3006,3006,
darimi,3007,3007,
darimi,3008,3008,
darimi,3009,3009,
darimi,3010,3010,
darimi,3011,3011,
darimi,3012,3012,
darimi,3013,3013,
darimi,3014,3014,
darimi,3015,3015,
darimi,3016,3016,
darimi,3017,3017,
darimi,3018,3018,
darimi,3019,3019,
darimi,3020,3020,
darimi,3021,3021,
darimi,3022,3022,
darimi,3023,3023,
darimi,3024,3024,
darimi,3025,3025,
darimi,3026,3026,
darimi,3027,3027,
darimi,3028,3028,
darimi,3029,3029,
darimi,3031,3031,
darimi,3032,3032,
darimi,3033,3033,
darimi,3034,3034,
darimi,3036,3036,
darimi,3037,3037,
darimi,3038,3038,
darimi,3039,3039,
darimi,3040,3040,
darimi,3041,3041,
darimi,3042,3042,
darimi,3043,3043,
darimi,3044,3044,
darimi,3045,3045,
darimi,3046,3046,
darimi,3047,3047,
darimi,3048,3048,
darimi,3049,3049,
darimi,3050,3050,
darimi,3051,3051,
darimi,3052,3052,
darimi,3053,3053,
darimi,3054,3054,
darimi,3055,3055,
darimi,3056,3056,
darimi,3057,3057,
darimi,3058,3058,
darimi,3059,3059,
darimi,3060,3060,
darimi,3061,3061,
darimi,3062,3062,
darimi,3063,3063,
darimi,3065,3065,
darimi,3067,3067,
darimi,3068,3068,
darimi,3069,3069,
darimi,3070,3070,
darimi,3072,3072,
darimi,3073,3073,
darimi,3074,3074,
darimi,3075,3075,
darimi,3076,3076,
darimi,3077,3077,
darimi,3078,3078,
darimi,3079,3079,
darimi,3080,3080,
darimi,3081,3081,
darimi,3082,3082,
darimi,3083,3083,
darimi,3084,3084,
darimi,3085,3085,
darimi,3086,3086,
darimi,3087,3087,
darimi,3088,3088,
darimi,3090,3090,
darimi,3091,3091,
darimi,3092,3092,
darimi,3093,3093,
darimi,3094,3094,
darimi,3095,3095,
darimi,3096,3096,
darimi,3097,3097,
darimi,3098,3098,
darimi,3099,3099,
darimi,3101,3101,
darimi,3103,3103,
darimi,3104,3104,
darimi,3105,3105,
darimi,3106,3106,
darimi,3107,3107,
darimi,3108,3108,
darimi,3109,3109,
darimi,3110,3110,
darimi,3111,3111,
darimi,3112,3112,
darimi,3113,3113,
darimi,3114,3114,
darimi,3115,3115,
darimi,3116,3116,
darimi,3117,3117,
darimi,3118,3118,
darimi,3119,3119,
darimi,3120,3120,
darimi,3121,3121,
darimi,3122,3122,
darimi,3123,3123,
darimi,3124,3124,
darimi,3125,3125,
darimi,3126,3126,
darimi,3127,3127,
darimi,3128,3128,
darimi,3129,3129,
darimi,3130,3130,
darimi,3131,3131,
darimi,3133,3133,
darimi,3134,3134,
darimi,3135,3135,
darimi,3136,3136,
darimi,3138,3138,
darimi,3139,3139,
darimi,3140,3140,
darimi,3141,3141,
darimi,3142,3142,
darimi,3143,3143,
darimi,3144,3144,
darimi,3145,3145,
darimi,3146,3146,
darimi,3147,3147,
darimi,3148,3148,
darimi,3149,3149,
darimi,3150,3150,
darimi,3152,3152,
darimi,3153,3153,
darimi,3154,3154,
darimi,3155,3155,
darimi,3156,3156,
darimi,3157,3157,
darimi,3158,3158,
darimi,3159,3159,
darimi,3160,3160,
darimi,3161,3161,
darimi,3162,3162,
darimi,3163,3163,
darimi,3164,3164,
darimi,3165,3165,
darimi,3166,3166,
darimi,3167,3167,
darimi,3168,3168,
darimi,3169,3169,
darimi,3170,3170,
darimi,3171,3171,
darimi,3172,3172,
darimi,3173,3173,
darimi,3174,3174,
darimi,3175,3175,
darimi,3176,3176,
darimi,3178,3178,
darimi,3179,3179,
darimi,3180,3180,
darimi,3181,3181,
darimi,3182,3182,
darimi,3183,3183,
darimi,3184,3184,
darimi,3185,3185,
darimi,3186,3186,
darimi,3187,3187,
darimi,3188,3188,
darimi,3189,3189,
darimi,3190,3190,
darimi,3191,3191,
darimi,3192,3192,
darimi,3193,3193,
darimi,3194,3194,
darimi,3195,3195,
darimi,3196,3196,
darimi,3197,3197,
darimi,3198,3198,
darimi,3199,3199,
darimi,3200,3200,
darimi,3201,3201,
darimi,3202,3202,
darimi,3203,3203,
darimi,3204,3204,
darimi,3205,3205,
darimi,3206,3206,
darimi,3207,3207,
darimi,3208,3208,
darimi,3209,3209,
darimi,3210,3210,
darimi,3211,3211,
darimi,3212,3212,
darimi,3213,3213,
darimi,3214,3214,
darimi,3215,3215,
darimi,3216,3216,
darimi,3217,3217,
darimi,3218,3218,
darimi,3219,3219,
darimi,3220,3220,
darimi,3221,3221,
darimi,3222,3222,
darimi,3223,3223,
darimi,3224,3224,
darimi,3225,3225,
darimi,3226,3226,
darimi,3227,3227,
darimi,3228,3228,
darimi,3229,3229,
darimi,3230,3230,
darimi,3231,3231,
darimi,3233,3233,
darimi,3234,3234,
darimi,3235,3235,
darimi,3236,3236,
darimi,3237,3237,
darimi,3238,3238,
darimi,3239,3239,
darimi,3240,3240,
darimi,3241,3241,
darimi,3242,3242,
darimi,3243,3243,
darimi,3244,3244,
darimi,3245,3245,
darimi,3246,3246,
darimi,3247,3247,
darimi,3248,3248,
darimi,3249,3249,
darimi,3250,3250,
darimi,3251,3251,
darimi,3252,3252,
darimi,3253,3253,
darimi,3254,3254,
darimi,3255,3255,
darimi,3256,3256,
darimi,3257,3257,
darimi,3258,3258,
darimi,3259,3259,
darimi,3260,3260,
darimi,3261,3261,
darimi,3262,3262,
darimi,3264,3264,
darimi,3265,3265,
darimi,3266,3266,
darimi,3267,3267,
darimi,3268,3268,
darimi,3269,3269,
darimi,3270,3270,
darimi,3271,3271,
darimi,3272,3272,
darimi,3273,3273,
darimi,3274,3274,
darimi,3275,3275,
darimi,3276,3276,
darimi,3277,3277,
darimi,3278,3278,
darimi,3279,3279,
darimi,3280,3280,
darimi,3281,3281,
darimi,3282,3282,
darimi,3284,3284,
darimi,3285,3285,
darimi,3286,3286,
darimi,3287,3287,
darimi,3288,3288,
darimi,3289,3289,
darimi,3290,3290,
darimi,3291,3291,
darimi,3292,3292,
darimi,3293,3293,
darimi,3294,3294,
darimi,3295,3295,
darimi,3296,3296,
darimi,3297,3297,
darimi,3298,3298,
darimi,3299,3299,
darimi,3300,3300,
darimi,3301,3301,
darimi,3302,3302,
darimi,3303,3303,
darimi,3304,3304,
darimi,3305,3305,
darimi,3306,3306,
darimi,3308,3308,
darimi,3310,3310,
darimi,3314,3314,
darimi,3315,3315,
darimi,3316,3316,
darimi,3317,3317,
darimi,3319,3319,
darimi,3320,3320,
darimi,3322,3322,
darimi,3323,3323,
darimi,3324,3324,
darimi,3325,3325,
darimi,3326,3326,
darimi,3327,3327,
darimi,3328,3328,
darimi,3329,3329,
darimi,3330,3330,
darimi,3331,3331,
darimi,3332,3332,
darimi,3333,3333,
darimi,3334,3334,
darimi,3335,3335,
darimi,3336,3336,
darimi,3337,3337,
darimi,3338,3338,
darimi,3339,3339,
darimi,3340,3340,
darimi,3341,3341,
darimi,3342,3342,
darimi,3343,3343,
darimi,3344,3344,
darimi,3345,3345,
darimi,3346,3346,
darimi,3347,3347,
darimi,3348,3348,
darimi,3349,3349,
darimi,3350,3350,
darimi,3351,3351,
darimi,3352,3352,
darimi,3353,3353,
darimi,3354,3354,
darimi,3355,3355,
darimi,3357,3357,
darimi,3358,3358,
darimi,3359,3359,
darimi,3360,3360,
darimi,3361,3361,
darimi,3362,3362,
darimi,3363,3363,
darimi,3364,3364,
darimi,3365,3365,
darimi,3366,3366,
darimi,3367,3367,
ahmad,1,1,
ahmad,2,2,
ahmad,3,3,
ahmad,4,4,
ahmad,5,5,
ahmad,7,7,
ahmad,8,8,
ahmad,10,10,
ahmad,11,11,
ahmad,12,12,
ahmad,13,13,
ahmad,15,15,
ahmad,16,16,
ahmad,17,17,
ahmad,18,18,
ahmad,19,19,
ahmad,21,21,
ahmad,22,22,
ahmad,23,23,
ahmad,27,27,
ahmad,29,29,
ahmad,30,30,
ahmad,31,31,
ahmad,32,32,
ahmad,33,33,
ahmad,34,34,
ahmad,35,35,
ahmad,36,36,
ahmad,37,37,
ahmad,41,41,
ahmad,42,42,
ahmad,44,44,
ahmad,45,45,
ahmad,46,46,
ahmad,47,47,
ahmad,49,49,
ahmad,52,52,
ahmad,53,53,
ahmad,58,58,
ahmad,59,59,
ahmad,60,60,
ahmad,61,61,
ahmad,62,62,
ahmad,63,63,
ahmad,64,64,
ahmad,65,65,
ahmad,66,66,
ahmad,67,67,
ahmad,68,68,
ahmad,69,69,
ahmad,70,70,
ahmad,71,71,
ahmad,72,72,
ahmad,73,73,
ahmad,75,75,
ahmad,76,76,
ahmad,77,77,
ahmad,78,78,
ahmad,79,79,
ahmad,80,80,
ahmad,81,81,
ahmad,82,82,
ahmad,83,83,
ahmad,84,84,
ahmad,85,85,
ahmad,86,86,
ahmad,88,88,
ahmad,89,89,
ahmad,92,92,
ahmad,93,93,
ahmad,94,94,
ahmad,97,97,
ahmad,98,98,
ahmad,99,99,
ahmad,101,101,
ahmad,102,102,
ahmad,103,103,
ahmad,104,104,
ahmad,105,105,
ahmad,106,106,
ahmad,110,110,
ahmad,111,111,
ahmad,112,112,
ahmad,113,113,
ahmad,114,114,
ahmad,115,115,
ahmad,116,116,
ahmad,118,118,
ahmad,120,120,
ahmad,121,121,
ahmad,122,122,
ahmad,123,123,
ahmad,124,124,
ahmad,125,125,
ahmad,127,127,
ahmad,128,128,
ahmad,130,130,
ahmad,131,131,
ahmad,133,133,
ahmad,134,134,
ahmad,135,135,
ahmad,136,136,
ahmad,137,137,
ahmad,138,138,
ahmad,140,140,
ahmad,141,141,
ahmad,142,142,
ahmad,143,143,
ahmad,144,144,
ahmad,145,145,
ahmad,146,146,
ahmad,148,148,
ahmad,149,149,
ahmad,151,151,
ahmad,152,152,
ahmad,154,154,
ahmad,155,155,
ahmad,156,156,
ahmad,157,157,
ahmad,158,158,
ahmad,159,159,
ahmad,160,160,
ahmad,161,161,
ahmad,162,162,
ahmad,163,163,
ahmad,164,164,
ahmad,165,165,
ahmad,166,166,
ahmad,167,167,
ahmad,168,168,
ahmad,169,169,
ahmad,171,171,
ahmad,172,172,
ahmad,174,174,
ahmad,176,176,
ahmad,177,177,
ahmad,178,178,
ahmad,179,179,
ahmad,181,181,
ahmad,182,182,
ahmad,183,183,
ahmad,186,186,
ahmad,187,187,
ahmad,188,188,
ahmad,189,189,
ahmad,190,190,
ahmad,192,192,
ahmad,193,193,
ahmad,194,194,
ahmad,195,195,
ahmad,196,196,
ahmad,198,198,
ahmad,199,199,
ahmad,202,202,
ahmad,203,203,
ahmad,204,204,
ahmad,205,205,
ahmad,206,206,
ahmad,207,207,
ahmad,208,208,
ahmad,209,209,
ahmad,210,210,
ahmad,211,211,
ahmad,212,212,
ahmad,213,213,
ahmad,214,214,
ahmad,216,216,
ahmad,217,217,
ahmad,218,218,
ahmad,220,220,
ahmad,221,221,
ahmad,224,224,
ahmad,225,225,
ahmad,227,227,
ahmad,228,228,
ahmad,229,229,
ahmad,230,230,
ahmad,231,231,
ahmad,233,233,
ahmad,235,235,
ahmad,236,236,
ahmad,237,237,
ahmad,238,238,
ahmad,239,239,
ahmad,240,240,
ahmad,241,241,
ahmad,242,242,
ahmad,243,243,
ahmad,244,244,
ahmad,245,245,
ahmad,246,246,
ahmad,247,247,
ahmad,250,250,
ahmad,251,251,
ahmad,252,252,
ahmad,253,253,
ahmad,254,254,
ahmad,255,255,
ahmad,256,256,
ahmad,257,257,
ahmad,259,259,
ahmad,260,260,
ahmad,263,263,
ahmad,266,266,
ahmad,267,267,
ahmad,269,269,
ahmad,270,270,
ahmad,271,271,
ahmad,272,272,
ahmad,273,273,
ahmad,274,274,
ahmad,275,275,
ahmad,276,276,
ahmad,277,277,
ahmad,278,278,
ahmad,279,279,
ahmad,280,280,
ahmad,281,281,
ahmad,282,282,
ahmad,283,283,
ahmad,284,284,
ahmad,285,285,
ahmad,286,286,
ahmad,287,287,
ahmad,288,288,
ahmad,289,289,
ahmad,290,290,
ahmad,291,291,
ahmad,292,292,
ahmad,293,293,
ahmad,294,294,
ahmad,295,295,
ahmad,296,296,
ahmad,297,297,
ahmad,299,299,
ahmad,300,300,
ahmad,301,301,
ahmad,303,303,
ahmad,304,304,
ahmad,306,306,
ahmad,307,307,
ahmad,308,308,
ahmad,309,309,
ahmad,310,310,
ahmad,311,311,
ahmad,312,312,
ahmad,318,318,
ahmad,319,319,
ahmad,320,320,
ahmad,321,321,
ahmad,322,322,
ahmad,323,323,
ahmad,324,324,
ahmad,325,325,
ahmad,326,326,
ahmad,327,327,
ahmad,328,328,
ahmad,329,329,
ahmad,330,330,
ahmad,331,331,
ahmad,332,332,
ahmad,336,336,
ahmad,338,338,
ahmad,342,342,
ahmad,344,344,
ahmad,346,346,
ahmad,347,347,
ahmad,348,348,
ahmad,349,349,
ahmad,350,350,
ahmad,351,351,
ahmad,352,352,
ahmad,353,353,
ahmad,356,356,
ahmad,357,357,
ahmad,358,358,
ahmad,359,359,
ahmad,360,360,
ahmad,361,361,
ahmad,362,362,
ahmad,363,363,
ahmad,364,364,
ahmad,366,366,
ahmad,367,367,
ahmad,368,368,
ahmad,369,369,
ahmad,370,370,
ahmad,374,374,
ahmad,375,375,
ahmad,376,376,
ahmad,377,377,
ahmad,379,379,
ahmad,380,380,
ahmad,381,381,
ahmad,382,382,
ahmad,385,385,
ahmad,387,387,
ahmad,388,388,
ahmad,391,391,
ahmad,392,392,
ahmad,395,395,
ahmad,396,396,
ahmad,397,397,
ahmad,399,399,
ahmad,400,400,
ahmad,401,401,
ahmad,402,402,
ahmad,403,403,
ahmad,404,404,
ahmad,406,406,
ahmad,409,409,
ahmad,410,410,
ahmad,411,411,
ahmad,413,413,
ahmad,414,414,
ahmad,416,416,
ahmad,418,418,
ahmad,419,419,
ahmad,420,420,
ahmad,421,421,
ahmad,422,422,
ahmad,423,423,
ahmad,426,426,
ahmad,427,427,
ahmad,430,430,
ahmad,431,431,
ahmad,433,433,
ahmad,434,434,
ahmad,435,435,
ahmad,436,436,
ahmad,437,437,
ahmad,438,438,
ahmad,440,440,
ahmad,441,441,
ahmad,443,443,
ahmad,444,444,
ahmad,445,445,
ahmad,446,446,
ahmad,447,447,
ahmad,449,449,
ahmad,450,450,
ahmad,451,451,
ahmad,452,452,
ahmad,453,453,
ahmad,454,454,
ahmad,455,455,
ahmad,456,456,
ahmad,457,457,
ahmad,459,459,
ahmad,460,460,
ahmad,461,461,
ahmad,462,462,
ahmad,463,463,
ahmad,464,464,
ahmad,465,465,
ahmad,466,466,
ahmad,467,467,
ahmad,468,468,
ahmad,469,469,
ahmad,470,470,
ahmad,471,471,
ahmad,474,474,
ahmad,475,475,
ahmad,476,476,
ahmad,477,477,
ahmad,478,478,
ahmad,479,479,
ahmad,480,480,
ahmad,481,481,
ahmad,483,483,
ahmad,485,485,
ahmad,486,486,
ahmad,487,487,
ahmad,488,488,
ahmad,489,489,
ahmad,490,490,
ahmad,492,492,
ahmad,493,493,
ahmad,494,494,
ahmad,495,495,
ahmad,496,496,
ahmad,497,497,
ahmad,498,498,
ahmad,499,499,
ahmad,501,501,
ahmad,502,502,
ahmad,503,503,
ahmad,505,505,
ahmad,506,506,
ahmad,507,507,
ahmad,509,509,
ahmad,510,510,
ahmad,511,511,
ahmad,512,512,
ahmad,513,513,
ahmad,514,514,
ahmad,515,515,
ahmad,516,516,
ahmad,517,517,
ahmad,518,518,
ahmad,519,519,
ahmad,520,520,
ahmad,525,525,
ahmad,526,526,
ahmad,527,527,
ahmad,528,528,
ahmad,530,530,
ahmad,532,532,
ahmad,533,533,
ahmad,535,535,
ahmad,537,537,
ahmad,538,538,
ahmad,539,539,
ahmad,541,541,
ahmad,542,542,
ahmad,543,543,
ahmad,545,545,
ahmad,546,546,
ahmad,547,547,
ahmad,548,548,
ahmad,550,550,
ahmad,551,551,
ahmad,552,552,
ahmad,553,553,
ahmad,555,555,
ahmad,556,556,
ahmad,557,557,
ahmad,558,558,
ahmad,559,559,
ahmad,560,560,
ahmad,561,561,
ahmad,562,562,
ahmad,563,563,
ahmad,565,565,
ahmad,566,566,
ahmad,567,567,
ahmad,568,568,
ahmad,569,569,
ahmad,570,570,
ahmad,571,571,
ahmad,573,573,
ahmad,574,574,
ahmad,575,575,
ahmad,576,576,
ahmad,577,577,
ahmad,578,578,
ahmad,579,579,
ahmad,580,580,
ahmad,584,584,
ahmad,585,585,
ahmad,586,586,
ahmad,588,588,
ahmad,589,589,
ahmad,590,590,
ahmad,591,591,
ahmad,592,592,
ahmad,593,593,
ahmad,594,594,
ahmad,595,595,
ahmad,596,596,
ahmad,597,597,
ahmad,598,598,
ahmad,599,599,
ahmad,600,600,
ahmad,601,601,
ahmad,602,602,
ahmad,603,603,
ahmad,605,605,
ahmad,606,606,
ahmad,607,607,
ahmad,608,608,
ahmad,609,609,
ahmad,610,610,
ahmad,611,611,
ahmad,612,612,
ahmad,613,613,
ahmad,614,614,
ahmad,615,615,
ahmad,616,616,
ahmad,617,617,
ahmad,618,618,
ahmad,619,619,
ahmad,620,620,
ahmad,621,621,
ahmad,622,622,
ahmad,625,625,
ahmad,626,626,
ahmad,627,627,
ahmad,628,628,
ahmad,633,633,
ahmad,635,635,
ahmad,636,636,
ahmad,637,637,
ahmad,638,638,
ahmad,639,639,
ahmad,640,640,
ahmad,641,641,
ahmad,642,642,
ahmad,643,643,
ahmad,644,644,
ahmad,645,645,
ahmad,646,646,
ahmad,647,647,
ahmad,648,648,
ahmad,649,649,
ahmad,650,650,
ahmad,651,651,
ahmad,653,653,
ahmad,654,654,
ahmad,655,655,
ahmad,656,656,
ahmad,658,658,
ahmad,660,660,
ahmad,661,661,
ahmad,662,662,
ahmad,663,663,
ahmad,664,664,
ahmad,665,665,
ahmad,666,666,
ahmad,667,667,
ahmad,668,668,
ahmad,671,671,
ahmad,672,672,
ahmad,673,673,
ahmad,674,674,
ahmad,675,675,
ahmad,677,677,
ahmad,678,678,
ahmad,679,679,
ahmad,680,680,
ahmad,681,681,
ahmad,683,683,
ahmad,684,684,
ahmad,686,686,
ahmad,687,687,
ahmad,688,688,
ahmad,690,690,
ahmad,691,691,
ahmad,692,692,
ahmad,694,694,
ahmad,695,695,
ahmad,696,696,
ahmad,697,697,
ahmad,698,698,
ahmad,699,699,
ahmad,700,700,
ahmad,701,701,
ahmad,703,703,
ahmad,704,704,
ahmad,706,706,
ahmad,707,707,
ahmad,708,708,
ahmad,709,709,
ahmad,710,710,
ahmad,711,711,
ahmad,712,712,
ahmad,713,713,
ahmad,714,714,
ahmad,715,715,
ahmad,717,717,
ahmad,718,718,
ahmad,723,723,
ahmad,724,724,
ahmad,726,726,
ahmad,727,727,
ahmad,728,728,
ahmad,729,729,
ahmad,731,731,
ahmad,732,732,
ahmad,733,733,
ahmad,734,734,
ahmad,735,735,
ahmad,737,737,
ahmad,738,738,
ahmad,739,739,
ahmad,740,740,
ahmad,741,741,
ahmad,742,742,
ahmad,743,743,
ahmad,744,744,
ahmad,745,745,
ahmad,746,746,
ahmad,747,747,
ahmad,748,748,
ahmad,749,749,
ahmad,751,751,
ahmad,752,752,
ahmad,753,753,
ahmad,754,754,
ahmad,756,756,
ahmad,757,757,
ahmad,758,758,
ahmad,760,760,
ahmad,761,761,
ahmad,763,763,
ahmad,764,764,
ahmad,765,765,
ahmad,766,766,
ahmad,767,767,
ahmad,768,768,
ahmad,769,769,
ahmad,770,770,
ahmad,772,772,
ahmad,774,774,
ahmad,775,775,
ahmad,776,776,
ahmad,777,777,
ahmad,778,778,
ahmad,779,779,
ahmad,780,780,
ahmad,781,781,
ahmad,782,782,
ahmad,783,783,
ahmad,784,784,
ahmad,785,785,
ahmad,789,789,
ahmad,790,790,
ahmad,791,791,
ahmad,792,792,
ahmad,793,793,
ahmad,794,794,
ahmad,795,795,
ahmad,796,796,
ahmad,797,797,
ahmad,798,798,
ahmad,801,801,
ahmad,802,802,
ahmad,803,803,
ahmad,804,804,
ahmad,805,805,
ahmad,806,806,
ahmad,807,807,
ahmad,808,808,
ahmad,809,809,
ahmad,810,810,
ahmad,811,811,
ahmad,812,812,
ahmad,814,814,
ahmad,815,815,
ahmad,817,817,
ahmad,818,818,
ahmad,820,820,
ahmad,821,821,
ahmad,822,822,
ahmad,824,824,
ahmad,825,825,
ahmad,826,826,
ahmad,827,827,
ahmad,828,828,
ahmad,829,829,
ahmad,830,830,
ahmad,831,831,
ahmad,832,832,
ahmad,833,833,
ahmad,834,834,
ahmad,835,835,
ahmad,836,836,
ahmad,837,837,
ahmad,838,838,
ahmad,840,840,
ahmad,841,841,
ahmad,842,842,
ahmad,843,843,
ahmad,845,845,
ahmad,846,846,
ahmad,847,847,
ahmad,848,848,
ahmad,850,850,
ahmad,851,851,
ahmad,852,852,
ahmad,853,853,
ahmad,854,854,
ahmad,855,855,
ahmad,857,857,
ahmad,858,858,
ahmad,859,859,
ahmad,862,862,
ahmad,863,863,
ahmad,864,864,
ahmad,865,865,
ahmad,867,867,
ahmad,868,868,
ahmad,869,869,
ahmad,870,870,
ahmad,871,871,
ahmad,872,872,
ahmad,876,876,
ahmad,877,877,
ahmad,879,879,
ahmad,880,880,
ahmad,881,881,
ahmad,882,882,
ahmad,883,883,
ahmad,885,885,
ahmad,886,886,
ahmad,888,888,
ahmad,890,890,
ahmad,892,892,
ahmad,893,893,
ahmad,894,894,
ahmad,895,895,
ahmad,896,896,
ahmad,897,897,
ahmad,898,898,
ahmad,899,899,
ahmad,900,900,
ahmad,901,901,
ahmad,902,902,
ahmad,903,903,
ahmad,904,904,
ahmad,905,905,
ahmad,907,907,
ahmad,908,908,
ahmad,909,909,
ahmad,910,910,
ahmad,911,911,
ahmad,912,912,
ahmad,913,913,
ahmad,914,914,
ahmad,916,916,
ahmad,917,917,
ahmad,918,918,
ahmad,919,919,
ahmad,920,920,
ahmad,922,922,
ahmad,923,923,
ahmad,924,924,
ahmad,926,926,
ahmad,927,927,
ahmad,928,928,
ahmad,929,929,
ahmad,930,930,
ahmad,931,931,
ahmad,932,932,
ahmad,933,933,
ahmad,937,937,
ahmad,939,939,
ahmad,942,942,
ahmad,943,943,
ahmad,945,945,
ahmad,946,946,
ahmad,947,947,
ahmad,948,948,
ahmad,949,949,
ahmad,950,950,
ahmad,951,951,
ahmad,952,952,
ahmad,953,953,
ahmad,954,954,
ahmad,955,955,
ahmad,956,956,
ahmad,958,958,
ahmad,959,959,
ahmad,960,960,
ahmad,961,961,
ahmad,963,963,
ahmad,965,965,
ahmad,966,966,
ahmad,968,968,
ahmad,969,969,
ahmad,970,970,
ahmad,971,971,
ahmad,972,972,
ahmad,973,973,
ahmad,974,974,
ahmad,975,975,
ahmad,976,976,
ahmad,977,977,
ahmad,978,978,
ahmad,979,979,
ahmad,980,980,
ahmad,981,981,
ahmad,982,982,
ahmad,983,983,
ahmad,984,984,
ahmad,987,987,
ahmad,988,988,
ahmad,989,989,
ahmad,990,990,
ahmad,991,991,
ahmad,992,992,
ahmad,993,993,
ahmad,994,994,
ahmad,995,995,
ahmad,996,996,
ahmad,997,997,
ahmad,998,998,
ahmad,999,999,
ahmad,1001,1001,
ahmad,1003,1003,
ahmad,1004,1004,
ahmad,1005,1005,
ahmad,1006,1006,
ahmad,1007,1007,
ahmad,1008,1008,
ahmad,1009,1009,
ahmad,1010,1010,
ahmad,1011,1011,
ahmad,1012,1012,
ahmad,1013,1013,
ahmad,1014,1014,
ahmad,1015,1015,
ahmad,1016,1016,
ahmad,1017,1017,
ahmad,1018,1018,
ahmad,1019,1019,
ahmad,1020,1020,
ahmad,1021,1021,
ahmad,1022,1022,
ahmad,1023,1023,
ahmad,1024,1024,
ahmad,1025,1025,
ahmad,1026,1026,
ahmad,1027,1027,
ahmad,1029,1029,
ahmad,1030,1030,
ahmad,1031,1031,
ahmad,1032,1032,
ahmad,1034,1034,
ahmad,1035,1035,
ahmad,1036,1036,
ahmad,1037,1037,
ahmad,1038,1038,
ahmad,1039,1039,
ahmad,1040,1040,
ahmad,1042,1042,
ahmad,1043,1043,
ahmad,1044,1044,
ahmad,1046,1046,
ahmad,1049,1049,
ahmad,1050,1050,
ahmad,1051,1051,
ahmad,1052,1052,
ahmad,1053,1053,
ahmad,1054,1054,
ahmad,1055,1055,
ahmad,1056,1056,
ahmad,1058,1058,
ahmad,1060,1060,
ahmad,1061,1061,
ahmad,1062,1062,
ahmad,1063,1063,
ahmad,1064,1064,
ahmad,1065,1065,
ahmad,1066,1066,
ahmad,1067,1067,
ahmad,1068,1068,
ahmad,1069,1069,
ahmad,1070,1070,
ahmad,1071,1071,
ahmad,1073,1073,
ahmad,1074,1074,
ahmad,1075,1075,
ahmad,1076,1076,
ahmad,1077,1077,
ahmad,1078,1078,
ahmad,1079,1079,
ahmad,1080,1080,
ahmad,1081,1081,
ahmad,1082,1082,
ahmad,1083,1083,
ahmad,1084,1084,
ahmad,1086,1086,
ahmad,1091,1091,
ahmad,1092,1092,
ahmad,1093,1093,
ahmad,1094,1094,
ahmad,1095,1095,
ahmad,1098,1098,
ahmad,1099,1099,
ahmad,1100,1100,
ahmad,1101,1101,
ahmad,1102,1102,
ahmad,1104,1104,
ahmad,1105,1105,
ahmad,1106,1106,
ahmad,1108,1108,
ahmad,1109,1109,
ahmad,1110,1110,
ahmad,1111,1111,
ahmad,1112,1112,
ahmad,1115,1115,
ahmad,1116,1116,
ahmad,1117,1117,
ahmad,1120,1120,
ahmad,1123,1123,
ahmad,1124,1124,
ahmad,1125,1125,
ahmad,1126,1126,
ahmad,1128,1128,
ahmad,1129,1129,
ahmad,1130,1130,
ahmad,1131,1131,
ahmad,1133,1133,
ahmad,1134,1134,
ahmad,1135,1135,
ahmad,1136,1136,
ahmad,1138,1138,
ahmad,1139,1139,
ahmad,1141,1141,
ahmad,1142,1142,
ahmad,1143,1143,
ahmad,1144,1144,
ahmad,1145,1145,
ahmad,1147,1147,
ahmad,1148,1148,
ahmad,1149,1149,
ahmad,1150,1150,
ahmad,1151,1151,
ahmad,1153,1153,
ahmad,1154,1154,
ahmad,1155,1155,
ahmad,1157,1157,
ahmad,1158,1158,
ahmad,1159,1159,
ahmad,1160,1160,
ahmad,1161,1161,
ahmad,1162,1162,
ahmad,1164,1164,
ahmad,1166,1166,
ahmad,1167,1167,
ahmad,1168,1168,
ahmad,1171,1171,
ahmad,1172,1172,
ahmad,1173,1173,
ahmad,1174,1174,
ahmad,1175,1175,
ahmad,1176,1176,
ahmad,1177,1177,
ahmad,1179,1179,
ahmad,1180,1180,
ahmad,1181,1181,
ahmad,1183,1183,
ahmad,1185,1185,
ahmad,1186,1186,
ahmad,1188,1188,
ahmad,1189,1189,
ahmad,1190,1190,
ahmad,1191,1191,
ahmad,1192,1192,
ahmad,1193,1193,
ahmad,1194,1194,
ahmad,1195,1195,
ahmad,1196,1196,
ahmad,1197,1197,
ahmad,1198,1198,
ahmad,1199,1199,
ahmad,1202,1202,
ahmad,1203,1203,
ahmad,1204,1204,
ahmad,1205,1205,
ahmad,1206,1206,
ahmad,1207,1207,
ahmad,1208,1208,
ahmad,1209,1209,
ahmad,1210,1210,
ahmad,1211,1211,
ahmad,1212,1212,
ahmad,1213,1213,
ahmad,1214,1214,
ahmad,1215,1215,
ahmad,1216,1216,
ahmad,1218,1218,
ahmad,1219,1219,
ahmad,1220,1220,
ahmad,1221,1221,
ahmad,1223,1223,
ahmad,1224,1224,
ahmad,1227,1227,
ahmad,1228,1228,
ahmad,1229,1229,
ahmad,1230,1230,
ahmad,1232,1232,
ahmad,1233,1233,
ahmad,1234,1234,
ahmad,1235,1235,
ahmad,1236,1236,
ahmad,1237,1237,
ahmad,1239,1239,
ahmad,1241,1241,
ahmad,1242,1242,
ahmad,1243,1243,
ahmad,1244,1244,
ahmad,1245,1245,
ahmad,1246,1246,
ahmad,1247,1247,
ahmad,1248,1248,
ahmad,1249,1249,
ahmad,1250,1250,
ahmad,1251,1251,
ahmad,1252,1252,
ahmad,1253,1253,
ahmad,1254,1254,
ahmad,1255,1255,
ahmad,1256,1256,
ahmad,1257,1257,
ahmad,1258,1258,
ahmad,1259,1259,
ahmad,1261,1261,
ahmad,1262,1262,
ahmad,1263,1263,
ahmad,1264,1264,
ahmad,1265,1265,
ahmad,1266,1266,
ahmad,1267,1267,
ahmad,1268,1268,
ahmad,1269,1269,
ahmad,1270,1270,
ahmad,1271,1271,
ahmad,1274,1274,
ahmad,1275,1275,
ahmad,1276,1276,
ahmad,1277,1277,
ahmad,1278,1278,
ahmad,1279,1279,
ahmad,1280,1280,
ahmad,1281,1281,
ahmad,1282,1282,
ahmad,1283,1283,
ahmad,1284,1284,
ahmad,1285,1285,
ahmad,1286,1286,
ahmad,1287,1287,
ahmad,1288,1288,
ahmad,1291,1291,
ahmad,1292,1292,
ahmad,1294,1294,
ahmad,1295,1295,
ahmad,1296,1296,
ahmad,1297,1297,
ahmad,1298,1298,
ahmad,1299,1299,
ahmad,1300,1300,
ahmad,1301,1301,
ahmad,1302,1302,
ahmad,1305,1305,
ahmad,1306,1306,
ahmad,1307,1307,
ahmad,1308,1308,
ahmad,1309,1309,
ahmad,1310,1310,
ahmad,1311,1311,
ahmad,1312,1312,
ahmad,1313,1313,
ahmad,1314,1314,
ahmad,1315,1315,
ahmad,1316,1316,
ahmad,1318,1318,
ahmad,1320,1320,
ahmad,1321,1321,
ahmad,1322,1322,
ahmad,1323,1323,
ahmad,1324,1324,
ahmad,1325,1325,
ahmad,1326,1326,
ahmad,1327,1327,
ahmad,1328,1328,
ahmad,1330,1330,
ahmad,1331,1331,
ahmad,1333,1333,
ahmad,1334,1334,
ahmad,1335,1335,
ahmad,1336,1336,
ahmad,1337,1337,
ahmad,1339,1339,
ahmad,1340,1340,
ahmad,1341,1341,
ahmad,1342,1342,
ahmad,1343,1343,
ahmad,1344,1344,
ahmad,1346,1346,
ahmad,1347,1347,
ahmad,1350,1350,
ahmad,1351,1351,
ahmad,1352,1352,
ahmad,1353,1353,
ahmad,1354,1354,
ahmad,1356,1356,
ahmad,1357,1357,
ahmad,1358,1358,
ahmad,1359,1359,
ahmad,1360,1360,
ahmad,1361,1361,
ahmad,1362,1362,
ahmad,1363,1363,
ahmad,1364,1364,
ahmad,1365,1365,
ahmad,1366,1366,
ahmad,1367,1367,
ahmad,1368,1368,
ahmad,1370,1370,
ahmad,1372,1372,
ahmad,1374,1374,
ahmad,1375,1375,
ahmad,1377,1377,
ahmad,1378,1378,
ahmad,1380,1380,
ahmad,1381,1381,
ahmad,1382,1382,
ahmad,1383,1383,
ahmad,1385,1385,
ahmad,1387,1387,
ahmad,1389,1389,
ahmad,1391,1391,
ahmad,1393,1393,
ahmad,1394,1394,
ahmad,1395,1395,
ahmad,1396,1396,
ahmad,1397,1397,
ahmad,1398,1398,
ahmad,1399,1399,
ahmad,1400,1400,
ahmad,1401,1401,
ahmad,1402,1402,
ahmad,1403,1403,
ahmad,1404,1404,
ahmad,1405,1405,
ahmad,1406,1406,
ahmad,1407,1407,
ahmad,1408,1408,
ahmad,1409,1409,
ahmad,1410,1410,
ahmad,1411,1411,
ahmad,1412,1412,
ahmad,1413,1413,
ahmad,1414,1414,
ahmad,1417,1417,
ahmad,1418,1418,
ahmad,1419,1419,
ahmad,1420,1420,
ahmad,1421,1421,
ahmad,1422,1422,
ahmad,1425,1425,
ahmad,1426,1426,
ahmad,1428,1428,
ahmad,1429,1429,
ahmad,1430,1430,
ahmad,1431,1431,
ahmad,1432,1432,
ahmad,1433,1433,
ahmad,1434,1434,
ahmad,1435,1435,
ahmad,1436,1436,
ahmad,1437,1437,
ahmad,1439,1439,
ahmad,1440,1440,
ahmad,1444,1444,
ahmad,1445,1445,
ahmad,1446,1446,
ahmad,1447,1447,
ahmad,1448,1448,
ahmad,1450,1450,
ahmad,1451,1451,
ahmad,1454,1454,
ahmad,1455,1455,
ahmad,1456,1456,
ahmad,1458,1458,
ahmad,1460,1460,
ahmad,1461,1461,
ahmad,1462,1462,
ahmad,1463,1463,
ahmad,1464,1464,
ahmad,1465,1465,
ahmad,1466,1466,
ahmad,1467,1467,
ahmad,1469,1469,
ahmad,1470,1470,
ahmad,1473,1473,
ahmad,1474,1474,
ahmad,1475,1475,
ahmad,1476,1476,
ahmad,1477,1477,
ahmad,1478,1478,
ahmad,1479,1479,
ahmad,1480,1480,
ahmad,1481,1481,
ahmad,1482,1482,
ahmad,1483,1483,
ahmad,1484,1484,
ahmad,1485,1485,
ahmad,1486,1486,
ahmad,1487,1487,
ahmad,1488,1488,
ahmad,1489,1489,
ahmad,1490,1490,
ahmad,1491,1491,
ahmad,1492,1492,
ahmad,1493,1493,
ahmad,1494,1494,
ahmad,1495,1495,
ahmad,1496,1496,
ahmad,1497,1497,
ahmad,1498,1498,
ahmad,1499,1499,
ahmad,1501,1501,
ahmad,1502,1502,
ahmad,1504,1504,
ahmad,1505,1505,
ahmad,1506,1506,
ahmad,1507,1507,
ahmad,1508,1508,
ahmad,1509,1509,
ahmad,1510,1510,
ahmad,1511,1511,
ahmad,1512,1512,
ahmad,1513,1513,
ahmad,1514,1514,
ahmad,1516,1516,
ahmad,1518,1518,
ahmad,1519,1519,
ahmad,1520,1520,
ahmad,1521,1521,
ahmad,1522,1522,
ahmad,1523,1523,
ahmad,1524,1524,
ahmad,1525,1525,
ahmad,1526,1526,
ahmad,1527,1527,
ahmad,1529,1529,
ahmad,1530,1530,
ahmad,1531,1531,
ahmad,1532,1532,
ahmad,1533,1533,
ahmad,1534,1534,
ahmad,1535,1535,
ahmad,1536,1536,
ahmad,1537,1537,
ahmad,1538,1538,
ahmad,1539,1539,
ahmad,1540,1540,
ahmad,1541,1541,
ahmad,1542,1542,
ahmad,1543,1543,
ahmad,1544,1544,
ahmad,1545,1545,
ahmad,1546,1546,
ahmad,1547,1547,
ahmad,1548,1548,
ahmad,1552,1552,
ahmad,1553,1553,
ahmad,1554,1554,
ahmad,1555,1555,
ahmad,1557,1557,
ahmad,1558,1558,
ahmad,1559,1559,
ahmad,1560,1560,
ahmad,1561,1561,
ahmad,1563,1563,
ahmad,1564,1564,
ahmad,1566,1566,
ahmad,1567,1567,
ahmad,1568,1568,
ahmad,1569,1569,
ahmad,1570,1570,
ahmad,1571,1571,
ahmad,1572,1572,
ahmad,1573,1573,
ahmad,1574,1574,
ahmad,1576,1576,
ahmad,1578,1578,
ahmad,1579,1579,
ahmad,1580,1580,
ahmad,1583,1583,
ahmad,1585,1585,
ahmad,1586,1586,
ahmad,1587,1587,
ahmad,1588,1588,
ahmad,1589,1589,
ahmad,1590,1590,
ahmad,1591,1591,
ahmad,1592,1592,
ahmad,1593,1593,
ahmad,1594,1594,
ahmad,1595,1595,
ahmad,1596,1596,
ahmad,1597,1597,
ahmad,1598,1598,
ahmad,1599,1599,
ahmad,1601,1601,
ahmad,1602,1602,
ahmad,1604,1604,
ahmad,1605,1605,
ahmad,1606,1606,
ahmad,1607,1607,
ahmad,1608,1608,
ahmad,1611,1611,
ahmad,1612,1612,
ahmad,1613,1613,
ahmad,1614,1614,
ahmad,1615,1615,
ahmad,1616,1616,
ahmad,1618,1618,
ahmad,1619,1619,
ahmad,1620,1620,
ahmad,1621,1621,
ahmad,1622,1622,
ahmad,1624,1624,
ahmad,1625,1625,
ahmad,1626,1626,
ahmad,1627,1627,
ahmad,1628,1628,
ahmad,1629,1629,
ahmad,1632,1632,
ahmad,1633,1633,
ahmad,1634,1634,
ahmad,1635,1635,
ahmad,1636,1636,
ahmad,1637,1637,
ahmad,1639,1639,
ahmad,1640,1640,
ahmad,1641,1641,
ahmad,1642,1642,
ahmad,1643,1643,
ahmad,1644,1644,
ahmad,1645,1645,
ahmad,1646,1646,
ahmad,1647,1647,
ahmad,1648,1648,
ahmad,1650,1650,
ahmad,1651,1651,
ahmad,1652,1652,
ahmad,1653,1653,
ahmad,1654,1654,
ahmad,1655,1655,
ahmad,1656,1656,
ahmad,1657,1657,
ahmad,1658,1658,
ahmad,1660,1660,
ahmad,1661,1661,
ahmad,1662,1662,
ahmad,1663,1663,
ahmad,1664,1664,
ahmad,1666,1666,
ahmad,1667,1667,
ahmad,1668,1668,
ahmad,1669,1669,
ahmad,1670,1670,
ahmad,1671,1671,
ahmad,1672,1672,
ahmad,1673,1673,
ahmad,1675,1675,
ahmad,1676,1676,
ahmad,1677,1677,
ahmad,1678,1678,
ahmad,1679,1679,
ahmad,1680,1680,
ahmad,1681,1681,
ahmad,1682,1682,
ahmad,1683,1683,
ahmad,1684,1684,
ahmad,1685,1685,
ahmad,1687,1687,
ahmad,1688,1688,
ahmad,1689,1689,
ahmad,1690,1690,
ahmad,1692,1692,
ahmad,1694,1694,
ahmad,1695,1695,
ahmad,1696,1696,
ahmad,1697,1697,
ahmad,1698,1698,
ahmad,1699,1699,
ahmad,1701,1701,
ahmad,1703,1703,
ahmad,1704,1704,
ahmad,1706,1706,
ahmad,1707,1707,
ahmad,1709,1709,
ahmad,1710,1710,
ahmad,1711,1711,
ahmad,1712,1712,
ahmad,1713,1713,
ahmad,1714,1714,
ahmad,1715,1715,
ahmad,1716,1716,
ahmad,1717,1717,
ahmad,1719,1719,
ahmad,1720,1720,
ahmad,1721,1721,
ahmad,1722,1722,
ahmad,1723,1723,
ahmad,1724,1724,
ahmad,1725,1725,
ahmad,1726,1726,
ahmad,1727,1727,
ahmad,1728,1728,
ahmad,1729,1729,
ahmad,1730,1730,
ahmad,1731,1731,
ahmad,1732,1732,
ahmad,1733,1733,
ahmad,1734,1734,
ahmad,1735,1735,
ahmad,1738,1738,
ahmad,1739,1739,
ahmad,1740,1740,
ahmad,1741,1741,
ahmad,1742,1742,
ahmad,1743,1743,
ahmad,1744,1744,
ahmad,1745,1745,
ahmad,1747,1747,
ahmad,1749,1749,
ahmad,1750,1750,
ahmad,1751,1751,
ahmad,1752,1752,
ahmad,1754,1754,
ahmad,1755,1755,
ahmad,1756,1756,
ahmad,1757,1757,
ahmad,1758,1758,
ahmad,1759,1759,
ahmad,1760,1760,
ahmad,1761,1761,
ahmad,1762,1762,
ahmad,1763,1763,
ahmad,1764,1764,
ahmad,1765,1765,
ahmad,1766,1766,
ahmad,1767,1767,
ahmad,1768,1768,
ahmad,1769,1769,
ahmad,1770,1770,
ahmad,1771,1771,
ahmad,1772,1772,
ahmad,1773,1773,
ahmad,1774,1774,
ahmad,1775,1775,
ahmad,1776,1776,
ahmad,1777,1777,
ahmad,1778,1778,
ahmad,1779,1779,
ahmad,1781,1781,
ahmad,1782,1782,
ahmad,1783,1783,
ahmad,1784,1784,
ahmad,1785,1785,
ahmad,1787,1787,
ahmad,1788,1788,
ahmad,1791,1791,
ahmad,1792,1792,
ahmad,1793,1793,
ahmad,1795,1795,
ahmad,1796,1796,
ahmad,1797,1797,
ahmad,1798,1798,
ahmad,1799,1799,
ahmad,1801,1801,
ahmad,1802,1802,
ahmad,1803,1803,
ahmad,1804,1804,
ahmad,1805,1805,
ahmad,1806,1806,
ahmad,1807,1807,
ahmad,1808,1808,
ahmad,1809,1809,
ahmad,1810,1810,
ahmad,1811,1811,
ahmad,1812,1812,
ahmad,1813,1813,
ahmad,1814,1814,
ahmad,1815,1815,
ahmad,1816,1816,
ahmad,1817,1817,
ahmad,1818,1818,
ahmad,1819,1819,
ahmad,1820,1820,
ahmad,1821,1821,
ahmad,1822,1822,
ahmad,1823,1823,
ahmad,1824,1824,
ahmad,1825,1825,
ahmad,1826,1826,
ahmad,1827,1827,
ahmad,1828,1828,
ahmad,1829,1829,
ahmad,1830,1830,
ahmad,1831,1831,
ahmad,1832,1832,
ahmad,1833,1833,
ahmad,1834,1834,
ahmad,1835,1835,
ahmad,1836,1836,
ahmad,1837,1837,
ahmad,1838,1838,
ahmad,1839,1839,
ahmad,1840,1840,
ahmad,1841,1841,
ahmad,1842,1842,
ahmad,1843,1843,
ahmad,1844,1844,
ahmad,1845,1845,
ahmad,1847,1847,
ahmad,1848,1848,
ahmad,1849,1849,
ahmad,1850,1850,
ahmad,1852,1852,
ahmad,1853,1853,
ahmad,1854,1854,
ahmad,1855,1855,
ahmad,1856,1856,
ahmad,1857,1857,
ahmad,1859,1859,
ahmad,1861,1861,
ahmad,1862,1862,
ahmad,1863,1863,
ahmad,1864,1864,
ahmad,1865,1865,
ahmad,1866,1866,
ahmad,1868,1868,
ahmad,1869,1869,
ahmad,1870,1870,
ahmad,1871,1871,
ahmad,1872,1872,
ahmad,1873,1873,
ahmad,1874,1874,
ahmad,1875,1875,
ahmad,1876,1876,
ahmad,1877,1877,
ahmad,1879,1879,
ahmad,1880,1880,
ahmad,1881,1881,
ahmad,1882,1882,
ahmad,1883,1883,
ahmad,1884,1884,
ahmad,1885,1885,
ahmad,1887,1887,
ahmad,1888,1888,
ahmad,1889,1889,
ahmad,1890,1890,
ahmad,1891,1891,
ahmad,1892,1892,
ahmad,1893,1893,
ahmad,1895,1895,
ahmad,1896,1896,
ahmad,1897,1897,
ahmad,1898,1898,
ahmad,1899,1899,
ahmad,1900,1900,
ahmad,1901,1901,
ahmad,1902,1902,
ahmad,1903,1903,
ahmad,1904,1904,
ahmad,1905,1905,
ahmad,1906,1906,
ahmad,1907,1907,
ahmad,1908,1908,
ahmad,1909,1909,
ahmad,1911,1911,
ahmad,1913,1913,
ahmad,1914,1914,
ahmad,1915,1915,
ahmad,1916,1916,
ahmad,1917,1917,
ahmad,1918,1918,
ahmad,1919,1919,
ahmad,1920,1920,
ahmad,1921,1921,
ahmad,1923,1923,
ahmad,1924,1924,
ahmad,1925,1925,
ahmad,1926,1926,
ahmad,1927,1927,
ahmad,1928,1928,
ahmad,1929,1929,
ahmad,1930,1930,
ahmad,1931,1931,
ahmad,1932,1932,
ahmad,1933,1933,
ahmad,1934,1934,
ahmad,1936,1936,
ahmad,1937,1937,
ahmad,1938,1938,
ahmad,1939,1939,
ahmad,1940,1940,
ahmad,1941,1941,
ahmad,1943,1943,
ahmad,1944,1944,
ahmad,1945,1945,
ahmad,1946,1946,
ahmad,1947,1947,
ahmad,1948,1948,
ahmad,1949,1949,
ahmad,1950,1950,
ahmad,1951,1951,
ahmad,1952,1952,
ahmad,1953,1953,
ahmad,1954,1954,
ahmad,1957,1957,
ahmad,1958,1958,
ahmad,1960,1960,
ahmad,1961,1961,
ahmad,1962,1962,
ahmad,1963,1963,
ahmad,1964,1964,
ahmad,1965,1965,
ahmad,1966,1966,
ahmad,1967,1967,
ahmad,1969,1969,
ahmad,1970,1970,
ahmad,1971,1971,
ahmad,1972,1972,
ahmad,1973,1973,
ahmad,1974,1974,
ahmad,1975,1975,
ahmad,1976,1976,
ahmad,1977,1977,
ahmad,1978,1978,
ahmad,1979,1979,
ahmad,1980,1980,
ahmad,1981,1981,
ahmad,1982,1982,
ahmad,1983,1983,
ahmad,1984,1984,
ahmad,1986,1986,
ahmad,1987,1987,
ahmad,1988,1988,
ahmad,1989,1989,
ahmad,1990,1990,
ahmad,1991,1991,
ahmad,1992,1992,
ahmad,1993,1993,
ahmad,1994,1994,
ahmad,1995,1995,
ahmad,1996,1996,
ahmad,1998,1998,
ahmad,1999,1999,
ahmad,2000,2000,
ahmad,2001,2001,
ahmad,2002,2002,
ahmad,2003,2003,
ahmad,2004,2004,
ahmad,2005,2005,
ahmad,2006,2006,
ahmad,2008,2008,
ahmad,2009,2009,
ahmad,2010,2010,
ahmad,2011,2011,
ahmad,2013,2013,
ahmad,2014,2014,
ahmad,2015,2015,
ahmad,2016,2016,
ahmad,2017,2017,
ahmad,2018,2018,
ahmad,2019,2019,
ahmad,2020,2020,
ahmad,2021,2021,
ahmad,2022,2022,
ahmad,2023,2023,
ahmad,2026,2026,
ahmad,2027,2027,
ahmad,2028,2028,
ahmad,2029,2029,
ahmad,2030,2030,
ahmad,2031,2031,
ahmad,2032,2032,
ahmad,2033,2033,
ahmad,2034,2034,
ahmad,2035,2035,
ahmad,2036,2036,
ahmad,2037,2037,
ahmad,2038,2038,
ahmad,2039,2039,
ahmad,2040,2040,
ahmad,2041,2041,
ahmad,2042,2042,
ahmad,2043,2043,
ahmad,2044,2044,
ahmad,2045,2045,
ahmad,2046,2046,
ahmad,2047,2047,
ahmad,2048,2048,
ahmad,2050,2050,
ahmad,2053,2053,
ahmad,2054,2054,
ahmad,2055,2055,
ahmad,2056,2056,
ahmad,2057,2057,
ahmad,2058,2058,
ahmad,2059,2059,
ahmad,2061,2061,
ahmad,2062,2062,
ahmad,2063,2063,
ahmad,2064,2064,
ahmad,2065,2065,
ahmad,2066,2066,
ahmad,2067,2067,
ahmad,2068,2068,
ahmad,2069,2069,
ahmad,2070,2070,
ahmad,2071,2071,
ahmad,2072,2072,
ahmad,2073,2073,
ahmad,2074,2074,
ahmad,2075,2075,
ahmad,2077,2077,
ahmad,2078,2078,
ahmad,2079,2079,
ahmad,2080,2080,
ahmad,2081,2081,
ahmad,2082,2082,
ahmad,2083,2083,
ahmad,2084,2084,
ahmad,2085,2085,
ahmad,2086,2086,
ahmad,2087,2087,
ahmad,2088,2088,
ahmad,2089,2089,
ahmad,2090,2090,
ahmad,2091,2091,
ahmad,2092,2092,
ahmad,2095,2095,
ahmad,2096,2096,
ahmad,2098,2098,
ahmad,2099,2099,
ahmad,2100,2100,
ahmad,2101,2101,
ahmad,2103,2103,
ahmad,2104,2104,
ahmad,2105,2105,
ahmad,2106,2106,
ahmad,2107,2107,
ahmad,2108,2108,
ahmad,2109,2109,
ahmad,2110,2110,
ahmad,2111,2111,
ahmad,2112,2112,
ahmad,2113,2113,
ahmad,2114,2114,
ahmad,2115,2115,
ahmad,2116,2116,
ahmad,2119,2119,
ahmad,2120,2120,
ahmad,2121,2121,
ahmad,2122,2122,
ahmad,2123,2123,
ahmad,2124,2124,
ahmad,2125,2125,
ahmad,2126,2126,
ahmad,2127,2127,
ahmad,2128,2128,
ahmad,2129,2129,
ahmad,2134,2134,
ahmad,2136,2136,
ahmad,2137,2137,
ahmad,2138,2138,
ahmad,2139,2139,
ahmad,2140,2140,
ahmad,2141,2141,
ahmad,2143,2143,
ahmad,2144,2144,
ahmad,2145,2145,
ahmad,2146,2146,
ahmad,2147,2147,
ahmad,2148,2148,
ahmad,2149,2149,
ahmad,2151,2151,
ahmad,2152,2152,
ahmad,2155,2155,
ahmad,2156,2156,
ahmad,2157,2157,
ahmad,2163,2163,
ahmad,2165,2165,
ahmad,2168,2168,
ahmad,2170,2170,
ahmad,2172,2172,
ahmad,2173,2173,
ahmad,2174,2174,
ahmad,2175,2175,
ahmad,2179,2179,
ahmad,2181,2181,
ahmad,2182,2182,
ahmad,2183,2183,
ahmad,2184,2184,
ahmad,2186,2186,
ahmad,2188,2188,
ahmad,2189,2189,
ahmad,2191,2191,
ahmad,2192,2192,
ahmad,2193,2193,
ahmad,2194,2194,
ahmad,2195,2195,
ahmad,2198,2198,
ahmad,2199,2199,
ahmad,2203,2203,
ahmad,2204,2204,
ahmad,2211,2211,
ahmad,2215,2215,
ahmad,2216,2216,
ahmad,2217,2217,
ahmad,2218,2218,
ahmad,2219,2219,
ahmad,2220,2220,
ahmad,2221,2221,
ahmad,2222,2222,
ahmad,2223,2223,
ahmad,2224,2224,
ahmad,2226,2226,
ahmad,2227,2227,
ahmad,2228,2228,
ahmad,2229,2229,
ahmad,2230,2230,
ahmad,2231,2231,
ahmad,2232,2232,
ahmad,2234,2234,
ahmad,2235,2235,
ahmad,2236,2236,
ahmad,2237,2237,
ahmad,2238,2238,
ahmad,2239,2239,
ahmad,2240,2240,
ahmad,2241,2241,
ahmad,2245,2245,
ahmad,2246,2246,
ahmad,2247,2247,
ahmad,2248,2248,
ahmad,2249,2249,
ahmad,2250,2250,
ahmad,2251,2251,
ahmad,2252,2252,
ahmad,2253,2253,
ahmad,2254,2254,
ahmad,2255,2255,
ahmad,2259,2259,
ahmad,2263,2263,
ahmad,2264,2264,
ahmad,2265,2265,
ahmad,2266,2266,
ahmad,2267,2267,
ahmad,2268,2268,
ahmad,2269,2269,
ahmad,2272,2272,
ahmad,2274,2274,
ahmad,2275,2275,
ahmad,2276,2276,
ahmad,2278,2278,
ahmad,2279,2279,
ahmad,2280,2280,
ahmad,2281,2281,
ahmad,2282,2282,
ahmad,2283,2283,
ahmad,2284,2284,
ahmad,2285,2285,
ahmad,2286,2286,
ahmad,2287,2287,
ahmad,2288,2288,
ahmad,2289,2289,
ahmad,2290,2290,
ahmad,2291,2291,
ahmad,2292,2292,
ahmad,2293,2293,
ahmad,2294,2294,
ahmad,2295,2295,
ahmad,2296,2296,
ahmad,2297,2297,
ahmad,2299,2299,
ahmad,2301,2301,
ahmad,2302,2302,
ahmad,2303,2303,
ahmad,2304,2304,
ahmad,2305,2305,
ahmad,2307,2307,
ahmad,2308,2308,
ahmad,2309,2309,
ahmad,2311,2311,
ahmad,2312,2312,
ahmad,2314,2314,
ahmad,2316,2316,
ahmad,2317,2317,
ahmad,2318,2318,
ahmad,2320,2320,
ahmad,2321,2321,
ahmad,2322,2322,
ahmad,2323,2323,
ahmad,2324,2324,
ahmad,2325,2325,
ahmad,2326,2326,
ahmad,2327,2327,
ahmad,2328,2328,
ahmad,2329,2329,
ahmad,2330,2330,
ahmad,2331,2331,
ahmad,2332,2332,
ahmad,2333,2333,
ahmad,2334,2334,
ahmad,2335,2335,
ahmad,2336,2336,
ahmad,2337,2337,
ahmad,2338,2338,
ahmad,2340,2340,
ahmad,2341,2341,
ahmad,2342,2342,
ahmad,2343,2343,
ahmad,2344,2344,
ahmad,2345,2345,
ahmad,2346,2346,
ahmad,2347,2347,
ahmad,2348,2348,
ahmad,2349,2349,
ahmad,2350,2350,
ahmad,2351,2351,
ahmad,2352,2352,
ahmad,2353,2353,
ahmad,2354,2354,
ahmad,2355,2355,
ahmad,2356,2356,
ahmad,2357,2357,
ahmad,2358,2358,
ahmad,2359,2359,
ahmad,2361,2361,
ahmad,2363,2363,
ahmad,2364,2364,
ahmad,2365,2365,
ahmad,2367,2367,
ahmad,2368,2368,
ahmad,2369,2369,
ahmad,2370,2370,
ahmad,2371,2371,
ahmad,2372,2372,
ahmad,2373,2373,
ahmad,2374,2374,
ahmad,2375,2375,
ahmad,2376,2376,
ahmad,2377,2377,
ahmad,2380,2380,
ahmad,2381,2381,
ahmad,2382,2382,
ahmad,2383,2383,
ahmad,2384,2384,
ahmad,2385,2385,
ahmad,2387,2387,
ahmad,2388,2388,
ahmad,2390,2390,
ahmad,2391,2391,
ahmad,2392,2392,
ahmad,2393,2393,
ahmad,2394,2394,
ahmad,2395,2395,
ahmad,2396,2396,
ahmad,2397,2397,
ahmad,2398,2398,
ahmad,2399,2399,
ahmad,2400,2400,
ahmad,2403,2403,
ahmad,2404,2404,
ahmad,2405,2405,
ahmad,2407,2407,
ahmad,2408,2408,
ahmad,2409,2409,
ahmad,2410,2410,
ahmad,2411,2411,
ahmad,2413,2413,
ahmad,2414,2414,
ahmad,2416,2416,
ahmad,2417,2417,
ahmad,2418,2418,
ahmad,2419,2419,
ahmad,2420,2420,
ahmad,2421,2421,
ahmad,2422,2422,
ahmad,2423,2423,
ahmad,2425,2425,
ahmad,2426,2426,
ahmad,2427,2427,
ahmad,2428,2428,
ahmad,2429,2429,
ahmad,2430,2430,
ahmad,2431,2431,
ahmad,2432,2432,
ahmad,2434,2434,
ahmad,2435,2435,
ahmad,2436,2436,
ahmad,2437,2437,
ahmad,2438,2438,
ahmad,2439,2439,
ahmad,2441,2441,
ahmad,2442,2442,
ahmad,2444,2444,
ahmad,2446,2446,
ahmad,2447,2447,
ahmad,2448,2448,
ahmad,2449,2449,
ahmad,2452,2452,
ahmad,2456,2456,
ahmad,2458,2458,
ahmad,2459,2459,
ahmad,2460,2460,
ahmad,2461,2461,
ahmad,2462,2462,
ahmad,2463,2463,
ahmad,2464,2464,
ahmad,2465,2465,
ahmad,2469,2469,
ahmad,2472,2472,
ahmad,2474,2474,
ahmad,2475,2475,
ahmad,2477,2477,
ahmad,2478,2478,
ahmad,2480,2480,
ahmad,2481,2481,
ahmad,2485,2485,
ahmad,2486,2486,
ahmad,2487,2487,
ahmad,2488,2488,
ahmad,2489,2489,
ahmad,2490,2490,
ahmad,2491,2491,
ahmad,2492,2492,
ahmad,2493,2493,
ahmad,2494,2494,
ahmad,2495,2495,
ahmad,2496,2496,
ahmad,2497,2497,
ahmad,2498,2498,
ahmad,2499,2499,
ahmad,2500,2500,
ahmad,2502,2502,
ahmad,2504,2504,
ahmad,2505,2505,
ahmad,2506,2506,
ahmad,2507,2507,
ahmad,2508,2508,
ahmad,2509,2509,
ahmad,2510,2510,
ahmad,2511,2511,
ahmad,2512,2512,
ahmad,2513,2513,
ahmad,2514,2514,
ahmad,2516,2516,
ahmad,2517,2517,
ahmad,2518,2518,
ahmad,2519,2519,
ahmad,2520,2520,
ahmad,2521,2521,
ahmad,2523,2523,
ahmad,2524,2524,
ahmad,2525,2525,
ahmad,2526,2526,
ahmad,2527,2527,
ahmad,2529,2529,
ahmad,2530,2530,
ahmad,2531,2531,
ahmad,2532,2532,
ahmad,2533,2533,
ahmad,2534,2534,
ahmad,2535,2535,
ahmad,2536,2536,
ahmad,2537,2537,
ahmad,2538,2538,
ahmad,2539,2539,
ahmad,2540,2540,
ahmad,2541,2541,
ahmad,2542,2542,
ahmad,2543,2543,
ahmad,2544,2544,
ahmad,2545,2545,
ahmad,2546,2546,
ahmad,2547,2547,
ahmad,2548,2548,
ahmad,2549,2549,
ahmad,2550,2550,
ahmad,2551,2551,
ahmad,2552,2552,
ahmad,2553,2553,
ahmad,2554,2554,
ahmad,2556,2556,
ahmad,2557,2557,
ahmad,2558,2558,
ahmad,2559,2559,
ahmad,2560,2560,
ahmad,2561,2561,
ahmad,2562,2562,
ahmad,2564,2564,
ahmad,2565,2565,
ahmad,2566,2566,
ahmad,2567,2567,
ahmad,2568,2568,
ahmad,2569,2569,
ahmad,2570,2570,
ahmad,2571,2571,
ahmad,2572,2572,
ahmad,2574,2574,
ahmad,2575,2575,
ahmad,2576,2576,
ahmad,2577,2577,
ahmad,2578,2578,
ahmad,2579,2579,
ahmad,2580,2580,
ahmad,2581,2581,
ahmad,2582,2582,
ahmad,2583,2583,
ahmad,2585,2585,
ahmad,2586,2586,
ahmad,2587,2587,
ahmad,2588,2588,
ahmad,2589,2589,
ahmad,2590,2590,
ahmad,2592,2592,
ahmad,2593,2593,
ahmad,2594,2594,
ahmad,2595,2595,
ahmad,2597,2597,
ahmad,2598,2598,
ahmad,2599,2599,
ahmad,2600,2600,
ahmad,2601,2601,
ahmad,2602,2602,
ahmad,2603,2603,
ahmad,2604,2604,
ahmad,2605,2605,
ahmad,2608,2608,
ahmad,2609,2609,
ahmad,2610,2610,
ahmad,2611,2611,
ahmad,2613,2613,
ahmad,2614,2614,
ahmad,2615,2615,
ahmad,2616,2616,
ahmad,2617,2617,
ahmad,2618,2618,
ahmad,2619,2619,
ahmad,2620,2620,
ahmad,2621,2621,
ahmad,2622,2622,
ahmad,2623,2623,
ahmad,2624,2624,
ahmad,2625,2625,
ahmad,2627,2627,
ahmad,2628,2628,
ahmad,2629,2629,
ahmad,2630,2630,
ahmad,2632,2632,
ahmad,2633,2633,
ahmad,2634,2634,
ahmad,2635,2635,
ahmad,2638,2638,
ahmad,2639,2639,
ahmad,2640,2640,
ahmad,2641,2641,
ahmad,2642,2642,
ahmad,2643,2643,
ahmad,2644,2644,
ahmad,2646,2646,
ahmad,2647,2647,
ahmad,2648,2648,
ahmad,2649,2649,
ahmad,2650,2650,
ahmad,2652,2652,
ahmad,2654,2654,
ahmad,2655,2655,
ahmad,2657,2657,
ahmad,2658,2658,
ahmad,2659,2659,
ahmad,2660,2660,
ahmad,2661,2661,
ahmad,2663,2663,
ahmad,2664,2664,
ahmad,2665,2665,
ahmad,2666,2666,
ahmad,2667,2667,
ahmad,2668,2668,
ahmad,2669,2669,
ahmad,2670,2670,
ahmad,2672,2672,
ahmad,2673,2673,
ahmad,2674,2674,
ahmad,2675,2675,
ahmad,2676,2676,
ahmad,2677,2677,
ahmad,2678,2678,
ahmad,2680,2680,
ahmad,2682,2682,
ahmad,2683,2683,
ahmad,2684,2684,
ahmad,2685,2685,
ahmad,2686,2686,
ahmad,2687,2687,
ahmad,2688,2688,
ahmad,2689,2689,
ahmad,2690,2690,
ahmad,2691,2691,
ahmad,2693,2693,
ahmad,2694,2694,
ahmad,2695,2695,
ahmad,2696,2696,
ahmad,2697,2697,
ahmad,2698,2698,
ahmad,2699,2699,
ahmad,2700,2700,
ahmad,2701,2701,
ahmad,2702,2702,
ahmad,2703,2703,
ahmad,2704,2704,
ahmad,2705,2705,
ahmad,2706,2706,
ahmad,2707,2707,
ahmad,2711,2711,
ahmad,2712,2712,
ahmad,2716,2716,
ahmad,2717,2717,
ahmad,2719,2719,
ahmad,2720,2720,
ahmad,2721,2721,
ahmad,2722,2722,
ahmad,2723,2723,
ahmad,2728,2728,
ahmad,2729,2729,
ahmad,2730,2730,
ahmad,2731,2731,
ahmad,2732,2732,
ahmad,2733,2733,
ahmad,2734,2734,
ahmad,2735,2735,
ahmad,2736,2736,
ahmad,2737,2737,
ahmad,2738,2738,
ahmad,2739,2739,
ahmad,2740,2740,
ahmad,2741,2741,
ahmad,2742,2742,
ahmad,2743,2743,
ahmad,2744,2744,
ahmad,2745,2745,
ahmad,2747,2747,
ahmad,2748,2748,
ahmad,2749,2749,
ahmad,2750,2750,
ahmad,2751,2751,
ahmad,2752,2752,
ahmad,2753,2753,
ahmad,2754,2754,
ahmad,2755,2755,
ahmad,2756,2756,
ahmad,2757,2757,
ahmad,2758,2758,
ahmad,2760,2760,
ahmad,2761,2761,
ahmad,2762,2762,
ahmad,2763,2763,
ahmad,2764,2764,
ahmad,2766,2766,
ahmad,2768,2768,
ahmad,2769,2769,
ahmad,2770,2770,
ahmad,2771,2771,
ahmad,2772,2772,
ahmad,2773,2773,
ahmad,2774,2774,
ahmad,2775,2775,
ahmad,2776,2776,
ahmad,2777,2777,
ahmad,2778,2778,
ahmad,2780,2780,
ahmad,2781,2781,
ahmad,2782,2782,
ahmad,2783,2783,
ahmad,2784,2784,
ahmad,2786,2786,
ahmad,2788,2788,
ahmad,2789,2789,
ahmad,2792,2792,
ahmad,2793,2793,
ahmad,2794,2794,
ahmad,2795,2795,
ahmad,2796,2796,
ahmad,2797,2797,
ahmad,2799,2799,
ahmad,2800,2800,
ahmad,2801,2801,
ahmad,2802,2802,
ahmad,2803,2803,
ahmad,2804,2804,
ahmad,2805,2805,
ahmad,2806,2806,
ahmad,2807,2807,
ahmad,2808,2808,
ahmad,2809,2809,
ahmad,2810,2810,
ahmad,2812,2812,
ahmad,2813,2813,
ahmad,2814,2814,
ahmad,2815,2815,
ahmad,2816,2816,
ahmad,2817,2817,
ahmad,2818,2818,
ahmad,2819,2819,
ahmad,2820,2820,
ahmad,2821,2821,
ahmad,2822,2822,
ahmad,2823,2823,
ahmad,2825,2825,
ahmad,2826,2826,
ahmad,2827,2827,
ahmad,2828,2828,
ahmad,2829,2829,
ahmad,2830,2830,
ahmad,2833,2833,
ahmad,2834,2834,
ahmad,2835,2835,
ahmad,2836,2836,
ahmad,2837,2837,
ahmad,2838,2838,
ahmad,2839,2839,
ahmad,2840,2840,
ahmad,2841,2841,
ahmad,2842,2842,
ahmad,2843,2843,
ahmad,2844,2844,
ahmad,2845,2845,
ahmad,2846,2846,
ahmad,2847,2847,
ahmad,2848,2848,
ahmad,2849,2849,
ahmad,2850,2850,
ahmad,2851,2851,
ahmad,2852,2852,
ahmad,2853,2853,
ahmad,2854,2854,
ahmad,2855,2855,
ahmad,2856,2856,
ahmad,2857,2857,
ahmad,2858,2858,
ahmad,2859,2859,
ahmad,2860,2860,
ahmad,2861,2861,
ahmad,2862,2862,
ahmad,2863,2863,
ahmad,2864,2864,
ahmad,2865,2865,
ahmad,2866,2866,
ahmad,2867,2867,
ahmad,2868,2868,
ahmad,2869,2869,
ahmad,2871,2871,
ahmad,2874,2874,
ahmad,2875,2875,
ahmad,2876,2876,
ahmad,2882,2882,
ahmad,2883,2883,
ahmad,2884,2884,
ahmad,2885,2885,
ahmad,2886,2886,
ahmad,2887,2887,
ahmad,2888,2888,
ahmad,2889,2889,
ahmad,2892,2892,
ahmad,2893,2893,
ahmad,2894,2894,
ahmad,2895,2895,
ahmad,2896,2896,
ahmad,2897,2897,
ahmad,2898,2898,
ahmad,2899,2899,
ahmad,2900,2900,
ahmad,2901,2901,
ahmad,2902,2902,
ahmad,2903,2903,
ahmad,2905,2905,
ahmad,2906,2906,
ahmad,2909,2909,
ahmad,2910,2910,
ahmad,2911,2911,
ahmad,2912,2912,
ahmad,2913,2913,
ahmad,2914,2914,
ahmad,2915,2915,
ahmad,2916,2916,
ahmad,2918,2918,
ahmad,2920,2920,
ahmad,2921,2921,
ahmad,2922,2922,
ahmad,2923,2923,
ahmad,2924,2924,
ahmad,2927,2927,
ahmad,2928,2928,
ahmad,2929,2929,
ahmad,2930,2930,
ahmad,2931,2931,
ahmad,2933,2933,
ahmad,2934,2934,
ahmad,2935,2935,
ahmad,2936,2936,
ahmad,2937,2937,
ahmad,2938,2938,
ahmad,2939,2939,
ahmad,2940,2940,
ahmad,2941,2941,
ahmad,2942,2942,
ahmad,2944,2944,
ahmad,2946,2946,
ahmad,2948,2948,
ahmad,2949,2949,
ahmad,2954,2954,
ahmad,2955,2955,
ahmad,2956,2956,
ahmad,2957,2957,
ahmad,2958,2958,
ahmad,2960,2960,
ahmad,2961,2961,
ahmad,2962,2962,
ahmad,2963,2963,
ahmad,2965,2965,
ahmad,2967,2967,
ahmad,2968,2968,
ahmad,2971,2971,
ahmad,2972,2972,
ahmad,2973,2973,
ahmad,2974,2974,
ahmad,2975,2975,
ahmad,2976,2976,
ahmad,2977,2977,
ahmad,2978,2978,
ahmad,2980,2980,
ahmad,2981,2981,
ahmad,2982,2982,
ahmad,2984,2984,
ahmad,2986,2986,
ahmad,2987,2987,
ahmad,2989,2989,
ahmad,2993,2993,
ahmad,2994,2994,
ahmad,2995,2995,
ahmad,3000,3000,
ahmad,3003,3003,
ahmad,3004,3004,
ahmad,3006,3006,
ahmad,3008,3008,
ahmad,3009,3009,
ahmad,3010,3010,
ahmad,3012,3012,
ahmad,3013,3013,
ahmad,3016,3016,
ahmad,3017,3017,
ahmad,3018,3018,
ahmad,3019,3019,
ahmad,3020,3020,
ahmad,3021,3021,
ahmad,3022,3022,
ahmad,3023,3023,
ahmad,3024,3024,
ahmad,3025,3025,
ahmad,3026,3026,
ahmad,3027,3027,
ahmad,3028,3028,
ahmad,3029,3029,
ahmad,3030,3030,
ahmad,3031,3031,
ahmad,3032,3032,
ahmad,3033,3033,
ahmad,3034,3034,
ahmad,3036,3036,
ahmad,3037,3037,
ahmad,3040,3040,
ahmad,3041,3041,
ahmad,3043,3043,
ahmad,3044,3044,
ahmad,3045,3045,
ahmad,3047,3047,
ahmad,3048,3048,
ahmad,3049,3049,
ahmad,3050,3050,
ahmad,3051,3051,
ahmad,3052,3052,
ahmad,3053,3053,
ahmad,3054,3054,
ahmad,3056,3056,
ahmad,3057,3057,
ahmad,3058,3058,
ahmad,3059,3059,
ahmad,3060,3060,
ahmad,3061,3061,
ahmad,3062,3062,
ahmad,3063,3063,
ahmad,3064,3064,
ahmad,3065,3065,
ahmad,3066,3066,
ahmad,3067,3067,
ahmad,3068,3068,
ahmad,3069,3069,
ahmad,3070,3070,
ahmad,3071,3071,
ahmad,3072,3072,
ahmad,3073,3073,
ahmad,3074,3074,
ahmad,3075,3075,
ahmad,3076,3076,
ahmad,3077,3077,
ahmad,3078,3078,
ahmad,3079,3079,
ahmad,3080,3080,
ahmad,3081,3081,
ahmad,3082,3082,
ahmad,3083,3083,
ahmad,3085,3085,
ahmad,3086,3086,
ahmad,3087,3087,
ahmad,3088,3088,
ahmad,3089,3089,
ahmad,3090,3090,
ahmad,3091,3091,
ahmad,3092,3092,
ahmad,3093,3093,
ahmad,3094,3094,
ahmad,3095,3095,
ahmad,3096,3096,
ahmad,3097,3097,
ahmad,3098,3098,
ahmad,3099,3099,
ahmad,3100,3100,
ahmad,3102,3102,
ahmad,3103,3103,
ahmad,3104,3104,
ahmad,3105,3105,
ahmad,3106,3106,
ahmad,3107,3107,
ahmad,3108,3108,
ahmad,3109,3109,
ahmad,3110,3110,
ahmad,3111,3111,
ahmad,3112,3112,
ahmad,3113,3113,
ahmad,3114,3114,
ahmad,3115,3115,
ahmad,3116,3116,
ahmad,3117,3117,
ahmad,3118,3118,
ahmad,3120,3120,
ahmad,3121,3121,
ahmad,3122,3122,
ahmad,3123,3123,
ahmad,3124,3124,
ahmad,3125,3125,
ahmad,3126,3126,
ahmad,3127,3127,
ahmad,3128,3128,
ahmad,3129,3129,
ahmad,3130,3130,
ahmad,3131,3131,
ahmad,3132,3132,
ahmad,3133,3133,
ahmad,3134,3134,
ahmad,3135,3135,
ahmad,3136,3136,
ahmad,3137,3137,
ahmad,3138,3138,
ahmad,3139,3139,
ahmad,3140,3140,
ahmad,3141,3141,
ahmad,3142,3142,
ahmad,3143,3143,
ahmad,3144,3144,
ahmad,3146,3146,
ahmad,3147,3147,
ahmad,3148,3148,
ahmad,3149,3149,
ahmad,3151,3151,
ahmad,3152,3152,
ahmad,3153,3153,
ahmad,3154,3154,
ahmad,3155,3155,
ahmad,3156,3156,
ahmad,3157,3157,
ahmad,3158,3158,
ahmad,3159,3159,
ahmad,3160,3160,
ahmad,3161,3161,
ahmad,3162,3162,
ahmad,3163,3163,
ahmad,3164,3164,
ahmad,3165,3165,
ahmad,3166,3166,
ahmad,3167,3167,
ahmad,3168,3168,
ahmad,3169,3169,
ahmad,3170,3170,
ahmad,3171,3171,
ahmad,3173,3173,
ahmad,3174,3174,
ahmad,3175,3175,
ahmad,3176,3176,
ahmad,3177,3177,
ahmad,3178,3178,
ahmad,3179,3179,
ahmad,3180,3180,
ahmad,3181,3181,
ahmad,3182,3182,
ahmad,3183,3183,
ahmad,3184,3184,
ahmad,3185,3185,
ahmad,3186,3186,
ahmad,3187,3187,
ahmad,3188,3188,
ahmad,3190,3190,
ahmad,3191,3191,
ahmad,3192,3192,
ahmad,3193,3193,
ahmad,3194,3194,
ahmad,3195,3195,
ahmad,3196,3196,
ahmad,3198,3198,
ahmad,3199,3199,
ahmad,3200,3200,
ahmad,3201,3201,
ahmad,3202,3202,
ahmad,3203,3203,
ahmad,3204,3204,
ahmad,3205,3205,
ahmad,3206,3206,
ahmad,3207,3207,
ahmad,3208,3208,
ahmad,3209,3209,
ahmad,3210,3210,
ahmad,3213,3213,
ahmad,3214,3214,
ahmad,3215,3215,
ahmad,3216,3216,
ahmad,3217,3217,
ahmad,3218,3218,
ahmad,3219,3219,
ahmad,3220,3220,
ahmad,3221,3221,
ahmad,3222,3222,
ahmad,3223,3223,
ahmad,3225,3225,
ahmad,3226,3226,
ahmad,3227,3227,
ahmad,3228,3228,
ahmad,3229,3229,
ahmad,3230,3230,
ahmad,3231,3231,
ahmad,3232,3232,
ahmad,3233,3233,
ahmad,3234,3234,
ahmad,3235,3235,
ahmad,3236,3236,
ahmad,3237,3237,
ahmad,3238,3238,
ahmad,3239,3239,
ahmad,3240,3240,
ahmad,3241,3241,
ahmad,3242,3242,
ahmad,3243,3243,
ahmad,3244,3244,
ahmad,3245,3245,
ahmad,3246,3246,
ahmad,3247,3247,
ahmad,3248,3248,
ahmad,3249,3249,
ahmad,3251,3251,
ahmad,3252,3252,
ahmad,3253,3253,
ahmad,3254,3254,
ahmad,3255,3255,
ahmad,3256,3256,
ahmad,3257,3257,
ahmad,3258,3258,
ahmad,3259,3259,
ahmad,3260,3260,
ahmad,3261,3261,
ahmad,3263,3263,
ahmad,3266,3266,
ahmad,3267,3267,
ahmad,3269,3269,
ahmad,3270,3270,
ahmad,3271,3271,
ahmad,3272,3272,
ahmad,3275,3275,
ahmad,3276,3276,
ahmad,3277,3277,
ahmad,3278,3278,
ahmad,3279,3279,
ahmad,3282,3282,
ahmad,3283,3283,
ahmad,3289,3289,
ahmad,3291,3291,
ahmad,3293,3293,
ahmad,3300,3300,
ahmad,3303,3303,
ahmad,3305,3305,
ahmad,3306,3306,
ahmad,3307,3307,
ahmad,3308,3308,
ahmad,3309,3309,
ahmad,3310,3310,
ahmad,3311,3311,
ahmad,3312,3312,
ahmad,3313,3313,
ahmad,3314,3314,
ahmad,3315,3315,
ahmad,3316,3316,
ahmad,3317,3317,
ahmad,3318,3318,
ahmad,3319,3319,
ahmad,3322,3322,
ahmad,3323,3323,
ahmad,3324,3324,
ahmad,3325,3325,
ahmad,3326,3326,
ahmad,3327,3327,
ahmad,3328,3328,
ahmad,3329,3329,
ahmad,3333,3333,
ahmad,3334,3334,
ahmad,3335,3335,
ahmad,3337,3337,
ahmad,3338,3338,
ahmad,3339,3339,
ahmad,3340,3340,
ahmad,3341,3341,
ahmad,3342,3342,
ahmad,3343,3343,
ahmad,3345,3345,
ahmad,3346,3346,
ahmad,3347,3347,
ahmad,3349,3349,
ahmad,3350,3350,
ahmad,3353,3353,
ahmad,3354,3354,
ahmad,3355,3355,
ahmad,3356,3356,
ahmad,3359,3359,
ahmad,3361,3361,
ahmad,3362,3362,
ahmad,3363,3363,
ahmad,3364,3364,
ahmad,3365,3365,
ahmad,3366,3366,
ahmad,3367,3367,
ahmad,3368,3368,
ahmad,3369,3369,
ahmad,3370,3370,
ahmad,3371,3371,
ahmad,3372,3372,
ahmad,3373,3373,
ahmad,3374,3374,
ahmad,3375,3375,
ahmad,3376,3376,
ahmad,3377,3377,
ahmad,3378,3378,
ahmad,3379,3379,
ahmad,3380,3380,
ahmad,3381,3381,
ahmad,3382,3382,
ahmad,3383,3383,
ahmad,3384,3384,
ahmad,3385,3385,
ahmad,3386,3386,
ahmad,3387,3387,
ahmad,3388,3388,
ahmad,3389,3389,
ahmad,3390,3390,
ahmad,3391,3391,
ahmad,3392,3392,
ahmad,3393,3393,
ahmad,3394,3394,
ahmad,3396,3396,
ahmad,3397,3397,
ahmad,3398,3398,
ahmad,3399,3399,
ahmad,3400,3400,
ahmad,3401,3401,
ahmad,3403,3403,
ahmad,3404,3404,
ahmad,3405,3405,
ahmad,3414,3414,
ahmad,3417,3417,
ahmad,3418,3418,
ahmad,3419,3419,
ahmad,3420,3420,
ahmad,3421,3421,
ahmad,3422,3422,
ahmad,3423,3423,
ahmad,3424,3424,
ahmad,3425,3425,
ahmad,3431,3431,
ahmad,3433,3433,
ahmad,3445,3445,
ahmad,3449,3449,
ahmad,3451,3451,
ahmad,3453,3453,
ahmad,3454,3454,
ahmad,3460,3460,
ahmad,3462,3462,
ahmad,3463,3463,
ahmad,3464,3464,
ahmad,3465,3465,
ahmad,3466,3466,
ahmad,3467,3467,
ahmad,3468,3468,
ahmad,3469,3469,
ahmad,3470,3470,
ahmad,3472,3472,
ahmad,3473,3473,
ahmad,3474,3474,
ahmad,3475,3475,
ahmad,3476,3476,
ahmad,3477,3477,
ahmad,3478,3478,
ahmad,3479,3479,
ahmad,3480,3480,
ahmad,3481,3481,
ahmad,3482,3482,
ahmad,3483,3483,
ahmad,3484,3484,
ahmad,3485,3485,
ahmad,3487,3487,
ahmad,3488,3488,
ahmad,3490,3490,
ahmad,3492,3492,
ahmad,3494,3494,
ahmad,3495,3495,
ahmad,3496,3496,
ahmad,3497,3497,
ahmad,3498,3498,
ahmad,3499,3499,
ahmad,3501,3501,
ahmad,3503,3503,
ahmad,3504,3504,
ahmad,3507,3507,
ahmad,3508,3508,
ahmad,3510,3510,
ahmad,3511,3511,
ahmad,3512,3512,
ahmad,3513,3513,
ahmad,3515,3515,
ahmad,3516,3516,
ahmad,3518,3518,
ahmad,3519,3519,
ahmad,3520,3520,
ahmad,3521,3521,
ahmad,3522,3522,
ahmad,3523,3523,
ahmad,3524,3524,
ahmad,3525,3525,
ahmad,3526,3526,
ahmad,3527,3527,
ahmad,3528,3528,
ahmad,3529,3529,
ahmad,3531,3531,
ahmad,3532,3532,
ahmad,3533,3533,
ahmad,3536,3536,
ahmad,3537,3537,
ahmad,3539,3539,
ahmad,3540,3540,
ahmad,3542,3542,
ahmad,3543,3543,
ahmad,3544,3544,
ahmad,3545,3545,
ahmad,3546,3546,
ahmad,3547,3547,
ahmad,3548,3548,
ahmad,3549,3549,
ahmad,3550,3550,
ahmad,3551,3551,
ahmad,3552,3552,
ahmad,3557,3557,
ahmad,3559,3559,
ahmad,3560,3560,
ahmad,3561,3561,
ahmad,3562,3562,
ahmad,3563,3563,
ahmad,3565,3565,
ahmad,3566,3566,
ahmad,3567,3567,
ahmad,3568,3568,
ahmad,3569,3569,
ahmad,3570,3570,
ahmad,3571,3571,
ahmad,3572,3572,
ahmad,3573,3573,
ahmad,3574,3574,
ahmad,3575,3575,
ahmad,3576,3576,
ahmad,3577,3577,
ahmad,3578,3578,
ahmad,3579,3579,
ahmad,3580,3580,
ahmad,3584,3584,
ahmad,3585,3585,
ahmad,3586,3586,
ahmad,3587,3587,
ahmad,3588,3588,
ahmad,3589,3589,
ahmad,3590,3590,
ahmad,3591,3591,
ahmad,3592,3592,
ahmad,3593,3593,
ahmad,3594,3594,
ahmad,3595,3595,
ahmad,3597,3597,
ahmad,3598,3598,
ahmad,3599,3599,
ahmad,3600,3600,
ahmad,3602,3602,
ahmad,3605,3605,
ahmad,3608,3608,
ahmad,3609,3609,
ahmad,3610,3610,
ahmad,3612,3612,
ahmad,3613,3613,
ahmad,3614,3614,
ahmad,3615,3615,
ahmad,3617,3617,
ahmad,3618,3618,
ahmad,3619,3619,
ahmad,3620,3620,
ahmad,3623,3623,
ahmad,3624,3624,
ahmad,3625,3625,
ahmad,3627,3627,
ahmad,3630,3630,
ahmad,3631,3631,
ahmad,3632,3632,
ahmad,3633,3633,
ahmad,3634,3634,
ahmad,3635,3635,
ahmad,3637,3637,
ahmad,3639,3639,
ahmad,3640,3640,
ahmad,3641,3641,
ahmad,3642,3642,
ahmad,3643,3643,
ahmad,3644,3644,
ahmad,3645,3645,
ahmad,3646,3646,
ahmad,3647,3647,
ahmad,3649,3649,
ahmad,3651,3651,
ahmad,3652,3652,
ahmad,3653,3653,
ahmad,3654,3654,
ahmad,3655,3655,
ahmad,3656,3656,
ahmad,3657,3657,
ahmad,3658,3658,
ahmad,3659,3659,
ahmad,3660,3660,
ahmad,3661,3661,
ahmad,3662,3662,
ahmad,3664,3664,
ahmad,3665,3665,
ahmad,3666,3666,
ahmad,3667,3667,
ahmad,3668,3668,
ahmad,3669,3669,
ahmad,3670,3670,
ahmad,3672,3672,
ahmad,3673,3673,
ahmad,3674,3674,
ahmad,3675,3675,
ahmad,3676,3676,
ahmad,3677,3677,
ahmad,3678,3678,
ahmad,3680,3680,
ahmad,3681,3681,
ahmad,3682,3682,
ahmad,3684,3684,
ahmad,3685,3685,
ahmad,3686,3686,
ahmad,3688,3688,
ahmad,3689,3689,
ahmad,3690,3690,
ahmad,3691,3691,
ahmad,3693,3693,
ahmad,3695,3695,
ahmad,3696,3696,
ahmad,3698,3698,
ahmad,3699,3699,
ahmad,3700,3700,
ahmad,3701,3701,
ahmad,3702,3702,
ahmad,3704,3704,
ahmad,3705,3705,
ahmad,3707,3707,
ahmad,3708,3708,
ahmad,3710,3710,
ahmad,3712,3712,
ahmad,3713,3713,
ahmad,3714,3714,
ahmad,3715,3715,
ahmad,3717,3717,
ahmad,3718,3718,
ahmad,3722,3722,
ahmad,3724,3724,
ahmad,3725,3725,
ahmad,3726,3726,
ahmad,3727,3727,
ahmad,3728,3728,
ahmad,3729,3729,
ahmad,3730,3730,
ahmad,3732,3732,
ahmad,3733,3733,
ahmad,3735,3735,
ahmad,3738,3738,
ahmad,3739,3739,
ahmad,3740,3740,
ahmad,3741,3741,
ahmad,3742,3742,
ahmad,3743,3743,
ahmad,3744,3744,
ahmad,3745,3745,
ahmad,3746,3746,
ahmad,3747,3747,
ahmad,3748,3748,
ahmad,3749,3749,
ahmad,3750,3750,
ahmad,3751,3751,
ahmad,3752,3752,
ahmad,3753,3753,
ahmad,3754,3754,
ahmad,3755,3755,
ahmad,3756,3756,
ahmad,3757,3757,
ahmad,3758,3758,
ahmad,3759,3759,
ahmad,3760,3760,
ahmad,3762,3762,
ahmad,3763,3763,
ahmad,3764,3764,
ahmad,3765,3765,
ahmad,3766,3766,
ahmad,3767,3767,
ahmad,3768,3768,
ahmad,3769,3769,
ahmad,3770,3770,
ahmad,3774,3774,
ahmad,3776,3776,
ahmad,3777,3777,
ahmad,3778,3778,
ahmad,3779,3779,
ahmad,3780,3780,
ahmad,3781,3781,
ahmad,3782,3782,
ahmad,3783,3783,
ahmad,3784,3784,
ahmad,3785,3785,
ahmad,3786,3786,
ahmad,3787,3787,
ahmad,3788,3788,
ahmad,3789,3789,
ahmad,3790,3790,
ahmad,3791,3791,
ahmad,3792,3792,
ahmad,3793,3793,
ahmad,3794,3794,
ahmad,3795,3795,
ahmad,3797,3797,
ahmad,3799,3799,
ahmad,3804,3804,
ahmad,3805,3805,
ahmad,3806,3806,
ahmad,3807,3807,
ahmad,3808,3808,
ahmad,3809,3809,
ahmad,3810,3810,
ahmad,3811,3811,
ahmad,3812,3812,
ahmad,3813,3813,
ahmad,3816,3816,
ahmad,3818,3818,
ahmad,3819,3819,
ahmad,3820,3820,
ahmad,3821,3821,
ahmad,3822,3822,
ahmad,3823,3823,
ahmad,3824,3824,
ahmad,3825,3825,
ahmad,3826,3826,
ahmad,3827,3827,
ahmad,3828,3828,
ahmad,3829,3829,
ahmad,3830,3830,
ahmad,3831,3831,
ahmad,3832,3832,
ahmad,3838,3838,
ahmad,3839,3839,
ahmad,3841,3841,
ahmad,3842,3842,
ahmad,3843,3843,
ahmad,3845,3845,
ahmad,3846,3846,
ahmad,3847,3847,
ahmad,3849,3849,
ahmad,3850,3850,
ahmad,3851,3851,
ahmad,3852,3852,
ahmad,3853,3853,
ahmad,3854,3854,
ahmad,3855,3855,
ahmad,3856,3856,
ahmad,3857,3857,
ahmad,3858,3858,
ahmad,3860,3860,
ahmad,3861,3861,
ahmad,3863,3863,
ahmad,3864,3864,
ahmad,3865,3865,
ahmad,3866,3866,
ahmad,3867,3867,
ahmad,3868,3868,
ahmad,3869,3869,
ahmad,3870,3870,
ahmad,3871,3871,
ahmad,3872,3872,
ahmad,3873,3873,
ahmad,3874,3874,
ahmad,3875,3875,
ahmad,3876,3876,
ahmad,3877,3877,
ahmad,3878,3878,
ahmad,3879,3879,
ahmad,3880,3880,
ahmad,3881,3881,
ahmad,3882,3882,
ahmad,3883,3883,
ahmad,3884,3884,
ahmad,3885,3885,
ahmad,3886,3886,
ahmad,3887,3887,
ahmad,3888,3888,
ahmad,3889,3889,
ahmad,3890,3890,
ahmad,3891,3891,
ahmad,3892,3892,
ahmad,3894,3894,
ahmad,3895,3895,
ahmad,3896,3896,
ahmad,3899,3899,
ahmad,3900,3900,
ahmad,3901,3901,
ahmad,3903,3903,
ahmad,3904,3904,
ahmad,3905,3905,
ahmad,3906,3906,
ahmad,3907,3907,
ahmad,3908,3908,
ahmad,3909,3909,
ahmad,3910,3910,
ahmad,3911,3911,
ahmad,3912,3912,
ahmad,3913,3913,
ahmad,3914,3914,
ahmad,3915,3915,
ahmad,3916,3916,
ahmad,3917,3917,
ahmad,3918,3918,
ahmad,3919,3919,
ahmad,3921,3921,
ahmad,3924,3924,
ahmad,3925,3925,
ahmad,3926,3926,
ahmad,3927,3927,
ahmad,3928,3928,
ahmad,3930,3930,
ahmad,3931,3931,
ahmad,3932,3932,
ahmad,3933,3933,
ahmad,3934,3934,
ahmad,3935,3935,
ahmad,3937,3937,
ahmad,3939,3939,
ahmad,3941,3941,
ahmad,3942,3942,
ahmad,3943,3943,
ahmad,3944,3944,
ahmad,3946,3946,
ahmad,3947,3947,
ahmad,3949,3949,
ahmad,3950,3950,
ahmad,3953,3953,
ahmad,3955,3955,
ahmad,3957,3957,
ahmad,3958,3958,
ahmad,3959,3959,
ahmad,3960,3960,
ahmad,3964,3964,
ahmad,3965,3965,
ahmad,3966,3966,
ahmad,3967,3967,
ahmad,3969,3969,
ahmad,3970,3970,
ahmad,3971,3971,
ahmad,3972,3972,
ahmad,3974,3974,
ahmad,3976,3976,
ahmad,3977,3977,
ahmad,3978,3978,
ahmad,3979,3979,
ahmad,3981,3981,
ahmad,3989,3989,
ahmad,3990,3990,
ahmad,3991,3991,
ahmad,3992,3992,
ahmad,3993,3993,
ahmad,3994,3994,
ahmad,3996,3996,
ahmad,3997,3997,
ahmad,3998,3998,
ahmad,3999,3999,
ahmad,4000,4000,
ahmad,4001,4001,
ahmad,4002,4002,
ahmad,4003,4003,
ahmad,4005,4005,
ahmad,4007,4007,
ahmad,4010,4010,
ahmad,4011,4011,
ahmad,4012,4012,
ahmad,4013,4013,
ahmad,4014,4014,
ahmad,4015,4015,
ahmad,4016,4016,
ahmad,4017,4017,
ahmad,4018,4018,
ahmad,4020,4020,
ahmad,4021,4021,
ahmad,4022,4022,
ahmad,4023,4023,
ahmad,4024,4024,
ahmad,4025,4025,
ahmad,4027,4027,
ahmad,4028,4028,
ahmad,4029,4029,
ahmad,4031,4031,
ahmad,4032,4032,
ahmad,4033,4033,
ahmad,4034,4034,
ahmad,4035,4035,
ahmad,4036,4036,
ahmad,4037,4037,
ahmad,4039,4039,
ahmad,4040,4040,
ahmad,4041,4041,
ahmad,4042,4042,
ahmad,4043,4043,
ahmad,4045,4045,
ahmad,4046,4046,
ahmad,4047,4047,
ahmad,4048,4048,
ahmad,4052,4052,
ahmad,4053,4053,
ahmad,4054,4054,
ahmad,4055,4055,
ahmad,4056,4056,
ahmad,4057,4057,
ahmad,4058,4058,
ahmad,4059,4059,
ahmad,4060,4060,
ahmad,4061,4061,
ahmad,4062,4062,
ahmad,4063,4063,
ahmad,4064,4064,
ahmad,4066,4066,
ahmad,4067,4067,
ahmad,4068,4068,
ahmad,4069,4069,
ahmad,4070,4070,
ahmad,4071,4071,
ahmad,4072,4072,
ahmad,4073,4073,
ahmad,4074,4074,
ahmad,4075,4075,
ahmad,4076,4076,
ahmad,4077,4077,
ahmad,4078,4078,
ahmad,4079,4079,
ahmad,4080,4080,
ahmad,4081,4081,
ahmad,4082,4082,
ahmad,4083,4083,
ahmad,4085,4085,
ahmad,4086,4086,
ahmad,4087,4087,
ahmad,4088,4088,
ahmad,4089,4089,
ahmad,4090,4090,
ahmad,4091,4091,
ahmad,4092,4092,
ahmad,4093,4093,
ahmad,4094,4094,
ahmad,4095,4095,
ahmad,4096,4096,
ahmad,4097,4097,
ahmad,4098,4098,
ahmad,4099,4099,
ahmad,4103,4103,
ahmad,4104,4104,
ahmad,4106,4106,
ahmad,4107,4107,
ahmad,4109,4109,
ahmad,4110,4110,
ahmad,4111,4111,
ahmad,4112,4112,
ahmad,4113,4113,
ahmad,4114,4114,
ahmad,4115,4115,
ahmad,4117,4117,
ahmad,4118,4118,
ahmad,4119,4119,
ahmad,4120,4120,
ahmad,4122,4122,
ahmad,4123,4123,
ahmad,4124,4124,
ahmad,4125,4125,
ahmad,4126,4126,
ahmad,4130,4130,
ahmad,4132,4132,
ahmad,4133,4133,
ahmad,4135,4135,
ahmad,4137,4137,
ahmad,4138,4138,
ahmad,4139,4139,
ahmad,4140,4140,
ahmad,4142,4142,
ahmad,4143,4143,
ahmad,4145,4145,
ahmad,4148,4148,
ahmad,4149,4149,
ahmad,4150,4150,
ahmad,4151,4151,
ahmad,4152,4152,
ahmad,4154,4154,
ahmad,4155,4155,
ahmad,4156,4156,
ahmad,4157,4157,
ahmad,4158,4158,
ahmad,4159,4159,
ahmad,4161,4161,
ahmad,4162,4162,
ahmad,4163,4163,
ahmad,4165,4165,
ahmad,4166,4166,
ahmad,4167,4167,
ahmad,4168,4168,
ahmad,4169,4169,
ahmad,4170,4170,
ahmad,4171,4171,
ahmad,4173,4173,
ahmad,4178,4178,
ahmad,4180,4180,
ahmad,4181,4181,
ahmad,4182,4182,
ahmad,4183,4183,
ahmad,4184,4184,
ahmad,4185,4185,
ahmad,4186,4186,
ahmad,4188,4188,
ahmad,4189,4189,
ahmad,4190,4190,
ahmad,4191,4191,
ahmad,4200,4200,
ahmad,4202,4202,
ahmad,4206,4206,
ahmad,4207,4207,
ahmad,4208,4208,
ahmad,4209,4209,
ahmad,4210,4210,
ahmad,4211,4211,
ahmad,4212,4212,
ahmad,4213,4213,
ahmad,4214,4214,
ahmad,4215,4215,
ahmad,4216,4216,
ahmad,4217,4217,
ahmad,4218,4218,
ahmad,4219,4219,
ahmad,4220,4220,
ahmad,4221,4221,
ahmad,4222,4222,
ahmad,4224,4224,
ahmad,4225,4225,
ahmad,4226,4226,
ahmad,4227,4227,
ahmad,4228,4228,
ahmad,4229,4229,
ahmad,4230,4230,
ahmad,4231,4231,
ahmad,4232,4232,
ahmad,4233,4233,
ahmad,4234,4234,
ahmad,4237,4237,
ahmad,4239,4239,
ahmad,4240,4240,
ahmad,4241,4241,
ahmad,4242,4242,
ahmad,4243,4243,
ahmad,4244,4244,
ahmad,4245,4245,
ahmad,4246,4246,
ahmad,4247,4247,
ahmad,4248,4248,
ahmad,4250,4250,
ahmad,4251,4251,
ahmad,4252,4252,
ahmad,4253,4253,
ahmad,4255,4255,
ahmad,4256,4256,
ahmad,4261,4261,
ahmad,4262,4262,
ahmad,4264,4264,
ahmad,4265,4265,
ahmad,4267,4267,
ahmad,4268,4268,
ahmad,4269,4269,
ahmad,4270,4270,
ahmad,4271,4271,
ahmad,4272,4272,
ahmad,4277,4277,
ahmad,4278,4278,
ahmad,4280,4280,
ahmad,4281,4281,
ahmad,4282,4282,
ahmad,4283,4283,
ahmad,4284,4284,
ahmad,4285,4285,
ahmad,4290,4290,
ahmad,4291,4291,
ahmad,4293,4293,
ahmad,4294,4294,
ahmad,4295,4295,
ahmad,4296,4296,
ahmad,4301,4301,
ahmad,4303,4303,
ahmad,4305,4305,
ahmad,4306,4306,
ahmad,4307,4307,
ahmad,4308,4308,
ahmad,4309,4309,
ahmad,4310,4310,
ahmad,4311,4311,
ahmad,4313,4313,
ahmad,4314,4314,
ahmad,4315,4315,
ahmad,4318,4318,
ahmad,4319,4319,
ahmad,4320,4320,
ahmad,4326,4326,
ahmad,4328,4328,
ahmad,4329,4329,
ahmad,4330,4330,
ahmad,4331,4331,
ahmad,4332,4332,
ahmad,4333,4333,
ahmad,4334,4334,
ahmad,4335,4335,
ahmad,4336,4336,
ahmad,4337,4337,
ahmad,4338,4338,
ahmad,4339,4339,
ahmad,4340,4340,
ahmad,4341,4341,
ahmad,4342,4342,
ahmad,4343,4343,
ahmad,4344,4344,
ahmad,4345,4345,
ahmad,4346,4346,
ahmad,4347,4347,
ahmad,4349,4349,
ahmad,4350,4350,
ahmad,4351,4351,
ahmad,4352,4352,
ahmad,4353,4353,
ahmad,4354,4354,
ahmad,4355,4355,
ahmad,4356,4356,
ahmad,4357,4357,
ahmad,4358,4358,
ahmad,4359,4359,
ahmad,4360,4360,
ahmad,4361,4361,
ahmad,4362,4362,
ahmad,4363,4363,
ahmad,4364,4364,
ahmad,4365,4365,
ahmad,4366,4366,
ahmad,4367,4367,
ahmad,4368,4368,
ahmad,4369,4369,
ahmad,4370,4370,
ahmad,4371,4371,
ahmad,4372,4372,
ahmad,4373,4373,
ahmad,4375,4375,
ahmad,4377,4377,
ahmad,4378,4378,
ahmad,4379,4379,
ahmad,4380,4380,
ahmad,4381,4381,
ahmad,4382,4382,
ahmad,4388,4388,
ahmad,4390,4390,
ahmad,4391,4391,
ahmad,4392,4392,
ahmad,4393,4393,
ahmad,4394,4394,
ahmad,4395,4395,
ahmad,4396,4396,
ahmad,4398,4398,
ahmad,4399,4399,
ahmad,4401,4401,
ahmad,4402,4402,
ahmad,4403,4403,
ahmad,4404,4404,
ahmad,4405,4405,
ahmad,4408,4408,
ahmad,4409,4409,
ahmad,4410,4410,
ahmad,4412,4412,
ahmad,4413,4413,
ahmad,4414,4414,
ahmad,4415,4415,
ahmad,4417,4417,
ahmad,4418,4418,
ahmad,4421,4421,
ahmad,4422,4422,
ahmad,4424,4424,
ahmad,4425,4425,
ahmad,4426,4426,
ahmad,4427,4427,
ahmad,4437,4437,
ahmad,4442,4442,
ahmad,4443,4443,
ahmad,4444,4444,
ahmad,4445,4445,
ahmad,4446,4446,
ahmad,4447,4447,
ahmad,4448,4448,
ahmad,4451,4451,
ahmad,4452,4452,
ahmad,4454,4454,
ahmad,4455,4455,
ahmad,4456,4456,
ahmad,4457,4457,
ahmad,4458,4458,
ahmad,4459,4459,
ahmad,4460,4460,
ahmad,4461,4461,
ahmad,4462,4462,
ahmad,4463,4463,
ahmad,4464,4464,
ahmad,4465,4465,
ahmad,4466,4466,
ahmad,4467,4467,
ahmad,4469,4469,
ahmad,4470,4470,
ahmad,4471,4471,
ahmad,4474,4474,
ahmad,4477,4477,
ahmad,4479,4479,
ahmad,4481,4481,
ahmad,4482,4482,
ahmad,4484,4484,
ahmad,4486,4486,
ahmad,4487,4487,
ahmad,4492,4492,
ahmad,4495,4495,
ahmad,4496,4496,
ahmad,4497,4497,
ahmad,4498,4498,
ahmad,4499,4499,
ahmad,4503,4503,
ahmad,4505,4505,
ahmad,4507,4507,
ahmad,4510,4510,
ahmad,4511,4511,
ahmad,4512,4512,
ahmad,4513,4513,
ahmad,4514,4514,
ahmad,4515,4515,
ahmad,4516,4516,
ahmad,4517,4517,
ahmad,4518,4518,
ahmad,4519,4519,
ahmad,4520,4520,
ahmad,4521,4521,
ahmad,4522,4522,
ahmad,4523,4523,
ahmad,4525,4525,
ahmad,4526,4526,
ahmad,4527,4527,
ahmad,4528,4528,
ahmad,4530,4530,
ahmad,4531,4531,
ahmad,4532,4532,
ahmad,4534,4534,
ahmad,4535,4535,
ahmad,4537,4537,
ahmad,4542,4542,
ahmad,4544,4544,
ahmad,4545,4545,
ahmad,4546,4546,
ahmad,4547,4547,
ahmad,4548,4548,
ahmad,4549,4549,
ahmad,4550,4550,
ahmad,4551,4551,
ahmad,4553,4553,
ahmad,4554,4554,
ahmad,4556,4556,
ahmad,4557,4557,
ahmad,4559,4559,
ahmad,4560,4560,
ahmad,4561,4561,
ahmad,4564,4564,
ahmad,4565,4565,
ahmad,4566,4566,
ahmad,4567,4567,
ahmad,4568,4568,
ahmad,4569,4569,
ahmad,4570,4570,
ahmad,4571,4571,
ahmad,4574,4574,
ahmad,4575,4575,
ahmad,4577,4577,
ahmad,4578,4578,
ahmad,4579,4579,
ahmad,4580,4580,
ahmad,4581,4581,
ahmad,4582,4582,
ahmad,4583,4583,
ahmad,4585,4585,
ahmad,4586,4586,
ahmad,4587,4587,
ahmad,4588,4588,
ahmad,4589,4589,
ahmad,4590,4590,
ahmad,4591,4591,
ahmad,4592,4592,
ahmad,4593,4593,
ahmad,4594,4594,
ahmad,4595,4595,
ahmad,4596,4596,
ahmad,4597,4597,
ahmad,4598,4598,
ahmad,4599,4599,
ahmad,4600,4600,
ahmad,4601,4601,
ahmad,4602,4602,
ahmad,4603,4603,
ahmad,4604,4604,
ahmad,4605,4605,
ahmad,4606,4606,
ahmad,4609,4609,
ahmad,4614,4614,
ahmad,4615,4615,
ahmad,4616,4616,
ahmad,4617,4617,
ahmad,4618,4618,
ahmad,4619,4619,
ahmad,4620,4620,
ahmad,4621,4621,
ahmad,4622,4622,
ahmad,4623,4623,
ahmad,4624,4624,
ahmad,4625,4625,
ahmad,4626,4626,
ahmad,4627,4627,
ahmad,4628,4628,
ahmad,4629,4629,
ahmad,4631,4631,
ahmad,4632,4632,
ahmad,4633,4633,
ahmad,4634,4634,
ahmad,4635,4635,
ahmad,4636,4636,
ahmad,4637,4637,
ahmad,4640,4640,
ahmad,4641,4641,
ahmad,4644,4644,
ahmad,4645,4645,
ahmad,4646,4646,
ahmad,4647,4647,
ahmad,4648,4648,
ahmad,4651,4651,
ahmad,4652,4652,
ahmad,4653,4653,
ahmad,4654,4654,
ahmad,4656,4656,
ahmad,4657,4657,
ahmad,4659,4659,
ahmad,4660,4660,
ahmad,4669,4669,
ahmad,4671,4671,
ahmad,4672,4672,
ahmad,4673,4673,
ahmad,4674,4674,
ahmad,4675,4675,
ahmad,4676,4676,
ahmad,4679,4679,
ahmad,4681,4681,
ahmad,4692,4692,
ahmad,4693,4693,
ahmad,4695,4695,
ahmad,4696,4696,
ahmad,4697,4697,
ahmad,4698,4698,
ahmad,4699,4699,
ahmad,4700,4700,
ahmad,4701,4701,
ahmad,4703,4703,
ahmad,4704,4704,
ahmad,4705,4705,
ahmad,4706,4706,
ahmad,4707,4707,
ahmad,4708,4708,
ahmad,4709,4709,
ahmad,4710,4710,
ahmad,4711,4711,
ahmad,4712,4712,
ahmad,4713,4713,
ahmad,4714,4714,
ahmad,4715,4715,
ahmad,4716,4716,
ahmad,4717,4717,
ahmad,4718,4718,
ahmad,4719,4719,
ahmad,4720,4720,
ahmad,4721,4721,
ahmad,4722,4722,
ahmad,4723,4723,
ahmad,4724,4724,
ahmad,4725,4725,
ahmad,4726,4726,
ahmad,4727,4727,
ahmad,4728,4728,
ahmad,4729,4729,
ahmad,4731,4731,
ahmad,4732,4732,
ahmad,4733,4733,
ahmad,4734,4734,
ahmad,4735,4735,
ahmad,4736,4736,
ahmad,4737,4737,
ahmad,4738,4738,
ahmad,4739,4739,
ahmad,4740,4740,
ahmad,4741,4741,
ahmad,4742,4742,
ahmad,4743,4743,
ahmad,4745,4745,
ahmad,4746,4746,
ahmad,4747,4747,
ahmad,4748,4748,
ahmad,4749,4749,
ahmad,4750,4750,
ahmad,4751,4751,
ahmad,4752,4752,
ahmad,4753,4753,
ahmad,4754,4754,
ahmad,4756,4756,
ahmad,4758,4758,
ahmad,4759,4759,
ahmad,4760,4760,
ahmad,4761,4761,
ahmad,4763,4763,
ahmad,4764,4764,
ahmad,4765,4765,
ahmad,4766,4766,
ahmad,4767,4767,
ahmad,4768,4768,
ahmad,4770,4770,
ahmad,4771,4771,
ahmad,4772,4772,
ahmad,4773,4773,
ahmad,4775,4775,
ahmad,4776,4776,
ahmad,4777,4777,
ahmad,4780,4780,
ahmad,4782,4782,
ahmad,4784,4784,
ahmad,4788,4788,
ahmad,4789,4789,
ahmad,4790,4790,
ahmad,4791,4791,
ahmad,4794,4794,
ahmad,4795,4795,
ahmad,4796,4796,
ahmad,4798,4798,
ahmad,4799,4799,
ahmad,4800,4800,
ahmad,4801,4801,
ahmad,4803,4803,
ahmad,4804,4804,
ahmad,4805,4805,
ahmad,4807,4807,
ahmad,4811,4811,
ahmad,4814,4814,
ahmad,4817,4817,
ahmad,4822,4822,
ahmad,4824,4824,
ahmad,4827,4827,
ahmad,4828,4828,
ahmad,4829,4829,
ahmad,4832,4832,
ahmad,4834,4834,
ahmad,4835,4835,
ahmad,4836,4836,
ahmad,4837,4837,
ahmad,4838,4838,
ahmad,4839,4839,
ahmad,4841,4841,
ahmad,4842,4842,
ahmad,4844,4844,
ahmad,4845,4845,
ahmad,4846,4846,
ahmad,4847,4847,
ahmad,4849,4849,
ahmad,4850,4850,
ahmad,4851,4851,
ahmad,4853,4853,
ahmad,4855,4855,
ahmad,4856,4856,
ahmad,4857,4857,
ahmad,4858,4858,
ahmad,4859,4859,
ahmad,4861,4861,
ahmad,4862,4862,
ahmad,4863,4863,
ahmad,4864,4864,
ahmad,4865,4865,
ahmad,4866,4866,
ahmad,4867,4867,
ahmad,4868,4868,
ahmad,4870,4870,
ahmad,4871,4871,
ahmad,4872,4872,
ahmad,4873,4873,
ahmad,4874,4874,
ahmad,4875,4875,
ahmad,4876,4876,
ahmad,4877,4877,
ahmad,4878,4878,
ahmad,4882,4882,
ahmad,4883,4883,
ahmad,4885,4885,
ahmad,4887,4887,
ahmad,4889,4889,
ahmad,4890,4890,
ahmad,4892,4892,
ahmad,4893,4893,
ahmad,4894,4894,
ahmad,4895,4895,
ahmad,4896,4896,
ahmad,4898,4898,
ahmad,4900,4900,
ahmad,4901,4901,
ahmad,4903,4903,
ahmad,4904,4904,
ahmad,4905,4905,
ahmad,4908,4908,
ahmad,4910,4910,
ahmad,4916,4916,
ahmad,4917,4917,
ahmad,4918,4918,
ahmad,4928,4928,
ahmad,4929,4929,
ahmad,4930,4930,
ahmad,4931,4931,
ahmad,4932,4932,
ahmad,4934,4934,
ahmad,4935,4935,
ahmad,4936,4936,
ahmad,4937,4937,
ahmad,4938,4938,
ahmad,4939,4939,
ahmad,4940,4940,
ahmad,4942,4942,
ahmad,4943,4943,
ahmad,4945,4945,
ahmad,4946,4946,
ahmad,4947,4947,
ahmad,4948,4948,
ahmad,4950,4950,
ahmad,4951,4951,
ahmad,4952,4952,
ahmad,4953,4953,
ahmad,4954,4954,
ahmad,4955,4955,
ahmad,4956,4956,
ahmad,4957,4957,
ahmad,4958,4958,
ahmad,4959,4959,
ahmad,4960,4960,
ahmad,4961,4961,
ahmad,4962,4962,
ahmad,4963,4963,
ahmad,4965,4965,
ahmad,4966,4966,
ahmad,4967,4967,
ahmad,4969,4969,
ahmad,4972,4972,
ahmad,4973,4973,
ahmad,4976,4976,
ahmad,4977,4977,
ahmad,4978,4978,
ahmad,4981,4981,
ahmad,4982,4982,
ahmad,4983,4983,
ahmad,4984,4984,
ahmad,4985,4985,
ahmad,4986,4986,
ahmad,4987,4987,
ahmad,4988,4988,
ahmad,4989,4989,
ahmad,4990,4990,
ahmad,4991,4991,
ahmad,4992,4992,
ahmad,4994,4994,
ahmad,4995,4995,
ahmad,4996,4996,
ahmad,4997,4997,
ahmad,4998,4998,
ahmad,4999,4999,
ahmad,5000,5000,
ahmad,5001,5001,
ahmad,5002,5002,
ahmad,5004,5004,
ahmad,5005,5005,
ahmad,5006,5006,
ahmad,5007,5007,
ahmad,5008,5008,
ahmad,5009,5009,
ahmad,5010,5010,
ahmad,5011,5011,
ahmad,5012,5012,
ahmad,5013,5013,
ahmad,5014,5014,
ahmad,5015,5015,
ahmad,5016,5016,
ahmad,5017,5017,
ahmad,5020,5020,
ahmad,5021,5021,
ahmad,5022,5022,
ahmad,5023,5023,
ahmad,5024,5024,
ahmad,5025,5025,
ahmad,5026,5026,
ahmad,5027,5027,
ahmad,5028,5028,
ahmad,5029,5029,
ahmad,5030,5030,
ahmad,5031,5031,
ahmad,5033,5033,
ahmad,5034,5034,
ahmad,5035,5035,
ahmad,5038,5038,
ahmad,5039,5039,
ahmad,5042,5042,
ahmad,5043,5043,
ahmad,5045,5045,
ahmad,5046,5046,
ahmad,5047,5047,
ahmad,5049,5049,
ahmad,5051,5051,
ahmad,5059,5059,
ahmad,5060,5060,
ahmad,5061,5061,
ahmad,5062,5062,
ahmad,5065,5065,
ahmad,5066,5066,
ahmad,5067,5067,
ahmad,5068,5068,
ahmad,5069,5069,
ahmad,5070,5070,
ahmad,5072,5072,
ahmad,5073,5073,
ahmad,5074,5074,
ahmad,5075,5075,
ahmad,5076,5076,
ahmad,5081,5081,
ahmad,5084,5084,
ahmad,5085,5085,
ahmad,5086,5086,
ahmad,5089,5089,
ahmad,5090,5090,
ahmad,5091,5091,
ahmad,5092,5092,
ahmad,5093,5093,
ahmad,5094,5094,
ahmad,5095,5095,
ahmad,5096,5096,
ahmad,5097,5097,
ahmad,5098,5098,
ahmad,5100,5100,
ahmad,5101,5101,
ahmad,5104,5104,
ahmad,5105,5105,
ahmad,5106,5106,
ahmad,5109,5109,
ahmad,5116,5116,
ahmad,5118,5118,
ahmad,5119,5119,
ahmad,5120,5120,
ahmad,5122,5122,
ahmad,5123,5123,
ahmad,5124,5124,
ahmad,5125,5125,
ahmad,5126,5126,
ahmad,5127,5127,
ahmad,5128,5128,
ahmad,5129,5129,
ahmad,5130,5130,
ahmad,5132,5132,
ahmad,5133,5133,
ahmad,5134,5134,
ahmad,5135,5135,
ahmad,5137,5137,
ahmad,5138,5138,
ahmad,5139,5139,
ahmad,5142,5142,
ahmad,5143,5143,
ahmad,5144,5144,
ahmad,5145,5145,
ahmad,5146,5146,
ahmad,5147,5147,
ahmad,5149,5149,
ahmad,5150,5150,
ahmad,5151,5151,
ahmad,5152,5152,
ahmad,5153,5153,
ahmad,5154,5154,
ahmad,5155,5155,
ahmad,5157,5157,
ahmad,5158,5158,
ahmad,5159,5159,
ahmad,5160,5160,
ahmad,5162,5162,
ahmad,5163,5163,
ahmad,5164,5164,
ahmad,5166,5166,
ahmad,5170,5170,
ahmad,5172,5172,
ahmad,5174,5174,
ahmad,5175,5175,
ahmad,5176,5176,
ahmad,5177,5177,
ahmad,5178,5178,
ahmad,5179,5179,
ahmad,5180,5180,
ahmad,5181,5181,
ahmad,5186,5186,
ahmad,5189,5189,
ahmad,5190,5190,
ahmad,5192,5192,
ahmad,5194,5194,
ahmad,5195,5195,
ahmad,5196,5196,
ahmad,5197,5197,
ahmad,5198,5198,
ahmad,5199,5199,
ahmad,5200,5200,
ahmad,5201,5201,
ahmad,5202,5202,
ahmad,5203,5203,
ahmad,5204,5204,
ahmad,5206,5206,
ahmad,5207,5207,
ahmad,5208,5208,
ahmad,5209,5209,
ahmad,5210,5210,
ahmad,5211,5211,
ahmad,5212,5212,
ahmad,5213,5213,
ahmad,5214,5214,
ahmad,5215,5215,
ahmad,5216,5216,
ahmad,5217,5217,
ahmad,5218,5218,
ahmad,5219,5219,
ahmad,5220,5220,
ahmad,5221,5221,
ahmad,5222,5222,
ahmad,5223,5223,
ahmad,5224,5224,
ahmad,5225,5225,
ahmad,5226,5226,
ahmad,5229,5229,
ahmad,5230,5230,
ahmad,5231,5231,
ahmad,5232,5232,
ahmad,5233,5233,
ahmad,5234,5234,
ahmad,5235,5235,
ahmad,5237,5237,
ahmad,5238,5238,
ahmad,5239,5239,
ahmad,5245,5245,
ahmad,5247,5247,
ahmad,5248,5248,
ahmad,5249,5249,
ahmad,5250,5250,
ahmad,5251,5251,
ahmad,5252,5252,
ahmad,5254,5254,
ahmad,5255,5255,
ahmad,5259,5259,
ahmad,5260,5260,
ahmad,5262,5262,
ahmad,5265,5265,
ahmad,5268,5268,
ahmad,5272,5272,
ahmad,5273,5273,
ahmad,5274,5274,
ahmad,5275,5275,
ahmad,5276,5276,
ahmad,5277,5277,
ahmad,5278,5278,
ahmad,5279,5279,
ahmad,5280,5280,
ahmad,5281,5281,
ahmad,5285,5285,
ahmad,5286,5286,
ahmad,5287,5287,
ahmad,5288,5288,
ahmad,5290,5290,
ahmad,5291,5291,
ahmad,5292,5292,
ahmad,5294,5294,
ahmad,5297,5297,
ahmad,5298,5298,
ahmad,5299,5299,
ahmad,5300,5300,
ahmad,5301,5301,
ahmad,5302,5302,
ahmad,5303,5303,
ahmad,5304,5304,
ahmad,5305,5305,
ahmad,5306,5306,
ahmad,5308,5308,
ahmad,5309,5309,
ahmad,5310,5310,
ahmad,5311,5311,
ahmad,5313,5313,
ahmad,5314,5314,
ahmad,5315,5315,
ahmad,5316,5316,
ahmad,5317,5317,
ahmad,5322,5322,
ahmad,5323,5323,
ahmad,5324,5324,
ahmad,5325,5325,
ahmad,5327,5327,
ahmad,5329,5329,
ahmad,5330,5330,
ahmad,5331,5331,
ahmad,5332,5332,
ahmad,5333,5333,
ahmad,5335,5335,
ahmad,5336,5336,
ahmad,5337,5337,
ahmad,5338,5338,
ahmad,5339,5339,
ahmad,5340,5340,
ahmad,5343,5343,
ahmad,5344,5344,
ahmad,5345,5345,
ahmad,5346,5346,
ahmad,5347,5347,
ahmad,5348,5348,
ahmad,5349,5349,
ahmad,5350,5350,
ahmad,5351,5351,
ahmad,5352,5352,
ahmad,5353,5353,
ahmad,5354,5354,
ahmad,5355,5355,
ahmad,5356,5356,
ahmad,5357,5357,
ahmad,5359,5359,
ahmad,5360,5360,
ahmad,5364,5364,
ahmad,5367,5367,
ahmad,5369,5369,
ahmad,5373,5373,
ahmad,5374,5374,
ahmad,5375,5375,
ahmad,5376,5376,
ahmad,5378,5378,
ahmad,5379,5379,
ahmad,5380,5380,
ahmad,5381,5381,
ahmad,5383,5383,
ahmad,5384,5384,
ahmad,5385,5385,
ahmad,5386,5386,
ahmad,5388,5388,
ahmad,5389,5389,
ahmad,5390,5390,
ahmad,5391,5391,
ahmad,5392,5392,
ahmad,5393,5393,
ahmad,5394,5394,
ahmad,5395,5395,
ahmad,5396,5396,
ahmad,5399,5399,
ahmad,5400,5400,
ahmad,5401,5401,
ahmad,5402,5402,
ahmad,5403,5403,
ahmad,5404,5404,
ahmad,5405,5405,
ahmad,5406,5406,
ahmad,5407,5407,
ahmad,5408,5408,
ahmad,5409,5409,
ahmad,5413,5413,
ahmad,5414,5414,
ahmad,5415,5415,
ahmad,5416,5416,
ahmad,5417,5417,
ahmad,5418,5418,
ahmad,5419,5419,
ahmad,5420,5420,
ahmad,5421,5421,
ahmad,5423,5423,
ahmad,5424,5424,
ahmad,5425,5425,
ahmad,5426,5426,
ahmad,5428,5428,
ahmad,5429,5429,
ahmad,5431,5431,
ahmad,5432,5432,
ahmad,5433,5433,
ahmad,5434,5434,
ahmad,5435,5435,
ahmad,5436,5436,
ahmad,5438,5438,
ahmad,5439,5439,
ahmad,5442,5442,
ahmad,5443,5443,
ahmad,5444,5444,
ahmad,5445,5445,
ahmad,5446,5446,
ahmad,5448,5448,
ahmad,5449,5449,
ahmad,5450,5450,
ahmad,5451,5451,
ahmad,5452,5452,
ahmad,5453,5453,
ahmad,5454,5454,
ahmad,5456,5456,
ahmad,5457,5457,
ahmad,5458,5458,
ahmad,5459,5459,
ahmad,5460,5460,
ahmad,5461,5461,
ahmad,5463,5463,
ahmad,5464,5464,
ahmad,5465,5465,
ahmad,5466,5466,
ahmad,5467,5467,
ahmad,5468,5468,
ahmad,5469,5469,
ahmad,5471,5471,
ahmad,5472,5472,
ahmad,5473,5473,
ahmad,5474,5474,
ahmad,5475,5475,
ahmad,5476,5476,
ahmad,5477,5477,
ahmad,5478,5478,
ahmad,5479,5479,
ahmad,5481,5481,
ahmad,5482,5482,
ahmad,5484,5484,
ahmad,5485,5485,
ahmad,5486,5486,
ahmad,5487,5487,
ahmad,5488,5488,
ahmad,5490,5490,
ahmad,5492,5492,
ahmad,5493,5493,
ahmad,5494,5494,
ahmad,5495,5495,
ahmad,5496,5496,
ahmad,5497,5497,
ahmad,5498,5498,
ahmad,5500,5500,
ahmad,5501,5501,
ahmad,5502,5502,
ahmad,5503,5503,
ahmad,5504,5504,
ahmad,5508,5508,
ahmad,5510,5510,
ahmad,5512,5512,
ahmad,5529,5529,
ahmad,5536,5536,
ahmad,5538,5538,
ahmad,5539,5539,
ahmad,5540,5540,
ahmad,5541,5541,
ahmad,5543,5543,
ahmad,5545,5545,
ahmad,5546,5546,
ahmad,5547,5547,
ahmad,5548,5548,
ahmad,5549,5549,
ahmad,5551,5551,
ahmad,5552,5552,
ahmad,5555,5555,
ahmad,5556,5556,
ahmad,5557,5557,
ahmad,5558,5558,
ahmad,5560,5560,
ahmad,5561,5561,
ahmad,5562,5562,
ahmad,5563,5563,
ahmad,5564,5564,
ahmad,5565,5565,
ahmad,5566,5566,
ahmad,5568,5568,
ahmad,5569,5569,
ahmad,5571,5571,
ahmad,5572,5572,
ahmad,5573,5573,
ahmad,5574,5574,
ahmad,5575,5575,
ahmad,5576,5576,
ahmad,5577,5577,
ahmad,5578,5578,
ahmad,5579,5579,
ahmad,5580,5580,
ahmad,5581,5581,
ahmad,5582,5582,
ahmad,5583,5583,
ahmad,5586,5586,
ahmad,5589,5589,
ahmad,5590,5590,
ahmad,5591,5591,
ahmad,5593,5593,
ahmad,5594,5594,
ahmad,5595,5595,
ahmad,5596,5596,
ahmad,5597,5597,
ahmad,5598,5598,
ahmad,5599,5599,
ahmad,5601,5601,
ahmad,5602,5602,
ahmad,5603,5603,
ahmad,5604,5604,
ahmad,5605,5605,
ahmad,5606,5606,
ahmad,5607,5607,
ahmad,5610,5610,
ahmad,5613,5613,
ahmad,5614,5614,
ahmad,5615,5615,
ahmad,5616,5616,
ahmad,5617,5617,
ahmad,5618,5618,
ahmad,5620,5620,
ahmad,5622,5622,
ahmad,5623,5623,
ahmad,5625,5625,
ahmad,5626,5626,
ahmad,5627,5627,
ahmad,5628,5628,
ahmad,5629,5629,
ahmad,5630,5630,
ahmad,5631,5631,
ahmad,5632,5632,
ahmad,5633,5633,
ahmad,5634,5634,
ahmad,5635,5635,
ahmad,5639,5639,
ahmad,5640,5640,
ahmad,5641,5641,
ahmad,5642,5642,
ahmad,5643,5643,
ahmad,5644,5644,
ahmad,5645,5645,
ahmad,5646,5646,
ahmad,5647,5647,
ahmad,5648,5648,
ahmad,5649,5649,
ahmad,5651,5651,
ahmad,5653,5653,
ahmad,5654,5654,
ahmad,5655,5655,
ahmad,5656,5656,
ahmad,5657,5657,
ahmad,5658,5658,
ahmad,5659,5659,
ahmad,5660,5660,
ahmad,5661,5661,
ahmad,5664,5664,
ahmad,5665,5665,
ahmad,5666,5666,
ahmad,5667,5667,
ahmad,5668,5668,
ahmad,5669,5669,
ahmad,5670,5670,
ahmad,5671,5671,
ahmad,5672,5672,
ahmad,5675,5675,
ahmad,5676,5676,
ahmad,5677,5677,
ahmad,5678,5678,
ahmad,5679,5679,
ahmad,5680,5680,
ahmad,5681,5681,
ahmad,5682,5682,
ahmad,5683,5683,
ahmad,5684,5684,
ahmad,5686,5686,
ahmad,5688,5688,
ahmad,5689,5689,
ahmad,5690,5690,
ahmad,5691,5691,
ahmad,5692,5692,
ahmad,5693,5693,
ahmad,5694,5694,
ahmad,5695,5695,
ahmad,5700,5700,
ahmad,5702,5702,
ahmad,5703,5703,
ahmad,5704,5704,
ahmad,5705,5705,
ahmad,5706,5706,
ahmad,5707,5707,
ahmad,5708,5708,
ahmad,5709,5709,
ahmad,5710,5710,
ahmad,5712,5712,
ahmad,5713,5713,
ahmad,5714,5714,
ahmad,5715,5715,
ahmad,5716,5716,
ahmad,5717,5717,
ahmad,5718,5718,
ahmad,5719,5719,
ahmad,5720,5720,
ahmad,5721,5721,
ahmad,5722,5722,
ahmad,5723,5723,
ahmad,5725,5725,
ahmad,5726,5726,
ahmad,5727,5727,
ahmad,5728,5728,
ahmad,5729,5729,
ahmad,5731,5731,
ahmad,5732,5732,
ahmad,5733,5733,
ahmad,5734,5734,
ahmad,5735,5735,
ahmad,5736,5736,
ahmad,5737,5737,
ahmad,5738,5738,
ahmad,5739,5739,
ahmad,5740,5740,
ahmad,5741,5741,
ahmad,5742,5742,
ahmad,5743,5743,
ahmad,5744,5744,
ahmad,5745,5745,
ahmad,5746,5746,
ahmad,5747,5747,
ahmad,5748,5748,
ahmad,5749,5749,
ahmad,5750,5750,
ahmad,5751,5751,
ahmad,5752,5752,
ahmad,5755,5755,
ahmad,5756,5756,
ahmad,5759,5759,
ahmad,5760,5760,
ahmad,5761,5761,
ahmad,5762,5762,
ahmad,5763,5763,
ahmad,5764,5764,
ahmad,5765,5765,
ahmad,5766,5766,
ahmad,5768,5768,
ahmad,5771,5771,
ahmad,5772,5772,
ahmad,5773,5773,
ahmad,5774,5774,
ahmad,5775,5775,
ahmad,5777,5777,
ahmad,5778,5778,
ahmad,5779,5779,
ahmad,5780,5780,
ahmad,5781,5781,
ahmad,5782,5782,
ahmad,5783,5783,
ahmad,5784,5784,
ahmad,5788,5788,
ahmad,5789,5789,
ahmad,5791,5791,
ahmad,5795,5795,
ahmad,5796,5796,
ahmad,5797,5797,
ahmad,5798,5798,
ahmad,5799,5799,
ahmad,5800,5800,
ahmad,5801,5801,
ahmad,5802,5802,
ahmad,5803,5803,
ahmad,5804,5804,
ahmad,5805,5805,
ahmad,5807,5807,
ahmad,5808,5808,
ahmad,5809,5809,
ahmad,5810,5810,
ahmad,5813,5813,
ahmad,5814,5814,
ahmad,5815,5815,
ahmad,5816,5816,
ahmad,5817,5817,
ahmad,5818,5818,
ahmad,5819,5819,
ahmad,5821,5821,
ahmad,5822,5822,
ahmad,5823,5823,
ahmad,5824,5824,
ahmad,5825,5825,
ahmad,5826,5826,
ahmad,5827,5827,
ahmad,5828,5828,
ahmad,5830,5830,
ahmad,5831,5831,
ahmad,5833,5833,
ahmad,5834,5834,
ahmad,5835,5835,
ahmad,5836,5836,
ahmad,5838,5838,
ahmad,5839,5839,
ahmad,5840,5840,
ahmad,5841,5841,
ahmad,5843,5843,
ahmad,5844,5844,
ahmad,5845,5845,
ahmad,5846,5846,
ahmad,5847,5847,
ahmad,5848,5848,
ahmad,5849,5849,
ahmad,5850,5850,
ahmad,5851,5851,
ahmad,5852,5852,
ahmad,5853,5853,
ahmad,5854,5854,
ahmad,5855,5855,
ahmad,5857,5857,
ahmad,5859,5859,
ahmad,5862,5862,
ahmad,5865,5865,
ahmad,5866,5866,
ahmad,5867,5867,
ahmad,5868,5868,
ahmad,5869,5869,
ahmad,5870,5870,
ahmad,5871,5871,
ahmad,5872,5872,
ahmad,5874,5874,
ahmad,5875,5875,
ahmad,5876,5876,
ahmad,5877,5877,
ahmad,5878,5878,
ahmad,5879,5879,
ahmad,5880,5880,
ahmad,5881,5881,
ahmad,5883,5883,
ahmad,5884,5884,
ahmad,5885,5885,
ahmad,5887,5887,
ahmad,5888,5888,
ahmad,5889,5889,
ahmad,5892,5892,
ahmad,5893,5893,
ahmad,5896,5896,
ahmad,5897,5897,
ahmad,5898,5898,
ahmad,5899,5899,
ahmad,5900,5900,
ahmad,5901,5901,
ahmad,5902,5902,
ahmad,5903,5903,
ahmad,5904,5904,
ahmad,5908,5908,
ahmad,5909,5909,
ahmad,5911,5911,
ahmad,5912,5912,
ahmad,5917,5917,
ahmad,5918,5918,
ahmad,5919,5919,
ahmad,5921,5921,
ahmad,5922,5922,
ahmad,5924,5924,
ahmad,5925,5925,
ahmad,5926,5926,
ahmad,5927,5927,
ahmad,5929,5929,
ahmad,5930,5930,
ahmad,5931,5931,
ahmad,5932,5932,
ahmad,5935,5935,
ahmad,5936,5936,
ahmad,5937,5937,
ahmad,5938,5938,
ahmad,5942,5942,
ahmad,5944,5944,
ahmad,5945,5945,
ahmad,5946,5946,
ahmad,5947,5947,
ahmad,5948,5948,
ahmad,5949,5949,
ahmad,5950,5950,
ahmad,5951,5951,
ahmad,5952,5952,
ahmad,5953,5953,
ahmad,5955,5955,
ahmad,5956,5956,
ahmad,5957,5957,
ahmad,5958,5958,
ahmad,5959,5959,
ahmad,5960,5960,
ahmad,5961,5961,
ahmad,5962,5962,
ahmad,5963,5963,
ahmad,5964,5964,
ahmad,5965,5965,
ahmad,5966,5966,
ahmad,5968,5968,
ahmad,5969,5969,
ahmad,5970,5970,
ahmad,5972,5972,
ahmad,5973,5973,
ahmad,5974,5974,
ahmad,5975,5975,
ahmad,5976,5976,
ahmad,5977,5977,
ahmad,5978,5978,
ahmad,5979,5979,
ahmad,5981,5981,
ahmad,5982,5982,
ahmad,5983,5983,
ahmad,5984,5984,
ahmad,5985,5985,
ahmad,5990,5990,
ahmad,5996,5996,
ahmad,5998,5998,
ahmad,6001,6001,
ahmad,6002,6002,
ahmad,6004,6004,
ahmad,6007,6007,
ahmad,6008,6008,
ahmad,6009,6009,
ahmad,6010,6010,
ahmad,6011,6011,
ahmad,6013,6013,
ahmad,6014,6014,
ahmad,6017,6017,
ahmad,6018,6018,
ahmad,6019,6019,
ahmad,6020,6020,
ahmad,6021,6021,
ahmad,6022,6022,
ahmad,6023,6023,
ahmad,6024,6024,
ahmad,6025,6025,
ahmad,6026,6026,
ahmad,6027,6027,
ahmad,6028,6028,
ahmad,6029,6029,
ahmad,6032,6032,
ahmad,6033,6033,
ahmad,6034,6034,
ahmad,6035,6035,
ahmad,6036,6036,
ahmad,6040,6040,
ahmad,6041,6041,
ahmad,6042,6042,
ahmad,6043,6043,
ahmad,6044,6044,
ahmad,6045,6045,
ahmad,6046,6046,
ahmad,6056,6056,
ahmad,6068,6068,
ahmad,6072,6072,
ahmad,6074,6074,
ahmad,6076,6076,
ahmad,6079,6079,
ahmad,6080,6080,
ahmad,6082,6082,
ahmad,6083,6083,
ahmad,6084,6084,
ahmad,6086,6086,
ahmad,6087,6087,
ahmad,6089,6089,
ahmad,6093,6093,
ahmad,6097,6097,
ahmad,6099,6099,
ahmad,6100,6100,
ahmad,6101,6101,
ahmad,6102,6102,
ahmad,6103,6103,
ahmad,6104,6104,
ahmad,6105,6105,
ahmad,6106,6106,
ahmad,6107,6107,
ahmad,6108,6108,
ahmad,6109,6109,
ahmad,6110,6110,
ahmad,6111,6111,
ahmad,6112,6112,
ahmad,6113,6113,
ahmad,6114,6114,
ahmad,6115,6115,
ahmad,6116,6116,
ahmad,6117,6117,
ahmad,6118,6118,
ahmad,6119,6119,
ahmad,6120,6120,
ahmad,6121,6121,
ahmad,6122,6122,
ahmad,6123,6123,
ahmad,6124,6124,
ahmad,6125,6125,
ahmad,6126,6126,
ahmad,6127,6127,
ahmad,6128,6128,
ahmad,6129,6129,
ahmad,6131,6131,
ahmad,6132,6132,
ahmad,6133,6133,
ahmad,6134,6134,
ahmad,6136,6136,
ahmad,6137,6137,
ahmad,6138,6138,
ahmad,6139,6139,
ahmad,6140,6140,
ahmad,6141,6141,
ahmad,6142,6142,
ahmad,6143,6143,
ahmad,6144,6144,
ahmad,6145,6145,
ahmad,6146,6146,
ahmad,6147,6147,
ahmad,6148,6148,
ahmad,6149,6149,
ahmad,6150,6150,
ahmad,6151,6151,
ahmad,6152,6152,
ahmad,6153,6153,
ahmad,6154,6154,
ahmad,6155,6155,
ahmad,6156,6156,
ahmad,6158,6158,
ahmad,6159,6159,
ahmad,6160,6160,
ahmad,6161,6161,
ahmad,6163,6163,
ahmad,6164,6164,
ahmad,6165,6165,
ahmad,6166,6166,
ahmad,6167,6167,
ahmad,6168,6168,
ahmad,6169,6169,
ahmad,6170,6170,
ahmad,6171,6171,
ahmad,6172,6172,
ahmad,6173,6173,
ahmad,6174,6174,
ahmad,6175,6175,
ahmad,6176,6176,
ahmad,6177,6177,
ahmad,6179,6179,
ahmad,6180,6180,
ahmad,6181,6181,
ahmad,6183,6183,
ahmad,6184,6184,
ahmad,6185,6185,
ahmad,6186,6186,
ahmad,6188,6188,
ahmad,6189,6189,
ahmad,6190,6190,
ahmad,6191,6191,
ahmad,6192,6192,
ahmad,6193,6193,
ahmad,6194,6194,
ahmad,6195,6195,
ahmad,6196,6196,
ahmad,6198,6198,
ahmad,6199,6199,
ahmad,6201,6201,
ahmad,6202,6202,
ahmad,6203,6203,
ahmad,6204,6204,
ahmad,6205,6205,
ahmad,6206,6206,
ahmad,6207,6207,
ahmad,6208,6208,
ahmad,6209,6209,
ahmad,6210,6210,
ahmad,6211,6211,
ahmad,6213,6213,
ahmad,6214,6214,
ahmad,6216,6216,
ahmad,6217,6217,
ahmad,6218,6218,
ahmad,6219,6219,
ahmad,6220,6220,
ahmad,6221,6221,
ahmad,6222,6222,
ahmad,6223,6223,
ahmad,6224,6224,
ahmad,6226,6226,
ahmad,6227,6227,
ahmad,6228,6228,
ahmad,6229,6229,
ahmad,6230,6230,
ahmad,6232,6232,
ahmad,6233,6233,
ahmad,6234,6234,
ahmad,6235,6235,
ahmad,6236,6236,
ahmad,6237,6237,
ahmad,6238,6238,
ahmad,6240,6240,
ahmad,6244,6244,
ahmad,6245,6245,
ahmad,6246,6246,
ahmad,6249,6249,
ahmad,6251,6251,
ahmad,6252,6252,
ahmad,6253,6253,
ahmad,6254,6254,
ahmad,6255,6255,
ahmad,6256,6256,
ahmad,6257,6257,
ahmad,6258,6258,
ahmad,6259,6259,
ahmad,6260,6260,
ahmad,6261,6261,
ahmad,6263,6263,
ahmad,6264,6264,
ahmad,6265,6265,
ahmad,6266,6266,
ahmad,6267,6267,
ahmad,6268,6268,
ahmad,6269,6269,
ahmad,6270,6270,
ahmad,6271,6271,
ahmad,6272,6272,
ahmad,6273,6273,
ahmad,6274,6274,
ahmad,6275,6275,
ahmad,6276,6276,
ahmad,6277,6277,
ahmad,6280,6280,
ahmad,6282,6282,
ahmad,6284,6284,
ahmad,6285,6285,
ahmad,6286,6286,
ahmad,6287,6287,
ahmad,6288,6288,
ahmad,6289,6289,
ahmad,6290,6290,
ahmad,6293,6293,
ahmad,6294,6294,
ahmad,6295,6295,
ahmad,6296,6296,
ahmad,6297,6297,
ahmad,6298,6298,
ahmad,6299,6299,
ahmad,6300,6300,
ahmad,6301,6301,
ahmad,6302,6302,
ahmad,6304,6304,
ahmad,6305,6305,
ahmad,6306,6306,
ahmad,6308,6308,
ahmad,6318,6318,
ahmad,6319,6319,
ahmad,6320,6320,
ahmad,6321,6321,
ahmad,6322,6322,
ahmad,6333,6333,
ahmad,6334,6334,
ahmad,6335,6335,
ahmad,6336,6336,
ahmad,6337,6337,
ahmad,6338,6338,
ahmad,6339,6339,
ahmad,6340,6340,
ahmad,6341,6341,
ahmad,6343,6343,
ahmad,6344,6344,
ahmad,6347,6347,
ahmad,6353,6353,
ahmad,6354,6354,
ahmad,6355,6355,
ahmad,6357,6357,
ahmad,6358,6358,
ahmad,6359,6359,
ahmad,6360,6360,
ahmad,6363,6363,
ahmad,6364,6364,
ahmad,6365,6365,
ahmad,6367,6367,
ahmad,6368,6368,
ahmad,6370,6370,
ahmad,6371,6371,
ahmad,6372,6372,
ahmad,6373,6373,
ahmad,6374,6374,
ahmad,6375,6375,
ahmad,6376,6376,
ahmad,6377,6377,
ahmad,6378,6378,
ahmad,6381,6381,
ahmad,6384,6384,
ahmad,6385,6385,
ahmad,6386,6386,
ahmad,6387,6387,
ahmad,6388,6388,
ahmad,6389,6389,
ahmad,6390,6390,
ahmad,6391,6391,
ahmad,6392,6392,
ahmad,6393,6393,
ahmad,6394,6394,
ahmad,6395,6395,
ahmad,6396,6396,
ahmad,6397,6397,
ahmad,6398,6398,
ahmad,6399,6399,
ahmad,6400,6400,
ahmad,6401,6401,
ahmad,6402,6402,
ahmad,6406,6406,
ahmad,6407,6407,
ahmad,6408,6408,
ahmad,6410,6410,
ahmad,6411,6411,
ahmad,6412,6412,
ahmad,6414,6414,
ahmad,6416,6416,
ahmad,6417,6417,
ahmad,6418,6418,
ahmad,6419,6419,
ahmad,6420,6420,
ahmad,6421,6421,
ahmad,6422,6422,
ahmad,6423,6423,
ahmad,6424,6424,
ahmad,6425,6425,
ahmad,6426,6426,
ahmad,6427,6427,
ahmad,6428,6428,
ahmad,6429,6429,
ahmad,6431,6431,
ahmad,6432,6432,
ahmad,6433,6433,
ahmad,6434,6434,
ahmad,6436,6436,
ahmad,6437,6437,
ahmad,6439,6439,
ahmad,6440,6440,
ahmad,6441,6441,
ahmad,6442,6442,
ahmad,6443,6443,
ahmad,6447,6447,
ahmad,6448,6448,
ahmad,6449,6449,
ahmad,6452,6452,
ahmad,6453,6453,
ahmad,6454,6454,
ahmad,6455,6455,
ahmad,6456,6456,
ahmad,6458,6458,
ahmad,6459,6459,
ahmad,6461,6461,
ahmad,6462,6462,
ahmad,6467,6467,
ahmad,6468,6468,
ahmad,6469,6469,
ahmad,6470,6470,
ahmad,6473,6473,
ahmad,6474,6474,
ahmad,6475,6475,
ahmad,6476,6476,
ahmad,6477,6477,
ahmad,6478,6478,
ahmad,6479,6479,
ahmad,6483,6483,
ahmad,6484,6484,
ahmad,6485,6485,
ahmad,6486,6486,
ahmad,6487,6487,
ahmad,6488,6488,
ahmad,6489,6489,
ahmad,6490,6490,
ahmad,6491,6491,
ahmad,6492,6492,
ahmad,6493,6493,
ahmad,6494,6494,
ahmad,6495,6495,
ahmad,6496,6496,
ahmad,6497,6497,
ahmad,6498,6498,
ahmad,6499,6499,
ahmad,6500,6500,
ahmad,6501,6501,
ahmad,6502,6502,
ahmad,6504,6504,
ahmad,6506,6506,
ahmad,6508,6508,
ahmad,6509,6509,
ahmad,6510,6510,
ahmad,6511,6511,
ahmad,6512,6512,
ahmad,6513,6513,
ahmad,6514,6514,
ahmad,6515,6515,
ahmad,6517,6517,
ahmad,6519,6519,
ahmad,6520,6520,
ahmad,6521,6521,
ahmad,6522,6522,
ahmad,6524,6524,
ahmad,6525,6525,
ahmad,6526,6526,
ahmad,6527,6527,
ahmad,6528,6528,
ahmad,6530,6530,
ahmad,6531,6531,
ahmad,6532,6532,
ahmad,6533,6533,
ahmad,6534,6534,
ahmad,6535,6535,
ahmad,6536,6536,
ahmad,6537,6537,
ahmad,6538,6538,
ahmad,6539,6539,
ahmad,6541,6541,
ahmad,6544,6544,
ahmad,6545,6545,
ahmad,6546,6546,
ahmad,6547,6547,
ahmad,6548,6548,
ahmad,6549,6549,
ahmad,6550,6550,
ahmad,6551,6551,
ahmad,6552,6552,
ahmad,6554,6554,
ahmad,6555,6555,
ahmad,6556,6556,
ahmad,6557,6557,
ahmad,6558,6558,
ahmad,6560,6560,
ahmad,6562,6562,
ahmad,6563,6563,
ahmad,6564,6564,
ahmad,6567,6567,
ahmad,6568,6568,
ahmad,6569,6569,
ahmad,6570,6570,
ahmad,6576,6576,
ahmad,6578,6578,
ahmad,6580,6580,
ahmad,6582,6582,
ahmad,6583,6583,
ahmad,6584,6584,
ahmad,6585,6585,
ahmad,6586,6586,
ahmad,6589,6589,
ahmad,6590,6590,
ahmad,6592,6592,
ahmad,6593,6593,
ahmad,6594,6594,
ahmad,6595,6595,
ahmad,6596,6596,
ahmad,6597,6597,
ahmad,6599,6599,
ahmad,6600,6600,
ahmad,6604,6604,
ahmad,6605,6605,
ahmad,6607,6607,
ahmad,6611,6611,
ahmad,6612,6612,
ahmad,6613,6613,
ahmad,6614,6614,
ahmad,6617,6617,
ahmad,6619,6619,
ahmad,6621,6621,
ahmad,6622,6622,
ahmad,6623,6623,
ahmad,6624,6624,
ahmad,6625,6625,
ahmad,6626,6626,
ahmad,6629,6629,
ahmad,6630,6630,
ahmad,6631,6631,
ahmad,6632,6632,
ahmad,6633,6633,
ahmad,6634,6634,
ahmad,6635,6635,
ahmad,6636,6636,
ahmad,6638,6638,
ahmad,6639,6639,
ahmad,6642,6642,
ahmad,6643,6643,
ahmad,6646,6646,
ahmad,6647,6647,
ahmad,6648,6648,
ahmad,6649,6649,
ahmad,6650,6650,
ahmad,6652,6652,
ahmad,6653,6653,
ahmad,6654,6654,
ahmad,6655,6655,
ahmad,6656,6656,
ahmad,6657,6657,
ahmad,6658,6658,
ahmad,6660,6660,
ahmad,6662,6662,
ahmad,6664,6664,
ahmad,6665,6665,
ahmad,6666,6666,
ahmad,6667,6667,
ahmad,6669,6669,
ahmad,6671,6671,
ahmad,6672,6672,
ahmad,6673,6673,
ahmad,6674,6674,
ahmad,6675,6675,
ahmad,6676,6676,
ahmad,6677,6677,
ahmad,6678,6678,
ahmad,6679,6679,
ahmad,6680,6680,
ahmad,6682,6682,
ahmad,6683,6683,
ahmad,6684,6684,
ahmad,6685,6685,
ahmad,6687,6687,
ahmad,6688,6688,
ahmad,6689,6689,
ahmad,6690,6690,
ahmad,6691,6691,
ahmad,6692,6692,
ahmad,6693,6693,
ahmad,6694,6694,
ahmad,6695,6695,
ahmad,6697,6697,
ahmad,6698,6698,
ahmad,6703,6703,
ahmad,6704,6704,
ahmad,6705,6705,
ahmad,6706,6706,
ahmad,6707,6707,
ahmad,6708,6708,
ahmad,6709,6709,
ahmad,6710,6710,
ahmad,6711,6711,
ahmad,6713,6713,
ahmad,6714,6714,
ahmad,6715,6715,
ahmad,6716,6716,
ahmad,6717,6717,
ahmad,6718,6718,
ahmad,6719,6719,
ahmad,6720,6720,
ahmad,6721,6721,
ahmad,6722,6722,
ahmad,6723,6723,
ahmad,6724,6724,
ahmad,6725,6725,
ahmad,6726,6726,
ahmad,6728,6728,
ahmad,6729,6729,
ahmad,6730,6730,
ahmad,6731,6731,
ahmad,6732,6732,
ahmad,6733,6733,
ahmad,6734,6734,
ahmad,6735,6735,
ahmad,6736,6736,
ahmad,6737,6737,
ahmad,6738,6738,
ahmad,6739,6739,
ahmad,6740,6740,
ahmad,6741,6741,
ahmad,6742,6742,
ahmad,6743,6743,
ahmad,6744,6744,
ahmad,6745,6745,
ahmad,6746,6746,
ahmad,6747,6747,
ahmad,6748,6748,
ahmad,6750,6750,
ahmad,6751,6751,
ahmad,6753,6753,
ahmad,6754,6754,
ahmad,6756,6756,
ahmad,6758,6758,
ahmad,6759,6759,
ahmad,6760,6760,
ahmad,6761,6761,
ahmad,6762,6762,
ahmad,6764,6764,
ahmad,6765,6765,
ahmad,6767,6767,
ahmad,6768,6768,
ahmad,6769,6769,
ahmad,6770,6770,
ahmad,6772,6772,
ahmad,6773,6773,
ahmad,6774,6774,
ahmad,6775,6775,
ahmad,6776,6776,
ahmad,6779,6779,
ahmad,6780,6780,
ahmad,6781,6781,
ahmad,6783,6783,
ahmad,6785,6785,
ahmad,6786,6786,
ahmad,6787,6787,
ahmad,6788,6788,
ahmad,6789,6789,
ahmad,6790,6790,
ahmad,6792,6792,
ahmad,6795,6795,
ahmad,6796,6796,
ahmad,6797,6797,
ahmad,6798,6798,
ahmad,6799,6799,
ahmad,6800,6800,
ahmad,6801,6801,
ahmad,6802,6802,
ahmad,6803,6803,
ahmad,6804,6804,
ahmad,6805,6805,
ahmad,6806,6806,
ahmad,6808,6808,
ahmad,6809,6809,
ahmad,6810,6810,
ahmad,6811,6811,
ahmad,6812,6812,
ahmad,6813,6813,
ahmad,6814,6814,
ahmad,6817,6817,
ahmad,6818,6818,
ahmad,6819,6819,
ahmad,6820,6820,
ahmad,6821,6821,
ahmad,6822,6822,
ahmad,6823,6823,
ahmad,6824,6824,
ahmad,6825,6825,
ahmad,6826,6826,
ahmad,6827,6827,
ahmad,6828,6828,
ahmad,6829,6829,
ahmad,6830,6830,
ahmad,6831,6831,
ahmad,6832,6832,
ahmad,6833,6833,
ahmad,6835,6835,
ahmad,6836,6836,
ahmad,6837,6837,
ahmad,6838,6838,
ahmad,6839,6839,
ahmad,6840,6840,
ahmad,6841,6841,
ahmad,6842,6842,
ahmad,6843,6843,
ahmad,6844,6844,
ahmad,6845,6845,
ahmad,6846,6846,
ahmad,6847,6847,
ahmad,6848,6848,
ahmad,6851,6851,
ahmad,6854,6854,
ahmad,6855,6855,
ahmad,6856,6856,
ahmad,6857,6857,
ahmad,6858,6858,
ahmad,6859,6859,
ahmad,6863,6863,
ahmad,6866,6866,
ahmad,6867,6867,
ahmad,6868,6868,
ahmad,6869,6869,
ahmad,6870,6870,
ahmad,6871,6871,
ahmad,6872,6872,
ahmad,6873,6873,
ahmad,6874,6874,
ahmad,6875,6875,
ahmad,6876,6876,
ahmad,6877,6877,
ahmad,6878,6878,
ahmad,6879,6879,
ahmad,6880,6880,
ahmad,6881,6881,
ahmad,6882,6882,
ahmad,6883,6883,
ahmad,6893,6893,
ahmad,6894,6894,
ahmad,6895,6895,
ahmad,6896,6896,
ahmad,6897,6897,
ahmad,6899,6899,
ahmad,6900,6900,
ahmad,6901,6901,
ahmad,6902,6902,
ahmad,6904,6904,
ahmad,6905,6905,
ahmad,6906,6906,
ahmad,6907,6907,
ahmad,6909,6909,
ahmad,6912,6912,
ahmad,6913,6913,
ahmad,6914,6914,
ahmad,6915,6915,
ahmad,6916,6916,
ahmad,6917,6917,
ahmad,6918,6918,
ahmad,6919,6919,
ahmad,6920,6920,
ahmad,6921,6921,
ahmad,6922,6922,
ahmad,6923,6923,
ahmad,6924,6924,
ahmad,6925,6925,
ahmad,6926,6926,
ahmad,6930,6930,
ahmad,6931,6931,
ahmad,6932,6932,
ahmad,6933,6933,
ahmad,6934,6934,
ahmad,6935,6935,
ahmad,6936,6936,
ahmad,6937,6937,
ahmad,6938,6938,
ahmad,6939,6939,
ahmad,6941,6941,
ahmad,6942,6942,
ahmad,6943,6943,
ahmad,6944,6944,
ahmad,6945,6945,
ahmad,6946,6946,
ahmad,6950,6950,
ahmad,6952,6952,
ahmad,6953,6953,
ahmad,6956,6956,
ahmad,6957,6957,
ahmad,6958,6958,
ahmad,6959,6959,
ahmad,6962,6962,
ahmad,6963,6963,
ahmad,6964,6964,
ahmad,6966,6966,
ahmad,6968,6968,
ahmad,6969,6969,
ahmad,6970,6970,
ahmad,6971,6971,
ahmad,6972,6972,
ahmad,6974,6974,
ahmad,6975,6975,
ahmad,6976,6976,
ahmad,6977,6977,
ahmad,6978,6978,
ahmad,6979,6979,
ahmad,6980,6980,
ahmad,6981,6981,
ahmad,6982,6982,
ahmad,6984,6984,
ahmad,6985,6985,
ahmad,6986,6986,
ahmad,6987,6987,
ahmad,6988,6988,
ahmad,6990,6990,
ahmad,6991,6991,
ahmad,6992,6992,
ahmad,6993,6993,
ahmad,6994,6994,
ahmad,6999,6999,
ahmad,7001,7001,
ahmad,7015,7015,
ahmad,7020,7020,
ahmad,7023,7023,
ahmad,7027,7027,
ahmad,7030,7030,
ahmad,7031,7031,
ahmad,7033,7033,
ahmad,7035,7035,
ahmad,7036,7036,
ahmad,7038,7038,
ahmad,7042,7042,
ahmad,7043,7043,
ahmad,7045,7045,
ahmad,7046,7046,
ahmad,7047,7047,
ahmad,7048,7048,
ahmad,7049,7049,
ahmad,7050,7050,
ahmad,7051,7051,
ahmad,7052,7052,
ahmad,7053,7053,
ahmad,7054,7054,
ahmad,7055,7055,
ahmad,7056,7056,
ahmad,7057,7057,
ahmad,7058,7058,
ahmad,7059,7059,
ahmad,7060,7060,
ahmad,7061,7061,
ahmad,7062,7062,
ahmad,7063,7063,
ahmad,7064,7064,
ahmad,7065,7065,
ahmad,7066,7066,
ahmad,7067,7067,
ahmad,7068,7068,
ahmad,7069,7069,
ahmad,7070,7070,
ahmad,7071,7071,
ahmad,7072,7072,
ahmad,7073,7073,
ahmad,7074,7074,
ahmad,7075,7075,
ahmad,7076,7076,
ahmad,7077,7077,
ahmad,7078,7078,
ahmad,7079,7079,
ahmad,7080,7080,
ahmad,7081,7081,
ahmad,7082,7082,
ahmad,7083,7083,
ahmad,7084,7084,
ahmad,7085,7085,
ahmad,7086,7086,
ahmad,7087,7087,
ahmad,7088,7088,
ahmad,7089,7089,
ahmad,7090,7090,
ahmad,7091,7091,
ahmad,7092,7092,
ahmad,7094,7094,
ahmad,7095,7095,
ahmad,7097,7097,
ahmad,7098,7098,
ahmad,7099,7099,
ahmad,7100,7100,
ahmad,7101,7101,
ahmad,7102,7102,
ahmad,7103,7103,
ahmad,7104,7104,
ahmad,7105,7105,
ahmad,7106,7106,
ahmad,7108,7108,
ahmad,7109,7109,
ahmad,7110,7110,
ahmad,7111,7111,
ahmad,7113,7113,
ahmad,7114,7114,
ahmad,7115,7115,
ahmad,7118,7118,
ahmad,7122,7122,
ahmad,7123,7123,
ahmad,7125,7125,
ahmad,7132,7132,
ahmad,7133,7133,
ahmad,7135,7135,
ahmad,7137,7137,
ahmad,7139,7139,
ahmad,7140,7140,
ahmad,7141,7141,
ahmad,7142,7142,
ahmad,7143,7143,
ahmad,7146,7146,
ahmad,7147,7147,
ahmad,7151,7151,
ahmad,7152,7152,
ahmad,7154,7154,
ahmad,7156,7156,
ahmad,7157,7157,
ahmad,7158,7158,
ahmad,7159,7159,
ahmad,7160,7160,
ahmad,7161,7161,
ahmad,7163,7163,
ahmad,7165,7165,
ahmad,7166,7166,
ahmad,7168,7168,
ahmad,7169,7169,
ahmad,7170,7170,
ahmad,7173,7173,
ahmad,7174,7174,
ahmad,7175,7175,
ahmad,7176,7176,
ahmad,7177,7177,
ahmad,7181,7181,
ahmad,7184,7184,
ahmad,7186,7186,
ahmad,7190,7190,
ahmad,7191,7191,
ahmad,7192,7192,
ahmad,7193,7193,
ahmad,7194,7194,
ahmad,7195,7195,
ahmad,7196,7196,
ahmad,7198,7198,
ahmad,7199,7199,
ahmad,7200,7200,
ahmad,7206,7206,
ahmad,7207,7207,
ahmad,7208,7208,
ahmad,7209,7209,
ahmad,7210,7210,
ahmad,7211,7211,
ahmad,7212,7212,
ahmad,7213,7213,
ahmad,7214,7214,
ahmad,7217,7217,
ahmad,7218,7218,
ahmad,7219,7219,
ahmad,7220,7220,
ahmad,7221,7221,
ahmad,7223,7223,
ahmad,7224,7224,
ahmad,7226,7226,
ahmad,7227,7227,
ahmad,7228,7228,
ahmad,7229,7229,
ahmad,7231,7231,
ahmad,7232,7232,
ahmad,7233,7233,
ahmad,7234,7234,
ahmad,7235,7235,
ahmad,7236,7236,
ahmad,7238,7238,
ahmad,7240,7240,
ahmad,7241,7241,
ahmad,7242,7242,
ahmad,7243,7243,
ahmad,7245,7245,
ahmad,7247,7247,
ahmad,7248,7248,
ahmad,7251,7251,
ahmad,7253,7253,
ahmad,7254,7254,
ahmad,7256,7256,
ahmad,7257,7257,
ahmad,7258,7258,
ahmad,7259,7259,
ahmad,7260,7260,
ahmad,7261,7261,
ahmad,7262,7262,
ahmad,7267,7267,
ahmad,7268,7268,
ahmad,7270,7270,
ahmad,7272,7272,
ahmad,7273,7273,
ahmad,7274,7274,
ahmad,7275,7275,
ahmad,7276,7276,
ahmad,7278,7278,
ahmad,7279,7279,
ahmad,7281,7281,
ahmad,7282,7282,
ahmad,7284,7284,
ahmad,7286,7286,
ahmad,7287,7287,
ahmad,7288,7288,
ahmad,7293,7293,
ahmad,7297,7297,
ahmad,7300,7300,
ahmad,7301,7301,
ahmad,7302,7302,
ahmad,7306,7306,
ahmad,7310,7310,
ahmad,7311,7311,
ahmad,7314,7314,
ahmad,7316,7316,
ahmad,7317,7317,
ahmad,7322,7322,
ahmad,7327,7327,
ahmad,7328,7328,
ahmad,7329,7329,
ahmad,7332,7332,
ahmad,7334,7334,
ahmad,7335,7335,
ahmad,7339,7339,
ahmad,7340,7340,
ahmad,7344,7344,
ahmad,7347,7347,
ahmad,7348,7348,
ahmad,7349,7349,
ahmad,7350,7350,
ahmad,7355,7355,
ahmad,7356,7356,
ahmad,7360,7360,
ahmad,7361,7361,
ahmad,7363,7363,
ahmad,7364,7364,
ahmad,7366,7366,
ahmad,7367,7367,
ahmad,7371,7371,
ahmad,7374,7374,
ahmad,7376,7376,
ahmad,7377,7377,
ahmad,7380,7380,
ahmad,7381,7381,
ahmad,7386,7386,
ahmad,7388,7388,
ahmad,7396,7396,
ahmad,7398,7398,
ahmad,7399,7399,
ahmad,7400,7400,
ahmad,7402,7402,
ahmad,7403,7403,
ahmad,7404,7404,
ahmad,7405,7405,
ahmad,7406,7406,
ahmad,7407,7407,
ahmad,7409,7409,
ahmad,7410,7410,
ahmad,7412,7412,
ahmad,7413,7413,
ahmad,7416,7416,
ahmad,7417,7417,
ahmad,7418,7418,
ahmad,7419,7419,
ahmad,7420,7420,
ahmad,7421,7421,
ahmad,7422,7422,
ahmad,7423,7423,
ahmad,7426,7426,
ahmad,7428,7428,
ahmad,7429,7429,
ahmad,7430,7430,
ahmad,7431,7431,
ahmad,7433,7433,
ahmad,7434,7434,
ahmad,7437,7437,
ahmad,7438,7438,
ahmad,7439,7439,
ahmad,7440,7440,
ahmad,7441,7441,
ahmad,7443,7443,
ahmad,7447,7447,
ahmad,7450,7450,
ahmad,7455,7455,
ahmad,7457,7457,
ahmad,7458,7458,
ahmad,7459,7459,
ahmad,7461,7461,
ahmad,7462,7462,
ahmad,7464,7464,
ahmad,7470,7470,
ahmad,7471,7471,
ahmad,7472,7472,
ahmad,7473,7473,
ahmad,7474,7474,
ahmad,7475,7475,
ahmad,7477,7477,
ahmad,7478,7478,
ahmad,7482,7482,
ahmad,7483,7483,
ahmad,7484,7484,
ahmad,7485,7485,
ahmad,7486,7486,
ahmad,7487,7487,
ahmad,7491,7491,
ahmad,7496,7496,
ahmad,7499,7499,
ahmad,7500,7500,
ahmad,7501,7501,
ahmad,7502,7502,
ahmad,7503,7503,
ahmad,7504,7504,
ahmad,7505,7505,
ahmad,7506,7506,
ahmad,7507,7507,
ahmad,7508,7508,
ahmad,7509,7509,
ahmad,7510,7510,
ahmad,7511,7511,
ahmad,7512,7512,
ahmad,7513,7513,
ahmad,7514,7514,
ahmad,7515,7515,
ahmad,7516,7516,
ahmad,7517,7517,
ahmad,7518,7518,
ahmad,7519,7519,
ahmad,7520,7520,
ahmad,7522,7522,
ahmad,7526,7526,
ahmad,7527,7527,
ahmad,7528,7528,
ahmad,7529,7529,
ahmad,7530,7530,
ahmad,7532,7532,
ahmad,7533,7533,
ahmad,7534,7534,
ahmad,7535,7535,
ahmad,7536,7536,
ahmad,7537,7537,
ahmad,7538,7538,
ahmad,7539,7539,
ahmad,7540,7540,
ahmad,7541,7541,
ahmad,7544,7544,
ahmad,7545,7545,
ahmad,7546,7546,
ahmad,7548,7548,
ahmad,7550,7550,
ahmad,7551,7551,
ahmad,7552,7552,
ahmad,7553,7553,
ahmad,7554,7554,
ahmad,7557,7557,
ahmad,7558,7558,
ahmad,7559,7559,
ahmad,7560,7560,
ahmad,7561,7561,
ahmad,7562,7562,
ahmad,7563,7563,
ahmad,7564,7564,
ahmad,7565,7565,
ahmad,7566,7566,
ahmad,7568,7568,
ahmad,7569,7569,
ahmad,7571,7571,
ahmad,7572,7572,
ahmad,7573,7573,
ahmad,7576,7576,
ahmad,7577,7577,
ahmad,7579,7579,
ahmad,7580,7580,
ahmad,7581,7581,
ahmad,7582,7582,
ahmad,7583,7583,
ahmad,7584,7584,
ahmad,7585,7585,
ahmad,7587,7587,
ahmad,7588,7588,
ahmad,7590,7590,
ahmad,7591,7591,
ahmad,7592,7592,
ahmad,7593,7593,
ahmad,7595,7595,
ahmad,7596,7596,
ahmad,7597,7597,
ahmad,7598,7598,
ahmad,7601,7601,
ahmad,7602,7602,
ahmad,7603,7603,
ahmad,7604,7604,
ahmad,7606,7606,
ahmad,7608,7608,
ahmad,7609,7609,
ahmad,7610,7610,
ahmad,7611,7611,
ahmad,7612,7612,
ahmad,7613,7613,
ahmad,7614,7614,
ahmad,7615,7615,
ahmad,7616,7616,
ahmad,7617,7617,
ahmad,7618,7618,
ahmad,7619,7619,
ahmad,7620,7620,
ahmad,7621,7621,
ahmad,7622,7622,
ahmad,7623,7623,
ahmad,7624,7624,
ahmad,7625,7625,
ahmad,7626,7626,
ahmad,7631,7631,
ahmad,7632,7632,
ahmad,7633,7633,
ahmad,7634,7634,
ahmad,7635,7635,
ahmad,7636,7636,
ahmad,7637,7637,
ahmad,7638,7638,
ahmad,7639,7639,
ahmad,7640,7640,
ahmad,7641,7641,
ahmad,7642,7642,
ahmad,7643,7643,
ahmad,7644,7644,
ahmad,7645,7645,
ahmad,7646,7646,
ahmad,7647,7647,
ahmad,7648,7648,
ahmad,7649,7649,
ahmad,7653,7653,
ahmad,7656,7656,
ahmad,7658,7658,
ahmad,7659,7659,
ahmad,7660,7660,
ahmad,7661,7661,
ahmad,7662,7662,
ahmad,7663,7663,
ahmad,7664,7664,
ahmad,7665,7665,
ahmad,7667,7667,
ahmad,7668,7668,
ahmad,7669,7669,
ahmad,7671,7671,
ahmad,7673,7673,
ahmad,7674,7674,
ahmad,7675,7675,
ahmad,7676,7676,
ahmad,7677,7677,
ahmad,7680,7680,
ahmad,7682,7682,
ahmad,7683,7683,
ahmad,7684,7684,
ahmad,7685,7685,
ahmad,7687,7687,
ahmad,7688,7688,
ahmad,7689,7689,
ahmad,7690,7690,
ahmad,7691,7691,
ahmad,7692,7692,
ahmad,7693,7693,
ahmad,7694,7694,
ahmad,7695,7695,
ahmad,7697,7697,
ahmad,7698,7698,
ahmad,7699,7699,
ahmad,7700,7700,
ahmad,7701,7701,
ahmad,7702,7702,
ahmad,7703,7703,
ahmad,7704,7704,
ahmad,7705,7705,
ahmad,7706,7706,
ahmad,7707,7707,
ahmad,7708,7708,
ahmad,7709,7709,
ahmad,7710,7710,
ahmad,7711,7711,
ahmad,7712,7712,
ahmad,7713,7713,
ahmad,7714,7714,
ahmad,7715,7715,
ahmad,7716,7716,
ahmad,7718,7718,
ahmad,7719,7719,
ahmad,7720,7720,
ahmad,7722,7722,
ahmad,7723,7723,
ahmad,7724,7724,
ahmad,7725,7725,
ahmad,7726,7726,
ahmad,7727,7727,
ahmad,7728,7728,
ahmad,7729,7729,
ahmad,7730,7730,
ahmad,7731,7731,
ahmad,7732,7732,
ahmad,7733,7733,
ahmad,7735,7735,
ahmad,7736,7736,
ahmad,7739,7739,
ahmad,7740,7740,
ahmad,7742,7742,
ahmad,7746,7746,
ahmad,7747,7747,
ahmad,7748,7748,
ahmad,7749,7749,
ahmad,7751,7751,
ahmad,7752,7752,
ahmad,7753,7753,
ahmad,7754,7754,
ahmad,7755,7755,
ahmad,7756,7756,
ahmad,7757,7757,
ahmad,7759,7759,
ahmad,7760,7760,
ahmad,7761,7761,
ahmad,7765,7765,
ahmad,7766,7766,
ahmad,7767,7767,
ahmad,7768,7768,
ahmad,7769,7769,
ahmad,7770,7770,
ahmad,7771,7771,
ahmad,7772,7772,
ahmad,7773,7773,
ahmad,7774,7774,
ahmad,7775,7775,
ahmad,7777,7777,
ahmad,7778,7778,
ahmad,7779,7779,
ahmad,7780,7780,
ahmad,7782,7782,
ahmad,7783,7783,
ahmad,7784,7784,
ahmad,7785,7785,
ahmad,7786,7786,
ahmad,7787,7787,
ahmad,7788,7788,
ahmad,7793,7793,
ahmad,7795,7795,
ahmad,7797,7797,
ahmad,7798,7798,
ahmad,7799,7799,
ahmad,7800,7800,
ahmad,7801,7801,
ahmad,7803,7803,
ahmad,7804,7804,
ahmad,7805,7805,
ahmad,7807,7807,
ahmad,7808,7808,
ahmad,7809,7809,
ahmad,7810,7810,
ahmad,7811,7811,
ahmad,7812,7812,
ahmad,7813,7813,
ahmad,7814,7814,
ahmad,7815,7815,
ahmad,7816,7816,
ahmad,7817,7817,
ahmad,7818,7818,
ahmad,7819,7819,
ahmad,7820,7820,
ahmad,7821,7821,
ahmad,7822,7822,
ahmad,7823,7823,
ahmad,7824,7824,
ahmad,7825,7825,
ahmad,7826,7826,
ahmad,7827,7827,
ahmad,7828,7828,
ahmad,7829,7829,
ahmad,7830,7830,
ahmad,7831,7831,
ahmad,7832,7832,
ahmad,7833,7833,
ahmad,7834,7834,
ahmad,7835,7835,
ahmad,7836,7836,
ahmad,7837,7837,
ahmad,7838,7838,
ahmad,7839,7839,
ahmad,7840,7840,
ahmad,7841,7841,
ahmad,7842,7842,
ahmad,7843,7843,
ahmad,7844,7844,
ahmad,7845,7845,
ahmad,7846,7846,
ahmad,7847,7847,
ahmad,7849,7849,
ahmad,7850,7850,
ahmad,7851,7851,
ahmad,7852,7852,
ahmad,7853,7853,
ahmad,7854,7854,
ahmad,7855,7855,
ahmad,7856,7856,
ahmad,7857,7857,
ahmad,7858,7858,
ahmad,7859,7859,
ahmad,7860,7860,
ahmad,7861,7861,
ahmad,7862,7862,
ahmad,7863,7863,
ahmad,7864,7864,
ahmad,7865,7865,
ahmad,7866,7866,
ahmad,7867,7867,
ahmad,7868,7868,
ahmad,7869,7869,
ahmad,7870,7870,
ahmad,7871,7871,
ahmad,7872,7872,
ahmad,7873,7873,
ahmad,7874,7874,
ahmad,7875,7875,
ahmad,7876,7876,
ahmad,7877,7877,
ahmad,7878,7878,
ahmad,7879,7879,
ahmad,7880,7880,
ahmad,7881,7881,
ahmad,7882,7882,
ahmad,7884,7884,
ahmad,7885,7885,
ahmad,7886,7886,
ahmad,7887,7887,
ahmad,7889,7889,
ahmad,7890,7890,
ahmad,7891,7891,
ahmad,7894,7894,
ahmad,7895,7895,
ahmad,7896,7896,
ahmad,7897,7897,
ahmad,7898,7898,
ahmad,7899,7899,
ahmad,7900,7900,
ahmad,7901,7901,
ahmad,7902,7902,
ahmad,7903,7903,
ahmad,7904,7904,
ahmad,7905,7905,
ahmad,7906,7906,
ahmad,7907,7907,
ahmad,7908,7908,
ahmad,7909,7909,
ahmad,7910,7910,
ahmad,7911,7911,
ahmad,7912,7912,
ahmad,7913,7913,
ahmad,7915,7915,
ahmad,7917,7917,
ahmad,7918,7918,
ahmad,7919,7919,
ahmad,7921,7921,
ahmad,7923,7923,
ahmad,7924,7924,
ahmad,7925,7925,
ahmad,7926,7926,
ahmad,7927,7927,
ahmad,7928,7928,
ahmad,7936,7936,
ahmad,7937,7937,
ahmad,7938,7938,
ahmad,7941,7941,
ahmad,7942,7942,
ahmad,7943,7943,
ahmad,7944,7944,
ahmad,7945,7945,
ahmad,7946,7946,
ahmad,7947,7947,
ahmad,7948,7948,
ahmad,7949,7949,
ahmad,7950,7950,
ahmad,7951,7951,
ahmad,7952,7952,
ahmad,7953,7953,
ahmad,7954,7954,
ahmad,7955,7955,
ahmad,7956,7956,
ahmad,7957,7957,
ahmad,7958,7958,
ahmad,7959,7959,
ahmad,7960,7960,
ahmad,7961,7961,
ahmad,7962,7962,
ahmad,7963,7963,
ahmad,7964,7964,
ahmad,7965,7965,
ahmad,7966,7966,
ahmad,7967,7967,
ahmad,7968,7968,
ahmad,7969,7969,
ahmad,7970,7970,
ahmad,7971,7971,
ahmad,7972,7972,
ahmad,7973,7973,
ahmad,7974,7974,
ahmad,7975,7975,
ahmad,7977,7977,
ahmad,7979,7979,
ahmad,7980,7980,
ahmad,7981,7981,
ahmad,7982,7982,
ahmad,7983,7983,
ahmad,7984,7984,
ahmad,7985,7985,
ahmad,7986,7986,
ahmad,7990,7990,
ahmad,7991,7991,
ahmad,7992,7992,
ahmad,7993,7993,
ahmad,7994,7994,
ahmad,7995,7995,
ahmad,7997,7997,
ahmad,7998,7998,
ahmad,7999,7999,
ahmad,8000,8000,
ahmad,8001,8001,
ahmad,8002,8002,
ahmad,8003,8003,
ahmad,8004,8004,
ahmad,8008,8008,
ahmad,8009,8009,
ahmad,8010,8010,
ahmad,8011,8011,
ahmad,8012,8012,
ahmad,8013,8013,
ahmad,8014,8014,
ahmad,8016,8016,
ahmad,8017,8017,
ahmad,8018,8018,
ahmad,8020,8020,
ahmad,8021,8021,
ahmad,8022,8022,
ahmad,8023,8023,
ahmad,8024,8024,
ahmad,8025,8025,
ahmad,8026,8026,
ahmad,8027,8027,
ahmad,8028,8028,
ahmad,8029,8029,
ahmad,8030,8030,
ahmad,8031,8031,
ahmad,8032,8032,
ahmad,8033,8033,
ahmad,8034,8034,
ahmad,8035,8035,
ahmad,8036,8036,
ahmad,8037,8037,
ahmad,8038,8038,
ahmad,8039,8039,
ahmad,8042,8042,
ahmad,8045,8045,
ahmad,8049,8049,
ahmad,8050,8050,
ahmad,8051,8051,
ahmad,8052,8052,
ahmad,8053,8053,
ahmad,8054,8054,
ahmad,8055,8055,
ahmad,8057,8057,
ahmad,8059,8059,
ahmad,8060,8060,
ahmad,8061,8061,
ahmad,8062,8062,
ahmad,8063,8063,
ahmad,8064,8064,
ahmad,8065,8065,
ahmad,8067,8067,
ahmad,8068,8068,
ahmad,8069,8069,
ahmad,8071,8071,
ahmad,8072,8072,
ahmad,8073,8073,
ahmad,8074,8074,
ahmad,8075,8075,
ahmad,8076,8076,
ahmad,8077,8077,
ahmad,8079,8079,
ahmad,8080,8080,
ahmad,8081,8081,
ahmad,8083,8083,
ahmad,8086,8086,
ahmad,8088,8088,
ahmad,8090,8090,
ahmad,8091,8091,
ahmad,8092,8092,
ahmad,8093,8093,
ahmad,8094,8094,
ahmad,8096,8096,
ahmad,8097,8097,
ahmad,8100,8100,
ahmad,8101,8101,
ahmad,8102,8102,
ahmad,8103,8103,
ahmad,8105,8105,
ahmad,8106,8106,
ahmad,8107,8107,
ahmad,8108,8108,
ahmad,8109,8109,
ahmad,8110,8110,
ahmad,8111,8111,
ahmad,8112,8112,
ahmad,8113,8113,
ahmad,8114,8114,
ahmad,8116,8116,
ahmad,8117,8117,
ahmad,8118,8118,
ahmad,8119,8119,
ahmad,8120,8120,
ahmad,8121,8121,
ahmad,8122,8122,
ahmad,8123,8123,
ahmad,8124,8124,
ahmad,8125,8125,
ahmad,8126,8126,
ahmad,8127,8127,
ahmad,8128,8128,
ahmad,8129,8129,
ahmad,8130,8130,
ahmad,8131,8131,
ahmad,8132,8132,
ahmad,8133,8133,
ahmad,8134,8134,
ahmad,8135,8135,
ahmad,8137,8137,
ahmad,8138,8138,
ahmad,8139,8139,
ahmad,8140,8140,
ahmad,8141,8141,
ahmad,8143,8143,
ahmad,8146,8146,
ahmad,8149,8149,
ahmad,8150,8150,
ahmad,8152,8152,
ahmad,8153,8153,
ahmad,8154,8154,
ahmad,8159,8159,
ahmad,8160,8160,
ahmad,8161,8161,
ahmad,8162,8162,
ahmad,8163,8163,
ahmad,8164,8164,
ahmad,8166,8166,
ahmad,8168,8168,
ahmad,8169,8169,
ahmad,8170,8170,
ahmad,8172,8172,
ahmad,8173,8173,
ahmad,8175,8175,
ahmad,8176,8176,
ahmad,8177,8177,
ahmad,8178,8178,
ahmad,8179,8179,
ahmad,8180,8180,
ahmad,8184,8184,
ahmad,8186,8186,
ahmad,8188,8188,
ahmad,8189,8189,
ahmad,8190,8190,
ahmad,8191,8191,
ahmad,8192,8192,
ahmad,8193,8193,
ahmad,8194,8194,
ahmad,8195,8195,
ahmad,8196,8196,
ahmad,8197,8197,
ahmad,8200,8200,
ahmad,8201,8201,
ahmad,8202,8202,
ahmad,8203,8203,
ahmad,8205,8205,
ahmad,8206,8206,
ahmad,8208,8208,
ahmad,8210,8210,
ahmad,8211,8211,
ahmad,8212,8212,
ahmad,8215,8215,
ahmad,8216,8216,
ahmad,8217,8217,
ahmad,8218,8218,
ahmad,8219,8219,
ahmad,8220,8220,
ahmad,8222,8222,
ahmad,8223,8223,
ahmad,8224,8224,
ahmad,8225,8225,
ahmad,8228,8228,
ahmad,8229,8229,
ahmad,8232,8232,
ahmad,8233,8233,
ahmad,8234,8234,
ahmad,8235,8235,
ahmad,8236,8236,
ahmad,8239,8239,
ahmad,8240,8240,
ahmad,8241,8241,
ahmad,8246,8246,
ahmad,8247,8247,
ahmad,8248,8248,
ahmad,8249,8249,
ahmad,8250,8250,
ahmad,8251,8251,
ahmad,8252,8252,
ahmad,8253,8253,
ahmad,8254,8254,
ahmad,8255,8255,
ahmad,8257,8257,
ahmad,8258,8258,
ahmad,8260,8260,
ahmad,8261,8261,
ahmad,8262,8262,
ahmad,8263,8263,
ahmad,8265,8265,
ahmad,8266,8266,
ahmad,8267,8267,
ahmad,8268,8268,
ahmad,8269,8269,
ahmad,8270,8270,
ahmad,8271,8271,
ahmad,8272,8272,
ahmad,8273,8273,
ahmad,8274,8274,
ahmad,8275,8275,
ahmad,8276,8276,
ahmad,8277,8277,
ahmad,8278,8278,
ahmad,8279,8279,
ahmad,8281,8281,
ahmad,8282,8282,
ahmad,8284,8284,
ahmad,8285,8285,
ahmad,8286,8286,
ahmad,8287,8287,
ahmad,8288,8288,
ahmad,8289,8289,
ahmad,8290,8290,
ahmad,8291,8291,
ahmad,8292,8292,
ahmad,8294,8294,
ahmad,8295,8295,
ahmad,8297,8297,
ahmad,8298,8298,
ahmad,8299,8299,
ahmad,8300,8300,
ahmad,8301,8301,
ahmad,8302,8302,
ahmad,8303,8303,
ahmad,8304,8304,
ahmad,8305,8305,
ahmad,8306,8306,
ahmad,8309,8309,
ahmad,8310,8310,
ahmad,8311,8311,
ahmad,8312,8312,
ahmad,8313,8313,
ahmad,8314,8314,
ahmad,8315,8315,
ahmad,8317,8317,
ahmad,8319,8319,
ahmad,8320,8320,
ahmad,8321,8321,
ahmad,8322,8322,
ahmad,8323,8323,
ahmad,8324,8324,
ahmad,8325,8325,
ahmad,8326,8326,
ahmad,8327,8327,
ahmad,8329,8329,
ahmad,8330,8330,
ahmad,8331,8331,
ahmad,8332,8332,
ahmad,8333,8333,
ahmad,8334,8334,
ahmad,8335,8335,
ahmad,8336,8336,
ahmad,8337,8337,
ahmad,8338,8338,
ahmad,8339,8339,
ahmad,8340,8340,
ahmad,8341,8341,
ahmad,8342,8342,
ahmad,8343,8343,
ahmad,8344,8344,
ahmad,8347,8347,
ahmad,8348,8348,
ahmad,8349,8349,
ahmad,8351,8351,
ahmad,8353,8353,
ahmad,8354,8354,
ahmad,8355,8355,
ahmad,8356,8356,
ahmad,8357,8357,
ahmad,8358,8358,
ahmad,8359,8359,
ahmad,8360,8360,
ahmad,8361,8361,
ahmad,8363,8363,
ahmad,8364,8364,
ahmad,8365,8365,
ahmad,8366,8366,
ahmad,8367,8367,
ahmad,8368,8368,
ahmad,8369,8369,
ahmad,8370,8370,
ahmad,8371,8371,
ahmad,8372,8372,
ahmad,8374,8374,
ahmad,8375,8375,
ahmad,8376,8376,
ahmad,8377,8377,
ahmad,8378,8378,
ahmad,8379,8379,
ahmad,8380,8380,
ahmad,8381,8381,
ahmad,8383,8383,
ahmad,8384,8384,
ahmad,8385,8385,
ahmad,8386,8386,
ahmad,8387,8387,
ahmad,8388,8388,
ahmad,8389,8389,
ahmad,8390,8390,
ahmad,8391,8391,
ahmad,8393,8393,
ahmad,8394,8394,
ahmad,8395,8395,
ahmad,8396,8396,
ahmad,8397,8397,
ahmad,8398,8398,
ahmad,8399,8399,
ahmad,8401,8401,
ahmad,8402,8402,
ahmad,8403,8403,
ahmad,8404,8404,
ahmad,8405,8405,
ahmad,8407,8407,
ahmad,8409,8409,
ahmad,8411,8411,
ahmad,8412,8412,
ahmad,8413,8413,
ahmad,8414,8414,
ahmad,8415,8415,
ahmad,8416,8416,
ahmad,8417,8417,
ahmad,8418,8418,
ahmad,8419,8419,
ahmad,8420,8420,
ahmad,8421,8421,
ahmad,8422,8422,
ahmad,8423,8423,
ahmad,8424,8424,
ahmad,8426,8426,
ahmad,8427,8427,
ahmad,8428,8428,
ahmad,8430,8430,
ahmad,8431,8431,
ahmad,8432,8432,
ahmad,8433,8433,
ahmad,8434,8434,
ahmad,8435,8435,
ahmad,8436,8436,
ahmad,8438,8438,
ahmad,8439,8439,
ahmad,8441,8441,
ahmad,8442,8442,
ahmad,8443,8443,
ahmad,8444,8444,
ahmad,8445,8445,
ahmad,8447,8447,
ahmad,8448,8448,
ahmad,8450,8450,
ahmad,8451,8451,
ahmad,8452,8452,
ahmad,8453,8453,
ahmad,8454,8454,
ahmad,8455,8455,
ahmad,8456,8456,
ahmad,8458,8458,
ahmad,8459,8459,
ahmad,8460,8460,
ahmad,8461,8461,
ahmad,8462,8462,
ahmad,8463,8463,
ahmad,8465,8465,
ahmad,8466,8466,
ahmad,8467,8467,
ahmad,8468,8468,
ahmad,8469,8469,
ahmad,8470,8470,
ahmad,8471,8471,
ahmad,8472,8472,
ahmad,8473,8473,
ahmad,8474,8474,
ahmad,8475,8475,
ahmad,8476,8476,
ahmad,8478,8478,
ahmad,8479,8479,
ahmad,8481,8481,
ahmad,8482,8482,
ahmad,8483,8483,
ahmad,8485,8485,
ahmad,8489,8489,
ahmad,8490,8490,
ahmad,8494,8494,
ahmad,8497,8497,
ahmad,8499,8499,
ahmad,8500,8500,
ahmad,8501,8501,
ahmad,8503,8503,
ahmad,8505,8505,
ahmad,8506,8506,
ahmad,8507,8507,
ahmad,8509,8509,
ahmad,8510,8510,
ahmad,8511,8511,
ahmad,8512,8512,
ahmad,8513,8513,
ahmad,8514,8514,
ahmad,8515,8515,
ahmad,8516,8516,
ahmad,8517,8517,
ahmad,8518,8518,
ahmad,8519,8519,
ahmad,8520,8520,
ahmad,8521,8521,
ahmad,8522,8522,
ahmad,8523,8523,
ahmad,8525,8525,
ahmad,8526,8526,
ahmad,8529,8529,
ahmad,8530,8530,
ahmad,8532,8532,
ahmad,8533,8533,
ahmad,8534,8534,
ahmad,8535,8535,
ahmad,8536,8536,
ahmad,8538,8538,
ahmad,8539,8539,
ahmad,8540,8540,
ahmad,8541,8541,
ahmad,8542,8542,
ahmad,8544,8544,
ahmad,8545,8545,
ahmad,8546,8546,
ahmad,8547,8547,
ahmad,8549,8549,
ahmad,8550,8550,
ahmad,8552,8552,
ahmad,8553,8553,
ahmad,8556,8556,
ahmad,8557,8557,
ahmad,8560,8560,
ahmad,8564,8564,
ahmad,8565,8565,
ahmad,8566,8566,
ahmad,8567,8567,
ahmad,8570,8570,
ahmad,8571,8571,
ahmad,8572,8572,
ahmad,8573,8573,
ahmad,8574,8574,
ahmad,8575,8575,
ahmad,8578,8578,
ahmad,8579,8579,
ahmad,8580,8580,
ahmad,8581,8581,
ahmad,8583,8583,
ahmad,8585,8585,
ahmad,8586,8586,
ahmad,8587,8587,
ahmad,8588,8588,
ahmad,8589,8589,
ahmad,8591,8591,
ahmad,8592,8592,
ahmad,8593,8593,
ahmad,8596,8596,
ahmad,8597,8597,
ahmad,8598,8598,
ahmad,8599,8599,
ahmad,8601,8601,
ahmad,8602,8602,
ahmad,8604,8604,
ahmad,8605,8605,
ahmad,8607,8607,
ahmad,8610,8610,
ahmad,8612,8612,
ahmad,8613,8613,
ahmad,8615,8615,
ahmad,8616,8616,
ahmad,8618,8618,
ahmad,8619,8619,
ahmad,8620,8620,
ahmad,8621,8621,
ahmad,8622,8622,
ahmad,8623,8623,
ahmad,8624,8624,
ahmad,8626,8626,
ahmad,8629,8629,
ahmad,8631,8631,
ahmad,8632,8632,
ahmad,8633,8633,
ahmad,8634,8634,
ahmad,8635,8635,
ahmad,8636,8636,
ahmad,8637,8637,
ahmad,8638,8638,
ahmad,8639,8639,
ahmad,8640,8640,
ahmad,8641,8641,
ahmad,8642,8642,
ahmad,8643,8643,
ahmad,8644,8644,
ahmad,8645,8645,
ahmad,8648,8648,
ahmad,8649,8649,
ahmad,8650,8650,
ahmad,8651,8651,
ahmad,8652,8652,
ahmad,8653,8653,
ahmad,8654,8654,
ahmad,8655,8655,
ahmad,8656,8656,
ahmad,8657,8657,
ahmad,8660,8660,
ahmad,8663,8663,
ahmad,8664,8664,
ahmad,8669,8669,
ahmad,8670,8670,
ahmad,8671,8671,
ahmad,8673,8673,
ahmad,8674,8674,
ahmad,8675,8675,
ahmad,8676,8676,
ahmad,8677,8677,
ahmad,8678,8678,
ahmad,8679,8679,
ahmad,8680,8680,
ahmad,8682,8682,
ahmad,8683,8683,
ahmad,8684,8684,
ahmad,8685,8685,
ahmad,8686,8686,
ahmad,8687,8687,
ahmad,8688,8688,
ahmad,8689,8689,
ahmad,8690,8690,
ahmad,8691,8691,
ahmad,8692,8692,
ahmad,8693,8693,
ahmad,8694,8694,
ahmad,8695,8695,
ahmad,8696,8696,
ahmad,8697,8697,
ahmad,8699,8699,
ahmad,8700,8700,
ahmad,8701,8701,
ahmad,8702,8702,
ahmad,8703,8703,
ahmad,8704,8704,
ahmad,8705,8705,
ahmad,8706,8706,
ahmad,8707,8707,
ahmad,8708,8708,
ahmad,8709,8709,
ahmad,8710,8710,
ahmad,8711,8711,
ahmad,8712,8712,
ahmad,8713,8713,
ahmad,8715,8715,
ahmad,8719,8719,
ahmad,8721,8721,
ahmad,8722,8722,
ahmad,8725,8725,
ahmad,8726,8726,
ahmad,8727,8727,
ahmad,8728,8728,
ahmad,8729,8729,
ahmad,8730,8730,
ahmad,8731,8731,
ahmad,8732,8732,
ahmad,8733,8733,
ahmad,8734,8734,
ahmad,8735,8735,
ahmad,8736,8736,
ahmad,8737,8737,
ahmad,8738,8738,
ahmad,8739,8739,
ahmad,8740,8740,
ahmad,8741,8741,
ahmad,8742,8742,
ahmad,8743,8743,
ahmad,8744,8744,
ahmad,8745,8745,
ahmad,8746,8746,
ahmad,8747,8747,
ahmad,8749,8749,
ahmad,8750,8750,
ahmad,8751,8751,
ahmad,8752,8752,
ahmad,8754,8754,
ahmad,8755,8755,
ahmad,8756,8756,
ahmad,8758,8758,
ahmad,8759,8759,
ahmad,8760,8760,
ahmad,8761,8761,
ahmad,8762,8762,
ahmad,8763,8763,
ahmad,8764,8764,
ahmad,8765,8765,
ahmad,8766,8766,
ahmad,8769,8769,
ahmad,8771,8771,
ahmad,8772,8772,
ahmad,8773,8773,
ahmad,8774,8774,
ahmad,8775,8775,
ahmad,8776,8776,
ahmad,8777,8777,
ahmad,8778,8778,
ahmad,8779,8779,
ahmad,8785,8785,
ahmad,8786,8786,
ahmad,8789,8789,
ahmad,8790,8790,
ahmad,8791,8791,
ahmad,8792,8792,
ahmad,8793,8793,
ahmad,8794,8794,
ahmad,8795,8795,
ahmad,8796,8796,
ahmad,8799,8799,
ahmad,8800,8800,
ahmad,8801,8801,
ahmad,8802,8802,
ahmad,8803,8803,
ahmad,8804,8804,
ahmad,8805,8805,
ahmad,8807,8807,
ahmad,8808,8808,
ahmad,8809,8809,
ahmad,8810,8810,
ahmad,8812,8812,
ahmad,8813,8813,
ahmad,8814,8814,
ahmad,8815,8815,
ahmad,8816,8816,
ahmad,8817,8817,
ahmad,8819,8819,
ahmad,8820,8820,
ahmad,8822,8822,
ahmad,8823,8823,
ahmad,8824,8824,
ahmad,8825,8825,
ahmad,8826,8826,
ahmad,8828,8828,
ahmad,8829,8829,
ahmad,8830,8830,
ahmad,8832,8832,
ahmad,8833,8833,
ahmad,8835,8835,
ahmad,8837,8837,
ahmad,8839,8839,
ahmad,8840,8840,
ahmad,8844,8844,
ahmad,8845,8845,
ahmad,8846,8846,
ahmad,8847,8847,
ahmad,8848,8848,
ahmad,8849,8849,
ahmad,8850,8850,
ahmad,8851,8851,
ahmad,8852,8852,
ahmad,8854,8854,
ahmad,8856,8856,
ahmad,8858,8858,
ahmad,8859,8859,
ahmad,8861,8861,
ahmad,8862,8862,
ahmad,8863,8863,
ahmad,8864,8864,
ahmad,8866,8866,
ahmad,8869,8869,
ahmad,8871,8871,
ahmad,8872,8872,
ahmad,8873,8873,
ahmad,8874,8874,
ahmad,8875,8875,
ahmad,8876,8876,
ahmad,8877,8877,
ahmad,8879,8879,
ahmad,8880,8880,
ahmad,8881,8881,
ahmad,8883,8883,
ahmad,8884,8884,
ahmad,8886,8886,
ahmad,8887,8887,
ahmad,8888,8888,
ahmad,8890,8890,
ahmad,8891,8891,
ahmad,8892,8892,
ahmad,8893,8893,
ahmad,8894,8894,
ahmad,8895,8895,
ahmad,8897,8897,
ahmad,8898,8898,
ahmad,8901,8901,
ahmad,8902,8902,
ahmad,8903,8903,
ahmad,8904,8904,
ahmad,8905,8905,
ahmad,8906,8906,
ahmad,8908,8908,
ahmad,8909,8909,
ahmad,8910,8910,
ahmad,8911,8911,
ahmad,8912,8912,
ahmad,8913,8913,
ahmad,8915,8915,
ahmad,8916,8916,
ahmad,8920,8920,
ahmad,8921,8921,
ahmad,8922,8922,
ahmad,8923,8923,
ahmad,8926,8926,
ahmad,8927,8927,
ahmad,8928,8928,
ahmad,8929,8929,
ahmad,8930,8930,
ahmad,8932,8932,
ahmad,8933,8933,
ahmad,8934,8934,
ahmad,8936,8936,
ahmad,8937,8937,
ahmad,8942,8942,
ahmad,8943,8943,
ahmad,8944,8944,
ahmad,8945,8945,
ahmad,8948,8948,
ahmad,8951,8951,
ahmad,8953,8953,
ahmad,8954,8954,
ahmad,8955,8955,
ahmad,8962,8962,
ahmad,8963,8963,
ahmad,8964,8964,
ahmad,8970,8970,
ahmad,8971,8971,
ahmad,8973,8973,
ahmad,8975,8975,
ahmad,8979,8979,
ahmad,8981,8981,
ahmad,8982,8982,
ahmad,8984,8984,
ahmad,8985,8985,
ahmad,8986,8986,
ahmad,8987,8987,
ahmad,8989,8989,
ahmad,8990,8990,
ahmad,8991,8991,
ahmad,8992,8992,
ahmad,8993,8993,
ahmad,8994,8994,
ahmad,8995,8995,
ahmad,8997,8997,
ahmad,8998,8998,
ahmad,8999,8999,
ahmad,9000,9000,
ahmad,9001,9001,
ahmad,9002,9002,
ahmad,9003,9003,
ahmad,9004,9004,
ahmad,9007,9007,
ahmad,9008,9008,
ahmad,9009,9009,
ahmad,9010,9010,
ahmad,9011,9011,
ahmad,9012,9012,
ahmad,9013,9013,
ahmad,9014,9014,
ahmad,9015,9015,
ahmad,9016,9016,
ahmad,9017,9017,
ahmad,9018,9018,
ahmad,9019,9019,
ahmad,9020,9020,
ahmad,9021,9021,
ahmad,9022,9022,
ahmad,9023,9023,
ahmad,9024,9024,
ahmad,9025,9025,
ahmad,9026,9026,
ahmad,9028,9028,
ahmad,9029,9029,
ahmad,9030,9030,
ahmad,9031,9031,
ahmad,9032,9032,
ahmad,9033,9033,
ahmad,9034,9034,
ahmad,9035,9035,
ahmad,9036,9036,
ahmad,9037,9037,
ahmad,9039,9039,
ahmad,9040,9040,
ahmad,9041,9041,
ahmad,9042,9042,
ahmad,9043,9043,
ahmad,9044,9044,
ahmad,9045,9045,
ahmad,9046,9046,
ahmad,9047,9047,
ahmad,9048,9048,
ahmad,9049,9049,
ahmad,9050,9050,
ahmad,9051,9051,
ahmad,9052,9052,
ahmad,9053,9053,
ahmad,9054,9054,
ahmad,9055,9055,
ahmad,9056,9056,
ahmad,9057,9057,
ahmad,9058,9058,
ahmad,9059,9059,
ahmad,9060,9060,
ahmad,9061,9061,
ahmad,9062,9062,
ahmad,9063,9063,
ahmad,9064,9064,
ahmad,9065,9065,
ahmad,9066,9066,
ahmad,9067,9067,
ahmad,9068,9068,
ahmad,9069,9069,
ahmad,9071,9071,
ahmad,9072,9072,
ahmad,9074,9074,
ahmad,9075,9075,
ahmad,9076,9076,
ahmad,9077,9077,
ahmad,9078,9078,
ahmad,9079,9079,
ahmad,9080,9080,
ahmad,9081,9081,
ahmad,9082,9082,
ahmad,9083,9083,
ahmad,9084,9084,
ahmad,9086,9086,
ahmad,9087,9087,
ahmad,9088,9088,
ahmad,9089,9089,
ahmad,9091,9091,
ahmad,9092,9092,
ahmad,9093,9093,
ahmad,9094,9094,
ahmad,9095,9095,
ahmad,9096,9096,
ahmad,9097,9097,
ahmad,9098,9098,
ahmad,9099,9099,
ahmad,9100,9100,
ahmad,9101,9101,
ahmad,9102,9102,
ahmad,9103,9103,
ahmad,9104,9104,
ahmad,9105,9105,
ahmad,9106,9106,
ahmad,9107,9107,
ahmad,9108,9108,
ahmad,9109,9109,
ahmad,9110,9110,
ahmad,9111,9111,
ahmad,9114,9114,
ahmad,9115,9115,
ahmad,9116,9116,
ahmad,9118,9118,
ahmad,9119,9119,
ahmad,9120,9120,
ahmad,9121,9121,
ahmad,9122,9122,
ahmad,9123,9123,
ahmad,9124,9124,
ahmad,9125,9125,
ahmad,9126,9126,
ahmad,9127,9127,
ahmad,9129,9129,
ahmad,9130,9130,
ahmad,9131,9131,
ahmad,9132,9132,
ahmad,9133,9133,
ahmad,9134,9134,
ahmad,9135,9135,
ahmad,9136,9136,
ahmad,9139,9139,
ahmad,9140,9140,
ahmad,9143,9143,
ahmad,9144,9144,
ahmad,9145,9145,
ahmad,9146,9146,
ahmad,9147,9147,
ahmad,9148,9148,
ahmad,9149,9149,
ahmad,9150,9150,
ahmad,9151,9151,
ahmad,9152,9152,
ahmad,9153,9153,
ahmad,9154,9154,
ahmad,9155,9155,
ahmad,9156,9156,
ahmad,9163,9163,
ahmad,9164,9164,
ahmad,9165,9165,
ahmad,9166,9166,
ahmad,9167,9167,
ahmad,9168,9168,
ahmad,9170,9170,
ahmad,9171,9171,
ahmad,9172,9172,
ahmad,9173,9173,
ahmad,9174,9174,
ahmad,9176,9176,
ahmad,9177,9177,
ahmad,9182,9182,
ahmad,9183,9183,
ahmad,9184,9184,
ahmad,9185,9185,
ahmad,9186,9186,
ahmad,9187,9187,
ahmad,9188,9188,
ahmad,9190,9190,
ahmad,9192,9192,
ahmad,9193,9193,
ahmad,9194,9194,
ahmad,9195,9195,
ahmad,9196,9196,
ahmad,9197,9197,
ahmad,9198,9198,
ahmad,9199,9199,
ahmad,9200,9200,
ahmad,9201,9201,
ahmad,9203,9203,
ahmad,9204,9204,
ahmad,9206,9206,
ahmad,9208,9208,
ahmad,9209,9209,
ahmad,9210,9210,
ahmad,9211,9211,
ahmad,9213,9213,
ahmad,9214,9214,
ahmad,9215,9215,
ahmad,9219,9219,
ahmad,9220,9220,
ahmad,9221,9221,
ahmad,9223,9223,
ahmad,9227,9227,
ahmad,9228,9228,
ahmad,9229,9229,
ahmad,9230,9230,
ahmad,9231,9231,
ahmad,9233,9233,
ahmad,9234,9234,
ahmad,9235,9235,
ahmad,9236,9236,
ahmad,9237,9237,
ahmad,9238,9238,
ahmad,9240,9240,
ahmad,9241,9241,
ahmad,9242,9242,
ahmad,9243,9243,
ahmad,9244,9244,
ahmad,9245,9245,
ahmad,9246,9246,
ahmad,9247,9247,
ahmad,9248,9248,
ahmad,9249,9249,
ahmad,9250,9250,
ahmad,9251,9251,
ahmad,9252,9252,
ahmad,9253,9253,
ahmad,9254,9254,
ahmad,9255,9255,
ahmad,9256,9256,
ahmad,9257,9257,
ahmad,9259,9259,
ahmad,9260,9260,
ahmad,9262,9262,
ahmad,9263,9263,
ahmad,9264,9264,
ahmad,9265,9265,
ahmad,9266,9266,
ahmad,9267,9267,
ahmad,9269,9269,
ahmad,9271,9271,
ahmad,9272,9272,
ahmad,9273,9273,
ahmad,9274,9274,
ahmad,9275,9275,
ahmad,9276,9276,
ahmad,9277,9277,
ahmad,9278,9278,
ahmad,9279,9279,
ahmad,9281,9281,
ahmad,9283,9283,
ahmad,9284,9284,
ahmad,9285,9285,
ahmad,9288,9288,
ahmad,9289,9289,
ahmad,9290,9290,
ahmad,9291,9291,
ahmad,9292,9292,
ahmad,9293,9293,
ahmad,9294,9294,
ahmad,9295,9295,
ahmad,9296,9296,
ahmad,9297,9297,
ahmad,9298,9298,
ahmad,9299,9299,
ahmad,9300,9300,
ahmad,9302,9302,
ahmad,9303,9303,
ahmad,9305,9305,
ahmad,9306,9306,
ahmad,9307,9307,
ahmad,9308,9308,
ahmad,9309,9309,
ahmad,9310,9310,
ahmad,9311,9311,
ahmad,9312,9312,
ahmad,9316,9316,
ahmad,9317,9317,
ahmad,9318,9318,
ahmad,9320,9320,
ahmad,9321,9321,
ahmad,9322,9322,
ahmad,9323,9323,
ahmad,9324,9324,
ahmad,9325,9325,
ahmad,9326,9326,
ahmad,9327,9327,
ahmad,9328,9328,
ahmad,9329,9329,
ahmad,9330,9330,
ahmad,9331,9331,
ahmad,9334,9334,
ahmad,9336,9336,
ahmad,9338,9338,
ahmad,9339,9339,
ahmad,9340,9340,
ahmad,9342,9342,
ahmad,9344,9344,
ahmad,9345,9345,
ahmad,9346,9346,
ahmad,9347,9347,
ahmad,9348,9348,
ahmad,9349,9349,
ahmad,9353,9353,
ahmad,9354,9354,
ahmad,9355,9355,
ahmad,9356,9356,
ahmad,9357,9357,
ahmad,9359,9359,
ahmad,9360,9360,
ahmad,9361,9361,
ahmad,9362,9362,
ahmad,9363,9363,
ahmad,9365,9365,
ahmad,9366,9366,
ahmad,9367,9367,
ahmad,9369,9369,
ahmad,9371,9371,
ahmad,9374,9374,
ahmad,9375,9375,
ahmad,9376,9376,
ahmad,9378,9378,
ahmad,9380,9380,
ahmad,9381,9381,
ahmad,9382,9382,
ahmad,9383,9383,
ahmad,9384,9384,
ahmad,9385,9385,
ahmad,9386,9386,
ahmad,9387,9387,
ahmad,9388,9388,
ahmad,9389,9389,
ahmad,9390,9390,
ahmad,9391,9391,
ahmad,9393,9393,
ahmad,9394,9394,
ahmad,9396,9396,
ahmad,9397,9397,
ahmad,9398,9398,
ahmad,9399,9399,
ahmad,9400,9400,
ahmad,9401,9401,
ahmad,9402,9402,
ahmad,9403,9403,
ahmad,9404,9404,
ahmad,9405,9405,
ahmad,9406,9406,
ahmad,9407,9407,
ahmad,9409,9409,
ahmad,9410,9410,
ahmad,9411,9411,
ahmad,9412,9412,
ahmad,9413,9413,
ahmad,9414,9414,
ahmad,9416,9416,
ahmad,9418,9418,
ahmad,9419,9419,
ahmad,9420,9420,
ahmad,9422,9422,
ahmad,9424,9424,
ahmad,9425,9425,
ahmad,9426,9426,
ahmad,9427,9427,
ahmad,9431,9431,
ahmad,9432,9432,
ahmad,9433,9433,
ahmad,9435,9435,
ahmad,9436,9436,
ahmad,9437,9437,
ahmad,9438,9438,
ahmad,9440,9440,
ahmad,9441,9441,
ahmad,9442,9442,
ahmad,9443,9443,
ahmad,9444,9444,
ahmad,9445,9445,
ahmad,9446,9446,
ahmad,9447,9447,
ahmad,9448,9448,
ahmad,9449,9449,
ahmad,9450,9450,
ahmad,9451,9451,
ahmad,9454,9454,
ahmad,9455,9455,
ahmad,9456,9456,
ahmad,9457,9457,
ahmad,9458,9458,
ahmad,9461,9461,
ahmad,9462,9462,
ahmad,9463,9463,
ahmad,9464,9464,
ahmad,9465,9465,
ahmad,9466,9466,
ahmad,9467,9467,
ahmad,9468,9468,
ahmad,9471,9471,
ahmad,9473,9473,
ahmad,9475,9475,
ahmad,9476,9476,
ahmad,9477,9477,
ahmad,9478,9478,
ahmad,9479,9479,
ahmad,9480,9480,
ahmad,9482,9482,
ahmad,9483,9483,
ahmad,9484,9484,
ahmad,9485,9485,
ahmad,9486,9486,
ahmad,9487,9487,
ahmad,9495,9495,
ahmad,9499,9499,
ahmad,9500,9500,
ahmad,9501,9501,
ahmad,9502,9502,
ahmad,9503,9503,
ahmad,9505,9505,
ahmad,9507,9507,
ahmad,9509,9509,
ahmad,9510,9510,
ahmad,9511,9511,
ahmad,9512,9512,
ahmad,9513,9513,
ahmad,9514,9514,
ahmad,9515,9515,
ahmad,9521,9521,
ahmad,9522,9522,
ahmad,9525,9525,
ahmad,9526,9526,
ahmad,9531,9531,
ahmad,9532,9532,
ahmad,9533,9533,
ahmad,9535,9535,
ahmad,9536,9536,
ahmad,9537,9537,
ahmad,9538,9538,
ahmad,9541,9541,
ahmad,9547,9547,
ahmad,9548,9548,
ahmad,9553,9553,
ahmad,9554,9554,
ahmad,9555,9555,
ahmad,9556,9556,
ahmad,9557,9557,
ahmad,9558,9558,
ahmad,9559,9559,
ahmad,9560,9560,
ahmad,9561,9561,
ahmad,9562,9562,
ahmad,9564,9564,
ahmad,9565,9565,
ahmad,9566,9566,
ahmad,9567,9567,
ahmad,9568,9568,
ahmad,9569,9569,
ahmad,9570,9570,
ahmad,9571,9571,
ahmad,9572,9572,
ahmad,9578,9578,
ahmad,9579,9579,
ahmad,9580,9580,
ahmad,9582,9582,
ahmad,9583,9583,
ahmad,9584,9584,
ahmad,9585,9585,
ahmad,9586,9586,
ahmad,9587,9587,
ahmad,9588,9588,
ahmad,9593,9593,
ahmad,9594,9594,
ahmad,9595,9595,
ahmad,9596,9596,
ahmad,9600,9600,
ahmad,9601,9601,
ahmad,9602,9602,
ahmad,9603,9603,
ahmad,9604,9604,
ahmad,9605,9605,
ahmad,9606,9606,
ahmad,9607,9607,
ahmad,9608,9608,
ahmad,9609,9609,
ahmad,9610,9610,
ahmad,9611,9611,
ahmad,9612,9612,
ahmad,9613,9613,
ahmad,9614,9614,
ahmad,9617,9617,
ahmad,9618,9618,
ahmad,9621,9621,
ahmad,9622,9622,
ahmad,9623,9623,
ahmad,9624,9624,
ahmad,9625,9625,
ahmad,9626,9626,
ahmad,9627,9627,
ahmad,9628,9628,
ahmad,9629,9629,
ahmad,9630,9630,
ahmad,9631,9631,
ahmad,9632,9632,
ahmad,9633,9633,
ahmad,9636,9636,
ahmad,9637,9637,
ahmad,9638,9638,
ahmad,9640,9640,
ahmad,9641,9641,
ahmad,9642,9642,
ahmad,9644,9644,
ahmad,9645,9645,
ahmad,9647,9647,
ahmad,9648,9648,
ahmad,9649,9649,
ahmad,9653,9653,
ahmad,9655,9655,
ahmad,9656,9656,
ahmad,9657,9657,
ahmad,9658,9658,
ahmad,9660,9660,
ahmad,9663,9663,
ahmad,9666,9666,
ahmad,9668,9668,
ahmad,9670,9670,
ahmad,9672,9672,
ahmad,9673,9673,
ahmad,9674,9674,
ahmad,9675,9675,
ahmad,9677,9677,
ahmad,9678,9678,
ahmad,9679,9679,
ahmad,9683,9683,
ahmad,9684,9684,
ahmad,9685,9685,
ahmad,9686,9686,
ahmad,9689,9689,
ahmad,9690,9690,
ahmad,9694,9694,
ahmad,9695,9695,
ahmad,9696,9696,
ahmad,9697,9697,
ahmad,9698,9698,
ahmad,9699,9699,
ahmad,9700,9700,
ahmad,9701,9701,
ahmad,9702,9702,
ahmad,9704,9704,
ahmad,9705,9705,
ahmad,9707,9707,
ahmad,9709,9709,
ahmad,9712,9712,
ahmad,9713,9713,
ahmad,9714,9714,
ahmad,9715,9715,
ahmad,9716,9716,
ahmad,9717,9717,
ahmad,9721,9721,
ahmad,9722,9722,
ahmad,9724,9724,
ahmad,9725,9725,
ahmad,9726,9726,
ahmad,9727,9727,
ahmad,9728,9728,
ahmad,9729,9729,
ahmad,9730,9730,
ahmad,9731,9731,
ahmad,9732,9732,
ahmad,9733,9733,
ahmad,9734,9734,
ahmad,9735,9735,
ahmad,9736,9736,
ahmad,9738,9738,
ahmad,9739,9739,
ahmad,9740,9740,
ahmad,9741,9741,
ahmad,9742,9742,
ahmad,9743,9743,
ahmad,9744,9744,
ahmad,9745,9745,
ahmad,9747,9747,
ahmad,9748,9748,
ahmad,9749,9749,
ahmad,9750,9750,
ahmad,9751,9751,
ahmad,9752,9752,
ahmad,9753,9753,
ahmad,9754,9754,
ahmad,9755,9755,
ahmad,9756,9756,
ahmad,9757,9757,
ahmad,9758,9758,
ahmad,9759,9759,
ahmad,9760,9760,
ahmad,9761,9761,
ahmad,9762,9762,
ahmad,9763,9763,
ahmad,9764,9764,
ahmad,9765,9765,
ahmad,9766,9766,
ahmad,9767,9767,
ahmad,9768,9768,
ahmad,9769,9769,
ahmad,9770,9770,
ahmad,9772,9772,
ahmad,9773,9773,
ahmad,9774,9774,
ahmad,9776,9776,
ahmad,9777,9777,
ahmad,9778,9778,
ahmad,9779,9779,
ahmad,9780,9780,
ahmad,9781,9781,
ahmad,9782,9782,
ahmad,9783,9783,
ahmad,9785,9785,
ahmad,9786,9786,
ahmad,9787,9787,
ahmad,9789,9789,
ahmad,9790,9790,
ahmad,9791,9791,
ahmad,9793,9793,
ahmad,9795,9795,
ahmad,9796,9796,
ahmad,9797,9797,
ahmad,9798,9798,
ahmad,9799,9799,
ahmad,9800,9800,
ahmad,9801,9801,
ahmad,9802,9802,
ahmad,9803,9803,
ahmad,9804,9804,
ahmad,9806,9806,
ahmad,9808,9808,
ahmad,9809,9809,
ahmad,9810,9810,
ahmad,9811,9811,
ahmad,9812,9812,
ahmad,9813,9813,
ahmad,9814,9814,
ahmad,9815,9815,
ahmad,9816,9816,
ahmad,9817,9817,
ahmad,9818,9818,
ahmad,9819,9819,
ahmad,9820,9820,
ahmad,9821,9821,
ahmad,9824,9824,
ahmad,9828,9828,
ahmad,9829,9829,
ahmad,9831,9831,
ahmad,9832,9832,
ahmad,9833,9833,
ahmad,9834,9834,
ahmad,9836,9836,
ahmad,9837,9837,
ahmad,9838,9838,
ahmad,9839,9839,
ahmad,9840,9840,
ahmad,9841,9841,
ahmad,9843,9843,
ahmad,9845,9845,
ahmad,9846,9846,
ahmad,9847,9847,
ahmad,9848,9848,
ahmad,9849,9849,
ahmad,9850,9850,
ahmad,9851,9851,
ahmad,9852,9852,
ahmad,9853,9853,
ahmad,9854,9854,
ahmad,9855,9855,
ahmad,9856,9856,
ahmad,9857,9857,
ahmad,9858,9858,
ahmad,9859,9859,
ahmad,9860,9860,
ahmad,9861,9861,
ahmad,9862,9862,
ahmad,9863,9863,
ahmad,9865,9865,
ahmad,9871,9871,
ahmad,9872,9872,
ahmad,9873,9873,
ahmad,9874,9874,
ahmad,9875,9875,
ahmad,9877,9877,
ahmad,9878,9878,
ahmad,9879,9879,
ahmad,9880,9880,
ahmad,9881,9881,
ahmad,9882,9882,
ahmad,9883,9883,
ahmad,9884,9884,
ahmad,9885,9885,
ahmad,9886,9886,
ahmad,9887,9887,
ahmad,9888,9888,
ahmad,9889,9889,
ahmad,9890,9890,
ahmad,9891,9891,
ahmad,9894,9894,
ahmad,9895,9895,
ahmad,9896,9896,
ahmad,9897,9897,
ahmad,9898,9898,
ahmad,9899,9899,
ahmad,9900,9900,
ahmad,9901,9901,
ahmad,9902,9902,
ahmad,9903,9903,
ahmad,9904,9904,
ahmad,9905,9905,
ahmad,9906,9906,
ahmad,9907,9907,
ahmad,9908,9908,
ahmad,9909,9909,
ahmad,9914,9914,
ahmad,9916,9916,
ahmad,9917,9917,
ahmad,9919,9919,
ahmad,9920,9920,
ahmad,9923,9923,
ahmad,9924,9924,
ahmad,9925,9925,
ahmad,9926,9926,
ahmad,9928,9928,
ahmad,9929,9929,
ahmad,9930,9930,
ahmad,9931,9931,
ahmad,9932,9932,
ahmad,9933,9933,
ahmad,9934,9934,
ahmad,9935,9935,
ahmad,9936,9936,
ahmad,9937,9937,
ahmad,9938,9938,
ahmad,9939,9939,
ahmad,9940,9940,
ahmad,9941,9941,
ahmad,9942,9942,
ahmad,9943,9943,
ahmad,9944,9944,
ahmad,9945,9945,
ahmad,9948,9948,
ahmad,9950,9950,
ahmad,9951,9951,
ahmad,9952,9952,
ahmad,9953,9953,
ahmad,9954,9954,
ahmad,9955,9955,
ahmad,9956,9956,
ahmad,9957,9957,
ahmad,9958,9958,
ahmad,9959,9959,
ahmad,9961,9961,
ahmad,9962,9962,
ahmad,9963,9963,
ahmad,9964,9964,
ahmad,9966,9966,
ahmad,9967,9967,
ahmad,9968,9968,
ahmad,9969,9969,
ahmad,9970,9970,
ahmad,9974,9974,
ahmad,9975,9975,
ahmad,9976,9976,
ahmad,9977,9977,
ahmad,9978,9978,
ahmad,9979,9979,
ahmad,9980,9980,
ahmad,9981,9981,
ahmad,9982,9982,
ahmad,9983,9983,
ahmad,9984,9984,
ahmad,9986,9986,
ahmad,9987,9987,
ahmad,9988,9988,
ahmad,9990,9990,
ahmad,9991,9991,
ahmad,9994,9994,
ahmad,9995,9995,
ahmad,9997,9997,
ahmad,9999,9999,
ahmad,10000,10000,
ahmad,10001,10001,
ahmad,10003,10003,
ahmad,10004,10004,
ahmad,10005,10005,
ahmad,10006,10006,
ahmad,10007,10007,
ahmad,10008,10008,
ahmad,10009,10009,
ahmad,10010,10010,
ahmad,10011,10011,
ahmad,10012,10012,
ahmad,10013,10013,
ahmad,10014,10014,
ahmad,10015,10015,
ahmad,10016,10016,
ahmad,10017,10017,
ahmad,10018,10018,
ahmad,10019,10019,
ahmad,10021,10021,
ahmad,10022,10022,
ahmad,10023,10023,
ahmad,10024,10024,
ahmad,10025,10025,
ahmad,10026,10026,
ahmad,10027,10027,
ahmad,10028,10028,
ahmad,10029,10029,
ahmad,10031,10031,
ahmad,10032,10032,
ahmad,10033,10033,
ahmad,10034,10034,
ahmad,10035,10035,
ahmad,10036,10036,
ahmad,10037,10037,
ahmad,10038,10038,
ahmad,10039,10039,
ahmad,10040,10040,
ahmad,10041,10041,
ahmad,10042,10042,
ahmad,10043,10043,
ahmad,10044,10044,
ahmad,10045,10045,
ahmad,10046,10046,
ahmad,10047,10047,
ahmad,10048,10048,
ahmad,10049,10049,
ahmad,10050,10050,
ahmad,10051,10051,
ahmad,10052,10052,
ahmad,10054,10054,
ahmad,10055,10055,
ahmad,10056,10056,
ahmad,10057,10057,
ahmad,10058,10058,
ahmad,10059,10059,
ahmad,10060,10060,
ahmad,10065,10065,
ahmad,10067,10067,
ahmad,10068,10068,
ahmad,10069,10069,
ahmad,10070,10070,
ahmad,10071,10071,
ahmad,10072,10072,
ahmad,10073,10073,
ahmad,10075,10075,
ahmad,10076,10076,
ahmad,10077,10077,
ahmad,10078,10078,
ahmad,10079,10079,
ahmad,10080,10080,
ahmad,10081,10081,
ahmad,10083,10083,
ahmad,10084,10084,
ahmad,10085,10085,
ahmad,10087,10087,
ahmad,10088,10088,
ahmad,10089,10089,
ahmad,10090,10090,
ahmad,10091,10091,
ahmad,10092,10092,
ahmad,10094,10094,
ahmad,10095,10095,
ahmad,10097,10097,
ahmad,10129,10129,
ahmad,10135,10135,
ahmad,10142,10142,
ahmad,10144,10144,
ahmad,10145,10145,
ahmad,10146,10146,
ahmad,10147,10147,
ahmad,10148,10148,
ahmad,10149,10149,
ahmad,10150,10150,
ahmad,10151,10151,
ahmad,10152,10152,
ahmad,10153,10153,
ahmad,10154,10154,
ahmad,10155,10155,
ahmad,10156,10156,
ahmad,10157,10157,
ahmad,10159,10159,
ahmad,10160,10160,
ahmad,10162,10162,
ahmad,10163,10163,
ahmad,10164,10164,
ahmad,10166,10166,
ahmad,10167,10167,
ahmad,10168,10168,
ahmad,10169,10169,
ahmad,10170,10170,
ahmad,10171,10171,
ahmad,10172,10172,
ahmad,10173,10173,
ahmad,10174,10174,
ahmad,10175,10175,
ahmad,10176,10176,
ahmad,10181,10181,
ahmad,10187,10187,
ahmad,10188,10188,
ahmad,10189,10189,
ahmad,10190,10190,
ahmad,10191,10191,
ahmad,10192,10192,
ahmad,10193,10193,
ahmad,10194,10194,
ahmad,10195,10195,
ahmad,10198,10198,
ahmad,10199,10199,
ahmad,10200,10200,
ahmad,10201,10201,
ahmad,10203,10203,
ahmad,10204,10204,
ahmad,10205,10205,
ahmad,10206,10206,
ahmad,10207,10207,
ahmad,10208,10208,
ahmad,10209,10209,
ahmad,10210,10210,
ahmad,10211,10211,
ahmad,10212,10212,
ahmad,10213,10213,
ahmad,10214,10214,
ahmad,10216,10216,
ahmad,10217,10217,
ahmad,10218,10218,
ahmad,10219,10219,
ahmad,10220,10220,
ahmad,10221,10221,
ahmad,10222,10222,
ahmad,10223,10223,
ahmad,10224,10224,
ahmad,10226,10226,
ahmad,10227,10227,
ahmad,10228,10228,
ahmad,10229,10229,
ahmad,10230,10230,
ahmad,10231,10231,
ahmad,10233,10233,
ahmad,10235,10235,
ahmad,10236,10236,
ahmad,10238,10238,
ahmad,10239,10239,
ahmad,10240,10240,
ahmad,10242,10242,
ahmad,10243,10243,
ahmad,10244,10244,
ahmad,10245,10245,
ahmad,10246,10246,
ahmad,10247,10247,
ahmad,10248,10248,
ahmad,10249,10249,
ahmad,10251,10251,
ahmad,10252,10252,
ahmad,10253,10253,
ahmad,10254,10254,
ahmad,10256,10256,
ahmad,10257,10257,
ahmad,10259,10259,
ahmad,10260,10260,
ahmad,10261,10261,
ahmad,10262,10262,
ahmad,10263,10263,
ahmad,10264,10264,
ahmad,10265,10265,
ahmad,10266,10266,
ahmad,10268,10268,
ahmad,10269,10269,
ahmad,10270,10270,
ahmad,10273,10273,
ahmad,10274,10274,
ahmad,10276,10276,
ahmad,10277,10277,
ahmad,10278,10278,
ahmad,10279,10279,
ahmad,10281,10281,
ahmad,10283,10283,
ahmad,10284,10284,
ahmad,10285,10285,
ahmad,10286,10286,
ahmad,10287,10287,
ahmad,10288,10288,
ahmad,10289,10289,
ahmad,10290,10290,
ahmad,10291,10291,
ahmad,10292,10292,
ahmad,10293,10293,
ahmad,10294,10294,
ahmad,10295,10295,
ahmad,10296,10296,
ahmad,10297,10297,
ahmad,10298,10298,
ahmad,10299,10299,
ahmad,10300,10300,
ahmad,10301,10301,
ahmad,10302,10302,
ahmad,10303,10303,
ahmad,10304,10304,
ahmad,10306,10306,
ahmad,10307,10307,
ahmad,10308,10308,
ahmad,10309,10309,
ahmad,10310,10310,
ahmad,10311,10311,
ahmad,10312,10312,
ahmad,10313,10313,
ahmad,10314,10314,
ahmad,10315,10315,
ahmad,10317,10317,
ahmad,10318,10318,
ahmad,10319,10319,
ahmad,10320,10320,
ahmad,10321,10321,
ahmad,10322,10322,
ahmad,10323,10323,
ahmad,10324,10324,
ahmad,10325,10325,
ahmad,10326,10326,
ahmad,10327,10327,
ahmad,10328,10328,
ahmad,10329,10329,
ahmad,10330,10330,
ahmad,10331,10331,
ahmad,10332,10332,
ahmad,10333,10333,
ahmad,10334,10334,
ahmad,10335,10335,
ahmad,10340,10340,
ahmad,10341,10341,
ahmad,10342,10342,
ahmad,10345,10345,
ahmad,10346,10346,
ahmad,10347,10347,
ahmad,10348,10348,
ahmad,10349,10349,
ahmad,10350,10350,
ahmad,10352,10352,
ahmad,10353,10353,
ahmad,10354,10354,
ahmad,10357,10357,
ahmad,10358,10358,
ahmad,10359,10359,
ahmad,10360,10360,
ahmad,10362,10362,
ahmad,10363,10363,
ahmad,10364,10364,
ahmad,10365,10365,
ahmad,10366,10366,
ahmad,10367,10367,
ahmad,10368,10368,
ahmad,10369,10369,
ahmad,10370,10370,
ahmad,10371,10371,
ahmad,10372,10372,
ahmad,10373,10373,
ahmad,10374,10374,
ahmad,10375,10375,
ahmad,10377,10377,
ahmad,10378,10378,
ahmad,10379,10379,
ahmad,10380,10380,
ahmad,10381,10381,
ahmad,10382,10382,
ahmad,10384,10384,
ahmad,10385,10385,
ahmad,10386,10386,
ahmad,10387,10387,
ahmad,10388,10388,
ahmad,10389,10389,
ahmad,10390,10390,
ahmad,10391,10391,
ahmad,10392,10392,
ahmad,10393,10393,
ahmad,10394,10394,
ahmad,10395,10395,
ahmad,10398,10398,
ahmad,10399,10399,
ahmad,10402,10402,
ahmad,10404,10404,
ahmad,10405,10405,
ahmad,10406,10406,
ahmad,10407,10407,
ahmad,10408,10408,
ahmad,10410,10410,
ahmad,10411,10411,
ahmad,10412,10412,
ahmad,10413,10413,
ahmad,10415,10415,
ahmad,10416,10416,
ahmad,10417,10417,
ahmad,10418,10418,
ahmad,10419,10419,
ahmad,10421,10421,
ahmad,10422,10422,
ahmad,10423,10423,
ahmad,10424,10424,
ahmad,10425,10425,
ahmad,10426,10426,
ahmad,10427,10427,
ahmad,10428,10428,
ahmad,10429,10429,
ahmad,10430,10430,
ahmad,10432,10432,
ahmad,10433,10433,
ahmad,10435,10435,
ahmad,10436,10436,
ahmad,10449,10449,
ahmad,10451,10451,
ahmad,10452,10452,
ahmad,10453,10453,
ahmad,10454,10454,
ahmad,10455,10455,
ahmad,10457,10457,
ahmad,10458,10458,
ahmad,10459,10459,
ahmad,10460,10460,
ahmad,10461,10461,
ahmad,10462,10462,
ahmad,10463,10463,
ahmad,10464,10464,
ahmad,10465,10465,
ahmad,10466,10466,
ahmad,10467,10467,
ahmad,10468,10468,
ahmad,10469,10469,
ahmad,10470,10470,
ahmad,10471,10471,
ahmad,10472,10472,
ahmad,10473,10473,
ahmad,10474,10474,
ahmad,10476,10476,
ahmad,10477,10477,
ahmad,10478,10478,
ahmad,10479,10479,
ahmad,10480,10480,
ahmad,10482,10482,
ahmad,10483,10483,
ahmad,10484,10484,
ahmad,10485,10485,
ahmad,10486,10486,
ahmad,10487,10487,
ahmad,10488,10488,
ahmad,10489,10489,
ahmad,10490,10490,
ahmad,10491,10491,
ahmad,10492,10492,
ahmad,10493,10493,
ahmad,10494,10494,
ahmad,10495,10495,
ahmad,10496,10496,
ahmad,10497,10497,
ahmad,10498,10498,
ahmad,10499,10499,
ahmad,10500,10500,
ahmad,10501,10501,
ahmad,10502,10502,
ahmad,10503,10503,
ahmad,10504,10504,
ahmad,10506,10506,
ahmad,10507,10507,
ahmad,10508,10508,
ahmad,10510,10510,
ahmad,10511,10511,
ahmad,10512,10512,
ahmad,10513,10513,
ahmad,10514,10514,
ahmad,10515,10515,
ahmad,10516,10516,
ahmad,10517,10517,
ahmad,10518,10518,
ahmad,10519,10519,
ahmad,10520,10520,
ahmad,10521,10521,
ahmad,10522,10522,
ahmad,10523,10523,
ahmad,10524,10524,
ahmad,10525,10525,
ahmad,10526,10526,
ahmad,10527,10527,
ahmad,10528,10528,
ahmad,10529,10529,
ahmad,10530,10530,
ahmad,10531,10531,
ahmad,10532,10532,
ahmad,10535,10535,
ahmad,10536,10536,
ahmad,10538,10538,
ahmad,10540,10540,
ahmad,10541,10541,
ahmad,10542,10542,
ahmad,10544,10544,
ahmad,10545,10545,
ahmad,10547,10547,
ahmad,10549,10549,
ahmad,10550,10550,
ahmad,10551,10551,
ahmad,10552,10552,
ahmad,10553,10553,
ahmad,10555,10555,
ahmad,10556,10556,
ahmad,10558,10558,
ahmad,10559,10559,
ahmad,10560,10560,
ahmad,10561,10561,
ahmad,10562,10562,
ahmad,10563,10563,
ahmad,10564,10564,
ahmad,10565,10565,
ahmad,10566,10566,
ahmad,10567,10567,
ahmad,10568,10568,
ahmad,10570,10570,
ahmad,10571,10571,
ahmad,10572,10572,
ahmad,10573,10573,
ahmad,10574,10574,
ahmad,10576,10576,
ahmad,10577,10577,
ahmad,10578,10578,
ahmad,10579,10579,
ahmad,10580,10580,
ahmad,10583,10583,
ahmad,10584,10584,
ahmad,10585,10585,
ahmad,10587,10587,
ahmad,10591,10591,
ahmad,10592,10592,
ahmad,10593,10593,
ahmad,10595,10595,
ahmad,10596,10596,
ahmad,10598,10598,
ahmad,10599,10599,
ahmad,10600,10600,
ahmad,10601,10601,
ahmad,10602,10602,
ahmad,10603,10603,
ahmad,10604,10604,
ahmad,10605,10605,
ahmad,10606,10606,
ahmad,10607,10607,
ahmad,10608,10608,
ahmad,10609,10609,
ahmad,10610,10610,
ahmad,10611,10611,
ahmad,10612,10612,
ahmad,10613,10613,
ahmad,10614,10614,
ahmad,10615,10615,
ahmad,10616,10616,
ahmad,10617,10617,
ahmad,10619,10619,
ahmad,10620,10620,
ahmad,10622,10622,
ahmad,10623,10623,
ahmad,10624,10624,
ahmad,10626,10626,
ahmad,10627,10627,
ahmad,10628,10628,
ahmad,10629,10629,
ahmad,10630,10630,
ahmad,10632,10632,
ahmad,10633,10633,
ahmad,10634,10634,
ahmad,10635,10635,
ahmad,10636,10636,
ahmad,10637,10637,
ahmad,10638,10638,
ahmad,10639,10639,
ahmad,10640,10640,
ahmad,10641,10641,
ahmad,10642,10642,
ahmad,10643,10643,
ahmad,10647,10647,
ahmad,10648,10648,
ahmad,10652,10652,
ahmad,10653,10653,
ahmad,10654,10654,
ahmad,10656,10656,
ahmad,10659,10659,
ahmad,10660,10660,
ahmad,10662,10662,
ahmad,10663,10663,
ahmad,10664,10664,
ahmad,10665,10665,
ahmad,10667,10667,
ahmad,10668,10668,
ahmad,10669,10669,
ahmad,10670,10670,
ahmad,10671,10671,
ahmad,10672,10672,
ahmad,10675,10675,
ahmad,10676,10676,
ahmad,10677,10677,
ahmad,10678,10678,
ahmad,10680,10680,
ahmad,10681,10681,
ahmad,10682,10682,
ahmad,10683,10683,
ahmad,10685,10685,
ahmad,10686,10686,
ahmad,10687,10687,
ahmad,10691,10691,
ahmad,10693,10693,
ahmad,10695,10695,
ahmad,10697,10697,
ahmad,10698,10698,
ahmad,10699,10699,
ahmad,10700,10700,
ahmad,10702,10702,
ahmad,10703,10703,
ahmad,10704,10704,
ahmad,10706,10706,
ahmad,10707,10707,
ahmad,10708,10708,
ahmad,10709,10709,
ahmad,10710,10710,
ahmad,10711,10711,
ahmad,10712,10712,
ahmad,10713,10713,
ahmad,10714,10714,
ahmad,10715,10715,
ahmad,10716,10716,
ahmad,10717,10717,
ahmad,10718,10718,
ahmad,10719,10719,
ahmad,10720,10720,
ahmad,10721,10721,
ahmad,10722,10722,
ahmad,10723,10723,
ahmad,10725,10725,
ahmad,10726,10726,
ahmad,10727,10727,
ahmad,10729,10729,
ahmad,10730,10730,
ahmad,10731,10731,
ahmad,10732,10732,
ahmad,10733,10733,
ahmad,10734,10734,
ahmad,10735,10735,
ahmad,10736,10736,
ahmad,10737,10737,
ahmad,10739,10739,
ahmad,10740,10740,
ahmad,10742,10742,
ahmad,10744,10744,
ahmad,10746,10746,
ahmad,10747,10747,
ahmad,10748,10748,
ahmad,10749,10749,
ahmad,10750,10750,
ahmad,10751,10751,
ahmad,10752,10752,
ahmad,10753,10753,
ahmad,10754,10754,
ahmad,10755,10755,
ahmad,10756,10756,
ahmad,10757,10757,
ahmad,10758,10758,
ahmad,10759,10759,
ahmad,10760,10760,
ahmad,10761,10761,
ahmad,10762,10762,
ahmad,10763,10763,
ahmad,10764,10764,
ahmad,10765,10765,
ahmad,10766,10766,
ahmad,10767,10767,
ahmad,10768,10768,
ahmad,10769,10769,
ahmad,10770,10770,
ahmad,10771,10771,
ahmad,10772,10772,
ahmad,10773,10773,
ahmad,10774,10774,
ahmad,10775,10775,
ahmad,10776,10776,
ahmad,10777,10777,
ahmad,10778,10778,
ahmad,10780,10780,
ahmad,10781,10781,
ahmad,10782,10782,
ahmad,10783,10783,
ahmad,10784,10784,
ahmad,10785,10785,
ahmad,10786,10786,
ahmad,10787,10787,
ahmad,10788,10788,
ahmad,10789,10789,
ahmad,10791,10791,
ahmad,10795,10795,
ahmad,10796,10796,
ahmad,10797,10797,
ahmad,10799,10799,
ahmad,10800,10800,
ahmad,10801,10801,
ahmad,10803,10803,
ahmad,10804,10804,
ahmad,10805,10805,
ahmad,10806,10806,
ahmad,10807,10807,
ahmad,10808,10808,
ahmad,10809,10809,
ahmad,10810,10810,
ahmad,10811,10811,
ahmad,10812,10812,
ahmad,10814,10814,
ahmad,10815,10815,
ahmad,10817,10817,
ahmad,10818,10818,
ahmad,10819,10819,
ahmad,10820,10820,
ahmad,10823,10823,
ahmad,10824,10824,
ahmad,10825,10825,
ahmad,10826,10826,
ahmad,10827,10827,
ahmad,10828,10828,
ahmad,10830,10830,
ahmad,10831,10831,
ahmad,10832,10832,
ahmad,10833,10833,
ahmad,10834,10834,
ahmad,10835,10835,
ahmad,10837,10837,
ahmad,10838,10838,
ahmad,10839,10839,
ahmad,10842,10842,
ahmad,10843,10843,
ahmad,10844,10844,
ahmad,10845,10845,
ahmad,10846,10846,
ahmad,10847,10847,
ahmad,10848,10848,
ahmad,10849,10849,
ahmad,10850,10850,
ahmad,10851,10851,
ahmad,10852,10852,
ahmad,10854,10854,
ahmad,10855,10855,
ahmad,10856,10856,
ahmad,10857,10857,
ahmad,10858,10858,
ahmad,10859,10859,
ahmad,10860,10860,
ahmad,10861,10861,
ahmad,10863,10863,
ahmad,10864,10864,
ahmad,10865,10865,
ahmad,10866,10866,
ahmad,10867,10867,
ahmad,10868,10868,
ahmad,10871,10871,
ahmad,10872,10872,
ahmad,10873,10873,
ahmad,10875,10875,
ahmad,10876,10876,
ahmad,10877,10877,
ahmad,10878,10878,
ahmad,10880,10880,
ahmad,10881,10881,
ahmad,10882,10882,
ahmad,10883,10883,
ahmad,10884,10884,
ahmad,10885,10885,
ahmad,10886,10886,
ahmad,10887,10887,
ahmad,10888,10888,
ahmad,10889,10889,
ahmad,10890,10890,
ahmad,10892,10892,
ahmad,10893,10893,
ahmad,10895,10895,
ahmad,10897,10897,
ahmad,10898,10898,
ahmad,10899,10899,
ahmad,10900,10900,
ahmad,10901,10901,
ahmad,10902,10902,
ahmad,10903,10903,
ahmad,10904,10904,
ahmad,10906,10906,
ahmad,10907,10907,
ahmad,10908,10908,
ahmad,10909,10909,
ahmad,10910,10910,
ahmad,10911,10911,
ahmad,10912,10912,
ahmad,10913,10913,
ahmad,10914,10914,
ahmad,10915,10915,
ahmad,10916,10916,
ahmad,10917,10917,
ahmad,10918,10918,
ahmad,10922,10922,
ahmad,10924,10924,
ahmad,10925,10925,
ahmad,10928,10928,
ahmad,10929,10929,
ahmad,10933,10933,
ahmad,10935,10935,
ahmad,10936,10936,
ahmad,10937,10937,
ahmad,10938,10938,
ahmad,10939,10939,
ahmad,10941,10941,
ahmad,10942,10942,
ahmad,10943,10943,
ahmad,10944,10944,
ahmad,10945,10945,
ahmad,10946,10946,
ahmad,10947,10947,
ahmad,10948,10948,
ahmad,10949,10949,
ahmad,10950,10950,
ahmad,10953,10953,
ahmad,10954,10954,
ahmad,10955,10955,
ahmad,10956,10956,
ahmad,10957,10957,
ahmad,10959,10959,
ahmad,10960,10960,
ahmad,10961,10961,
ahmad,10963,10963,
ahmad,10964,10964,
ahmad,10965,10965,
ahmad,10966,10966,
ahmad,10967,10967,
ahmad,10968,10968,
ahmad,10969,10969,
ahmad,10970,10970,
ahmad,10971,10971,
ahmad,10972,10972,
ahmad,10973,10973,
ahmad,10979,10979,
ahmad,10980,10980,
ahmad,10982,10982,
ahmad,10983,10983,
ahmad,10984,10984,
ahmad,10985,10985,
ahmad,10986,10986,
ahmad,10987,10987,
ahmad,10988,10988,
ahmad,10989,10989,
ahmad,10990,10990,
ahmad,10991,10991,
ahmad,10992,10992,
ahmad,10993,10993,
ahmad,10994,10994,
ahmad,10995,10995,
ahmad,10996,10996,
ahmad,10997,10997,
ahmad,10998,10998,
ahmad,10999,10999,
ahmad,11000,11000,
ahmad,11001,11001,
ahmad,11003,11003,
ahmad,11005,11005,
ahmad,11006,11006,
ahmad,11007,11007,
ahmad,11008,11008,
ahmad,11009,11009,
ahmad,11010,11010,
ahmad,11011,11011,
ahmad,11012,11012,
ahmad,11013,11013,
ahmad,11014,11014,
ahmad,11015,11015,
ahmad,11016,11016,
ahmad,11017,11017,
ahmad,11018,11018,
ahmad,11019,11019,
ahmad,11020,11020,
ahmad,11021,11021,
ahmad,11022,11022,
ahmad,11023,11023,
ahmad,11026,11026,
ahmad,11027,11027,
ahmad,11028,11028,
ahmad,11029,11029,
ahmad,11030,11030,
ahmad,11031,11031,
ahmad,11032,11032,
ahmad,11033,11033,
ahmad,11035,11035,
ahmad,11036,11036,
ahmad,11037,11037,
ahmad,11038,11038,
ahmad,11039,11039,
ahmad,11040,11040,
ahmad,11042,11042,
ahmad,11044,11044,
ahmad,11045,11045,
ahmad,11046,11046,
ahmad,11048,11048,
ahmad,11049,11049,
ahmad,11050,11050,
ahmad,11051,11051,
ahmad,11052,11052,
ahmad,11053,11053,
ahmad,11054,11054,
ahmad,11055,11055,
ahmad,11056,11056,
ahmad,11057,11057,
ahmad,11058,11058,
ahmad,11059,11059,
ahmad,11060,11060,
ahmad,11061,11061,
ahmad,11062,11062,
ahmad,11063,11063,
ahmad,11064,11064,
ahmad,11066,11066,
ahmad,11067,11067,
ahmad,11068,11068,
ahmad,11070,11070,
ahmad,11071,11071,
ahmad,11072,11072,
ahmad,11073,11073,
ahmad,11074,11074,
ahmad,11075,11075,
ahmad,11076,11076,
ahmad,11077,11077,
ahmad,11078,11078,
ahmad,11079,11079,
ahmad,11080,11080,
ahmad,11081,11081,
ahmad,11082,11082,
ahmad,11083,11083,
ahmad,11084,11084,
ahmad,11085,11085,
ahmad,11086,11086,
ahmad,11087,11087,
ahmad,11088,11088,
ahmad,11090,11090,
ahmad,11091,11091,
ahmad,11092,11092,
ahmad,11093,11093,
ahmad,11095,11095,
ahmad,11097,11097,
ahmad,11099,11099,
ahmad,11100,11100,
ahmad,11101,11101,
ahmad,11102,11102,
ahmad,11103,11103,
ahmad,11104,11104,
ahmad,11105,11105,
ahmad,11106,11106,
ahmad,11109,11109,
ahmad,11110,11110,
ahmad,11111,11111,
ahmad,11114,11114,
ahmad,11115,11115,
ahmad,11116,11116,
ahmad,11117,11117,
ahmad,11119,11119,
ahmad,11121,11121,
ahmad,11122,11122,
ahmad,11123,11123,
ahmad,11125,11125,
ahmad,11126,11126,
ahmad,11127,11127,
ahmad,11128,11128,
ahmad,11129,11129,
ahmad,11130,11130,
ahmad,11131,11131,
ahmad,11132,11132,
ahmad,11133,11133,
ahmad,11134,11134,
ahmad,11135,11135,
ahmad,11136,11136,
ahmad,11137,11137,
ahmad,11138,11138,
ahmad,11139,11139,
ahmad,11142,11142,
ahmad,11143,11143,
ahmad,11144,11144,
ahmad,11145,11145,
ahmad,11146,11146,
ahmad,11147,11147,
ahmad,11148,11148,
ahmad,11149,11149,
ahmad,11150,11150,
ahmad,11152,11152,
ahmad,11153,11153,
ahmad,11154,11154,
ahmad,11155,11155,
ahmad,11156,11156,
ahmad,11158,11158,
ahmad,11159,11159,
ahmad,11160,11160,
ahmad,11161,11161,
ahmad,11162,11162,
ahmad,11163,11163,
ahmad,11164,11164,
ahmad,11165,11165,
ahmad,11166,11166,
ahmad,11167,11167,
ahmad,11168,11168,
ahmad,11169,11169,
ahmad,11170,11170,
ahmad,11171,11171,
ahmad,11172,11172,
ahmad,11173,11173,
ahmad,11174,11174,
ahmad,11175,11175,
ahmad,11176,11176,
ahmad,11177,11177,
ahmad,11178,11178,
ahmad,11179,11179,
ahmad,11180,11180,
ahmad,11181,11181,
ahmad,11182,11182,
ahmad,11183,11183,
ahmad,11184,11184,
ahmad,11185,11185,
ahmad,11186,11186,
ahmad,11187,11187,
ahmad,11188,11188,
ahmad,11189,11189,
ahmad,11190,11190,
ahmad,11191,11191,
ahmad,11192,11192,
ahmad,11193,11193,
ahmad,11194,11194,
ahmad,11195,11195,
ahmad,11196,11196,
ahmad,11197,11197,
ahmad,11198,11198,
ahmad,11199,11199,
ahmad,11200,11200,
ahmad,11201,11201,
ahmad,11202,11202,
ahmad,11203,11203,
ahmad,11204,11204,
ahmad,11205,11205,
ahmad,11206,11206,
ahmad,11207,11207,
ahmad,11208,11208,
ahmad,11209,11209,
ahmad,11210,11210,
ahmad,11212,11212,
ahmad,11213,11213,
ahmad,11215,11215,
ahmad,11216,11216,
ahmad,11217,11217,
ahmad,11219,11219,
ahmad,11222,11222,
ahmad,11223,11223,
ahmad,11227,11227,
ahmad,11228,11228,
ahmad,11229,11229,
ahmad,11230,11230,
ahmad,11231,11231,
ahmad,11233,11233,
ahmad,11234,11234,
ahmad,11235,11235,
ahmad,11236,11236,
ahmad,11237,11237,
ahmad,11238,11238,
ahmad,11239,11239,
ahmad,11241,11241,
ahmad,11242,11242,
ahmad,11243,11243,
ahmad,11245,11245,
ahmad,11247,11247,
ahmad,11248,11248,
ahmad,11249,11249,
ahmad,11250,11250,
ahmad,11251,11251,
ahmad,11252,11252,
ahmad,11253,11253,
ahmad,11254,11254,
ahmad,11255,11255,
ahmad,11258,11258,
ahmad,11259,11259,
ahmad,11260,11260,
ahmad,11261,11261,
ahmad,11262,11262,
ahmad,11264,11264,
ahmad,11266,11266,
ahmad,11267,11267,
ahmad,11269,11269,
ahmad,11270,11270,
ahmad,11271,11271,
ahmad,11272,11272,
ahmad,11273,11273,
ahmad,11274,11274,
ahmad,11275,11275,
ahmad,11276,11276,
ahmad,11278,11278,
ahmad,11280,11280,
ahmad,11281,11281,
ahmad,11292,11292,
ahmad,11293,11293,
ahmad,11294,11294,
ahmad,11295,11295,
ahmad,11296,11296,
ahmad,11300,11300,
ahmad,11304,11304,
ahmad,11305,11305,
ahmad,11309,11309,
ahmad,11310,11310,
ahmad,11311,11311,
ahmad,11312,11312,
ahmad,11313,11313,
ahmad,11314,11314,
ahmad,11315,11315,
ahmad,11317,11317,
ahmad,11318,11318,
ahmad,11319,11319,
ahmad,11320,11320,
ahmad,11321,11321,
ahmad,11323,11323,
ahmad,11324,11324,
ahmad,11326,11326,
ahmad,11327,11327,
ahmad,11328,11328,
ahmad,11329,11329,
ahmad,11332,11332,
ahmad,11333,11333,
ahmad,11335,11335,
ahmad,11336,11336,
ahmad,11337,11337,
ahmad,11339,11339,
ahmad,11340,11340,
ahmad,11341,11341,
ahmad,11342,11342,
ahmad,11343,11343,
ahmad,11344,11344,
ahmad,11347,11347,
ahmad,11348,11348,
ahmad,11349,11349,
ahmad,11351,11351,
ahmad,11352,11352,
ahmad,11353,11353,
ahmad,11354,11354,
ahmad,11355,11355,
ahmad,11356,11356,
ahmad,11357,11357,
ahmad,11359,11359,
ahmad,11360,11360,
ahmad,11361,11361,
ahmad,11362,11362,
ahmad,11363,11363,
ahmad,11364,11364,
ahmad,11365,11365,
ahmad,11366,11366,
ahmad,11367,11367,
ahmad,11368,11368,
ahmad,11369,11369,
ahmad,11370,11370,
ahmad,11371,11371,
ahmad,11373,11373,
ahmad,11374,11374,
ahmad,11376,11376,
ahmad,11377,11377,
ahmad,11378,11378,
ahmad,11379,11379,
ahmad,11380,11380,
ahmad,11381,11381,
ahmad,11382,11382,
ahmad,11383,11383,
ahmad,11384,11384,
ahmad,11385,11385,
ahmad,11388,11388,
ahmad,11389,11389,
ahmad,11391,11391,
ahmad,11393,11393,
ahmad,11394,11394,
ahmad,11395,11395,
ahmad,11396,11396,
ahmad,11397,11397,
ahmad,11400,11400,
ahmad,11401,11401,
ahmad,11402,11402,
ahmad,11403,11403,
ahmad,11404,11404,
ahmad,11405,11405,
ahmad,11406,11406,
ahmad,11407,11407,
ahmad,11408,11408,
ahmad,11409,11409,
ahmad,11410,11410,
ahmad,11411,11411,
ahmad,11412,11412,
ahmad,11413,11413,
ahmad,11414,11414,
ahmad,11416,11416,
ahmad,11417,11417,
ahmad,11418,11418,
ahmad,11419,11419,
ahmad,11420,11420,
ahmad,11421,11421,
ahmad,11422,11422,
ahmad,11423,11423,
ahmad,11424,11424,
ahmad,11425,11425,
ahmad,11426,11426,
ahmad,11427,11427,
ahmad,11428,11428,
ahmad,11429,11429,
ahmad,11430,11430,
ahmad,11431,11431,
ahmad,11432,11432,
ahmad,11433,11433,
ahmad,11434,11434,
ahmad,11437,11437,
ahmad,11440,11440,
ahmad,11443,11443,
ahmad,11445,11445,
ahmad,11446,11446,
ahmad,11447,11447,
ahmad,11448,11448,
ahmad,11449,11449,
ahmad,11450,11450,
ahmad,11451,11451,
ahmad,11452,11452,
ahmad,11453,11453,
ahmad,11455,11455,
ahmad,11456,11456,
ahmad,11457,11457,
ahmad,11459,11459,
ahmad,11462,11462,
ahmad,11463,11463,
ahmad,11464,11464,
ahmad,11467,11467,
ahmad,11468,11468,
ahmad,11469,11469,
ahmad,11470,11470,
ahmad,11472,11472,
ahmad,11473,11473,
ahmad,11474,11474,
ahmad,11475,11475,
ahmad,11476,11476,
ahmad,11478,11478,
ahmad,11479,11479,
ahmad,11480,11480,
ahmad,11481,11481,
ahmad,11482,11482,
ahmad,11483,11483,
ahmad,11484,11484,
ahmad,11485,11485,
ahmad,11486,11486,
ahmad,11488,11488,
ahmad,11489,11489,
ahmad,11491,11491,
ahmad,11492,11492,
ahmad,11494,11494,
ahmad,11495,11495,
ahmad,11496,11496,
ahmad,11497,11497,
ahmad,11498,11498,
ahmad,11499,11499,
ahmad,11500,11500,
ahmad,11501,11501,
ahmad,11502,11502,
ahmad,11503,11503,
ahmad,11504,11504,
ahmad,11505,11505,
ahmad,11506,11506,
ahmad,11507,11507,
ahmad,11508,11508,
ahmad,11509,11509,
ahmad,11510,11510,
ahmad,11511,11511,
ahmad,11512,11512,
ahmad,11513,11513,
ahmad,11514,11514,
ahmad,11515,11515,
ahmad,11516,11516,
ahmad,11517,11517,
ahmad,11518,11518,
ahmad,11519,11519,
ahmad,11520,11520,
ahmad,11521,11521,
ahmad,11522,11522,
ahmad,11523,11523,
ahmad,11524,11524,
ahmad,11525,11525,
ahmad,11526,11526,
ahmad,11527,11527,
ahmad,11528,11528,
ahmad,11529,11529,
ahmad,11530,11530,
ahmad,11531,11531,
ahmad,11532,11532,
ahmad,11533,11533,
ahmad,11534,11534,
ahmad,11535,11535,
ahmad,11536,11536,
ahmad,11537,11537,
ahmad,11538,11538,
ahmad,11539,11539,
ahmad,11541,11541,
ahmad,11542,11542,
ahmad,11543,11543,
ahmad,11545,11545,
ahmad,11549,11549,
ahmad,11551,11551,
ahmad,11552,11552,
ahmad,11553,11553,
ahmad,11554,11554,
ahmad,11555,11555,
ahmad,11557,11557,
ahmad,11558,11558,
ahmad,11559,11559,
ahmad,11560,11560,
ahmad,11561,11561,
ahmad,11562,11562,
ahmad,11563,11563,
ahmad,11564,11564,
ahmad,11565,11565,
ahmad,11566,11566,
ahmad,11567,11567,
ahmad,11568,11568,
ahmad,11569,11569,
ahmad,11571,11571,
ahmad,11572,11572,
ahmad,11573,11573,
ahmad,11574,11574,
ahmad,11575,11575,
ahmad,11578,11578,
ahmad,11579,11579,
ahmad,11580,11580,
ahmad,11581,11581,
ahmad,11582,11582,
ahmad,11584,11584,
ahmad,11585,11585,
ahmad,11586,11586,
ahmad,11589,11589,
ahmad,11590,11590,
ahmad,11591,11591,
ahmad,11592,11592,
ahmad,11593,11593,
ahmad,11594,11594,
ahmad,11597,11597,
ahmad,11598,11598,
ahmad,11599,11599,
ahmad,11603,11603,
ahmad,11605,11605,
ahmad,11606,11606,
ahmad,11607,11607,
ahmad,11608,11608,
ahmad,11609,11609,
ahmad,11610,11610,
ahmad,11611,11611,
ahmad,11612,11612,
ahmad,11614,11614,
ahmad,11615,11615,
ahmad,11616,11616,
ahmad,11617,11617,
ahmad,11619,11619,
ahmad,11620,11620,
ahmad,11621,11621,
ahmad,11622,11622,
ahmad,11623,11623,
ahmad,11624,11624,
ahmad,11625,11625,
ahmad,11626,11626,
ahmad,11629,11629,
ahmad,11630,11630,
ahmad,11631,11631,
ahmad,11632,11632,
ahmad,11634,11634,
ahmad,11635,11635,
ahmad,11636,11636,
ahmad,11637,11637,
ahmad,11638,11638,
ahmad,11639,11639,
ahmad,11640,11640,
ahmad,11641,11641,
ahmad,11642,11642,
ahmad,11643,11643,
ahmad,11644,11644,
ahmad,11645,11645,
ahmad,11646,11646,
ahmad,11647,11647,
ahmad,11648,11648,
ahmad,11649,11649,
ahmad,11650,11650,
ahmad,11651,11651,
ahmad,11652,11652,
ahmad,11653,11653,
ahmad,11654,11654,
ahmad,11655,11655,
ahmad,11656,11656,
ahmad,11657,11657,
ahmad,11658,11658,
ahmad,11659,11659,
ahmad,11660,11660,
ahmad,11661,11661,
ahmad,11662,11662,
ahmad,11663,11663,
ahmad,11664,11664,
ahmad,11665,11665,
ahmad,11666,11666,
ahmad,11667,11667,
ahmad,11668,11668,
ahmad,11669,11669,
ahmad,11670,11670,
ahmad,11671,11671,
ahmad,11672,11672,
ahmad,11673,11673,
ahmad,11674,11674,
ahmad,11675,11675,
ahmad,11676,11676,
ahmad,11677,11677,
ahmad,11678,11678,
ahmad,11679,11679,
ahmad,11680,11680,
ahmad,11681,11681,
ahmad,11682,11682,
ahmad,11683,11683,
ahmad,11686,11686,
ahmad,11688,11688,
ahmad,11689,11689,
ahmad,11690,11690,
ahmad,11691,11691,
ahmad,11692,11692,
ahmad,11693,11693,
ahmad,11694,11694,
ahmad,11695,11695,
ahmad,11696,11696,
ahmad,11697,11697,
ahmad,11698,11698,
ahmad,11700,11700,
ahmad,11701,11701,
ahmad,11703,11703,
ahmad,11704,11704,
ahmad,11705,11705,
ahmad,11706,11706,
ahmad,11707,11707,
ahmad,11709,11709,
ahmad,11710,11710,
ahmad,11711,11711,
ahmad,11712,11712,
ahmad,11713,11713,
ahmad,11714,11714,
ahmad,11715,11715,
ahmad,11716,11716,
ahmad,11717,11717,
ahmad,11718,11718,
ahmad,11719,11719,
ahmad,11720,11720,
ahmad,11721,11721,
ahmad,11722,11722,
ahmad,11723,11723,
ahmad,11724,11724,
ahmad,11725,11725,
ahmad,11726,11726,
ahmad,11727,11727,
ahmad,11728,11728,
ahmad,11729,11729,
ahmad,11730,11730,
ahmad,11731,11731,
ahmad,11732,11732,
ahmad,11733,11733,
ahmad,11734,11734,
ahmad,11735,11735,
ahmad,11736,11736,
ahmad,11737,11737,
ahmad,11738,11738,
ahmad,11739,11739,
ahmad,11740,11740,
ahmad,11741,11741,
ahmad,11742,11742,
ahmad,11743,11743,
ahmad,11744,11744,
ahmad,11745,11745,
ahmad,11746,11746,
ahmad,11747,11747,
ahmad,11748,11748,
ahmad,11749,11749,
ahmad,11750,11750,
ahmad,11751,11751,
ahmad,11752,11752,
ahmad,11753,11753,
ahmad,11754,11754,
ahmad,11755,11755,
ahmad,11756,11756,
ahmad,11757,11757,
ahmad,11758,11758,
ahmad,11759,11759,
ahmad,11760,11760,
ahmad,11761,11761,
ahmad,11762,11762,
ahmad,11763,11763,
ahmad,11764,11764,
ahmad,11765,11765,
ahmad,11766,11766,
ahmad,11767,11767,
ahmad,11769,11769,
ahmad,11770,11770,
ahmad,11771,11771,
ahmad,11773,11773,
ahmad,11774,11774,
ahmad,11775,11775,
ahmad,11776,11776,
ahmad,11777,11777,
ahmad,11778,11778,
ahmad,11779,11779,
ahmad,11780,11780,
ahmad,11781,11781,
ahmad,11782,11782,
ahmad,11784,11784,
ahmad,11785,11785,
ahmad,11786,11786,
ahmad,11788,11788,
ahmad,11789,11789,
ahmad,11790,11790,
ahmad,11791,11791,
ahmad,11792,11792,
ahmad,11793,11793,
ahmad,11794,11794,
ahmad,11796,11796,
ahmad,11798,11798,
ahmad,11800,11800,
ahmad,11802,11802,
ahmad,11803,11803,
ahmad,11805,11805,
ahmad,11807,11807,
ahmad,11808,11808,
ahmad,11809,11809,
ahmad,11810,11810,
ahmad,11811,11811,
ahmad,11812,11812,
ahmad,11815,11815,
ahmad,11818,11818,
ahmad,11819,11819,
ahmad,11820,11820,
ahmad,11821,11821,
ahmad,11822,11822,
ahmad,11823,11823,
ahmad,11824,11824,
ahmad,11827,11827,
ahmad,11828,11828,
ahmad,11829,11829,
ahmad,11830,11830,
ahmad,11831,11831,
ahmad,11832,11832,
ahmad,11833,11833,
ahmad,11834,11834,
ahmad,11835,11835,
ahmad,11836,11836,
ahmad,11837,11837,
ahmad,11838,11838,
ahmad,11840,11840,
ahmad,11841,11841,
ahmad,11842,11842,
ahmad,11844,11844,
ahmad,11845,11845,
ahmad,11846,11846,
ahmad,11847,11847,
ahmad,11848,11848,
ahmad,11849,11849,
ahmad,11850,11850,
ahmad,11851,11851,
ahmad,11852,11852,
ahmad,11853,11853,
ahmad,11854,11854,
ahmad,11855,11855,
ahmad,11856,11856,
ahmad,11857,11857,
ahmad,11858,11858,
ahmad,11859,11859,
ahmad,11860,11860,
ahmad,11861,11861,
ahmad,11862,11862,
ahmad,11864,11864,
ahmad,11866,11866,
ahmad,11869,11869,
ahmad,11872,11872,
ahmad,11873,11873,
ahmad,11875,11875,
ahmad,11876,11876,
ahmad,11877,11877,
ahmad,11878,11878,
ahmad,11879,11879,
ahmad,11880,11880,
ahmad,11882,11882,
ahmad,11885,11885,
ahmad,11886,11886,
ahmad,11887,11887,
ahmad,11888,11888,
ahmad,11889,11889,
ahmad,11891,11891,
ahmad,11892,11892,
ahmad,11893,11893,
ahmad,11894,11894,
ahmad,11895,11895,
ahmad,11897,11897,
ahmad,11898,11898,
ahmad,11899,11899,
ahmad,11900,11900,
ahmad,11902,11902,
ahmad,11903,11903,
ahmad,11905,11905,
ahmad,11906,11906,
ahmad,11907,11907,
ahmad,11908,11908,
ahmad,11909,11909,
ahmad,11910,11910,
ahmad,11911,11911,
ahmad,11912,11912,
ahmad,11913,11913,
ahmad,11914,11914,
ahmad,11915,11915,
ahmad,11916,11916,
ahmad,11917,11917,
ahmad,11918,11918,
ahmad,11919,11919,
ahmad,11921,11921,
ahmad,11922,11922,
ahmad,11923,11923,
ahmad,11924,11924,
ahmad,11925,11925,
ahmad,11926,11926,
ahmad,11927,11927,
ahmad,11929,11929,
ahmad,11930,11930,
ahmad,11931,11931,
ahmad,11932,11932,
ahmad,11933,11933,
ahmad,11934,11934,
ahmad,11935,11935,
ahmad,11936,11936,
ahmad,11938,11938,
ahmad,11939,11939,
ahmad,11940,11940,
ahmad,11941,11941,
ahmad,11942,11942,
ahmad,11943,11943,
ahmad,11945,11945,
ahmad,11946,11946,
ahmad,11949,11949,
ahmad,11952,11952,
ahmad,11953,11953,
ahmad,11954,11954,
ahmad,11955,11955,
ahmad,11956,11956,
ahmad,11958,11958,
ahmad,11960,11960,
ahmad,11961,11961,
ahmad,11963,11963,
ahmad,11965,11965,
ahmad,11966,11966,
ahmad,11967,11967,
ahmad,11968,11968,
ahmad,11969,11969,
ahmad,11970,11970,
ahmad,11971,11971,
ahmad,11972,11972,
ahmad,11973,11973,
ahmad,11974,11974,
ahmad,11975,11975,
ahmad,11978,11978,
ahmad,11979,11979,
ahmad,11980,11980,
ahmad,11981,11981,
ahmad,11983,11983,
ahmad,11984,11984,
ahmad,11985,11985,
ahmad,11986,11986,
ahmad,11987,11987,
ahmad,11988,11988,
ahmad,11989,11989,
ahmad,11990,11990,
ahmad,11991,11991,
ahmad,11992,11992,
ahmad,11994,11994,
ahmad,11995,11995,
ahmad,11996,11996,
ahmad,11997,11997,
ahmad,11998,11998,
ahmad,11999,11999,
ahmad,12000,12000,
ahmad,12001,12001,
ahmad,12002,12002,
ahmad,12003,12003,
ahmad,12004,12004,
ahmad,12005,12005,
ahmad,12006,12006,
ahmad,12007,12007,
ahmad,12008,12008,
ahmad,12009,12009,
ahmad,12010,12010,
ahmad,12011,12011,
ahmad,12012,12012,
ahmad,12014,12014,
ahmad,12016,12016,
ahmad,12017,12017,
ahmad,12018,12018,
ahmad,12019,12019,
ahmad,12020,12020,
ahmad,12021,12021,
ahmad,12022,12022,
ahmad,12023,12023,
ahmad,12025,12025,
ahmad,12028,12028,
ahmad,12029,12029,
ahmad,12030,12030,
ahmad,12031,12031,
ahmad,12033,12033,
ahmad,12034,12034,
ahmad,12035,12035,
ahmad,12036,12036,
ahmad,12038,12038,
ahmad,12039,12039,
ahmad,12041,12041,
ahmad,12042,12042,
ahmad,12043,12043,
ahmad,12044,12044,
ahmad,12045,12045,
ahmad,12046,12046,
ahmad,12047,12047,
ahmad,12048,12048,
ahmad,12049,12049,
ahmad,12050,12050,
ahmad,12051,12051,
ahmad,12052,12052,
ahmad,12053,12053,
ahmad,12054,12054,
ahmad,12055,12055,
ahmad,12056,12056,
ahmad,12057,12057,
ahmad,12058,12058,
ahmad,12059,12059,
ahmad,12060,12060,
ahmad,12061,12061,
ahmad,12062,12062,
ahmad,12063,12063,
ahmad,12064,12064,
ahmad,12065,12065,
ahmad,12066,12066,
ahmad,12068,12068,
ahmad,12069,12069,
ahmad,12070,12070,
ahmad,12071,12071,
ahmad,12072,12072,
ahmad,12074,12074,
ahmad,12075,12075,
ahmad,12076,12076,
ahmad,12077,12077,
ahmad,12078,12078,
ahmad,12079,12079,
ahmad,12080,12080,
ahmad,12082,12082,
ahmad,12083,12083,
ahmad,12084,12084,
ahmad,12085,12085,
ahmad,12086,12086,
ahmad,12087,12087,
ahmad,12088,12088,
ahmad,12089,12089,
ahmad,12090,12090,
ahmad,12091,12091,
ahmad,12092,12092,
ahmad,12093,12093,
ahmad,12095,12095,
ahmad,12096,12096,
ahmad,12102,12102,
ahmad,12103,12103,
ahmad,12106,12106,
ahmad,12107,12107,
ahmad,12108,12108,
ahmad,12109,12109,
ahmad,12110,12110,
ahmad,12111,12111,
ahmad,12112,12112,
ahmad,12113,12113,
ahmad,12114,12114,
ahmad,12115,12115,
ahmad,12116,12116,
ahmad,12118,12118,
ahmad,12119,12119,
ahmad,12120,12120,
ahmad,12123,12123,
ahmad,12124,12124,
ahmad,12125,12125,
ahmad,12126,12126,
ahmad,12127,12127,
ahmad,12128,12128,
ahmad,12129,12129,
ahmad,12130,12130,
ahmad,12131,12131,
ahmad,12132,12132,
ahmad,12133,12133,
ahmad,12134,12134,
ahmad,12135,12135,
ahmad,12136,12136,
ahmad,12138,12138,
ahmad,12139,12139,
ahmad,12140,12140,
ahmad,12141,12141,
ahmad,12142,12142,
ahmad,12143,12143,
ahmad,12144,12144,
ahmad,12145,12145,
ahmad,12147,12147,
ahmad,12148,12148,
ahmad,12149,12149,
ahmad,12150,12150,
ahmad,12151,12151,
ahmad,12152,12152,
ahmad,12153,12153,
ahmad,12154,12154,
ahmad,12155,12155,
ahmad,12156,12156,
ahmad,12157,12157,
ahmad,12159,12159,
ahmad,12160,12160,
ahmad,12161,12161,
ahmad,12162,12162,
ahmad,12163,12163,
ahmad,12165,12165,
ahmad,12166,12166,
ahmad,12168,12168,
ahmad,12169,12169,
ahmad,12171,12171,
ahmad,12172,12172,
ahmad,12173,12173,
ahmad,12174,12174,
ahmad,12175,12175,
ahmad,12176,12176,
ahmad,12177,12177,
ahmad,12178,12178,
ahmad,12179,12179,
ahmad,12181,12181,
ahmad,12188,12188,
ahmad,12189,12189,
ahmad,12190,12190,
ahmad,12192,12192,
ahmad,12193,12193,
ahmad,12194,12194,
ahmad,12195,12195,
ahmad,12196,12196,
ahmad,12198,12198,
ahmad,12199,12199,
ahmad,12200,12200,
ahmad,12201,12201,
ahmad,12202,12202,
ahmad,12204,12204,
ahmad,12205,12205,
ahmad,12207,12207,
ahmad,12208,12208,
ahmad,12209,12209,
ahmad,12210,12210,
ahmad,12212,12212,
ahmad,12214,12214,
ahmad,12215,12215,
ahmad,12216,12216,
ahmad,12217,12217,
ahmad,12219,12219,
ahmad,12220,12220,
ahmad,12221,12221,
ahmad,12222,12222,
ahmad,12223,12223,
ahmad,12224,12224,
ahmad,12225,12225,
ahmad,12226,12226,
ahmad,12227,12227,
ahmad,12229,12229,
ahmad,12230,12230,
ahmad,12231,12231,
ahmad,12232,12232,
ahmad,12233,12233,
ahmad,12234,12234,
ahmad,12235,12235,
ahmad,12236,12236,
ahmad,12237,12237,
ahmad,12239,12239,
ahmad,12240,12240,
ahmad,12241,12241,
ahmad,12242,12242,
ahmad,12243,12243,
ahmad,12244,12244,
ahmad,12245,12245,
ahmad,12246,12246,
ahmad,12247,12247,
ahmad,12248,12248,
ahmad,12249,12249,
ahmad,12250,12250,
ahmad,12251,12251,
ahmad,12252,12252,
ahmad,12253,12253,
ahmad,12254,12254,
ahmad,12255,12255,
ahmad,12256,12256,
ahmad,12257,12257,
ahmad,12258,12258,
ahmad,12261,12261,
ahmad,12262,12262,
ahmad,12263,12263,
ahmad,12264,12264,
ahmad,12265,12265,
ahmad,12266,12266,
ahmad,12267,12267,
ahmad,12268,12268,
ahmad,12270,12270,
ahmad,12271,12271,
ahmad,12272,12272,
ahmad,12273,12273,
ahmad,12276,12276,
ahmad,12277,12277,
ahmad,12282,12282,
ahmad,12284,12284,
ahmad,12287,12287,
ahmad,12289,12289,
ahmad,12290,12290,
ahmad,12292,12292,
ahmad,12293,12293,
ahmad,12296,12296,
ahmad,12297,12297,
ahmad,12300,12300,
ahmad,12302,12302,
ahmad,12303,12303,
ahmad,12308,12308,
ahmad,12310,12310,
ahmad,12311,12311,
ahmad,12312,12312,
ahmad,12313,12313,
ahmad,12314,12314,
ahmad,12316,12316,
ahmad,12317,12317,
ahmad,12318,12318,
ahmad,12320,12320,
ahmad,12321,12321,
ahmad,12322,12322,
ahmad,12323,12323,
ahmad,12325,12325,
ahmad,12326,12326,
ahmad,12327,12327,
ahmad,12328,12328,
ahmad,12329,12329,
ahmad,12330,12330,
ahmad,12331,12331,
ahmad,12332,12332,
ahmad,12333,12333,
ahmad,12334,12334,
ahmad,12335,12335,
ahmad,12337,12337,
ahmad,12341,12341,
ahmad,12342,12342,
ahmad,12343,12343,
ahmad,12351,12351,
ahmad,12352,12352,
ahmad,12353,12353,
ahmad,12354,12354,
ahmad,12357,12357,
ahmad,12358,12358,
ahmad,12359,12359,
ahmad,12361,12361,
ahmad,12362,12362,
ahmad,12363,12363,
ahmad,12364,12364,
ahmad,12365,12365,
ahmad,12366,12366,
ahmad,12367,12367,
ahmad,12368,12368,
ahmad,12369,12369,
ahmad,12370,12370,
ahmad,12371,12371,
ahmad,12372,12372,
ahmad,12373,12373,
ahmad,12374,12374,
ahmad,12376,12376,
ahmad,12377,12377,
ahmad,12378,12378,
ahmad,12379,12379,
ahmad,12381,12381,
ahmad,12382,12382,
ahmad,12383,12383,
ahmad,12384,12384,
ahmad,12385,12385,
ahmad,12386,12386,
ahmad,12387,12387,
ahmad,12388,12388,
ahmad,12389,12389,
ahmad,12390,12390,
ahmad,12391,12391,
ahmad,12392,12392,
ahmad,12393,12393,
ahmad,12394,12394,
ahmad,12395,12395,
ahmad,12396,12396,
ahmad,12397,12397,
ahmad,12400,12400,
ahmad,12401,12401,
ahmad,12402,12402,
ahmad,12404,12404,
ahmad,12405,12405,
ahmad,12406,12406,
ahmad,12407,12407,
ahmad,12408,12408,
ahmad,12409,12409,
ahmad,12410,12410,
ahmad,12411,12411,
ahmad,12412,12412,
ahmad,12413,12413,
ahmad,12414,12414,
ahmad,12415,12415,
ahmad,12416,12416,
ahmad,12417,12417,
ahmad,12418,12418,
ahmad,12419,12419,
ahmad,12420,12420,
ahmad,12421,12421,
ahmad,12422,12422,
ahmad,12423,12423,
ahmad,12424,12424,
ahmad,12425,12425,
ahmad,12426,12426,
ahmad,12427,12427,
ahmad,12428,12428,
ahmad,12429,12429,
ahmad,12430,12430,
ahmad,12431,12431,
ahmad,12432,12432,
ahmad,12433,12433,
ahmad,12434,12434,
ahmad,12435,12435,
ahmad,12436,12436,
ahmad,12438,12438,
ahmad,12439,12439,
ahmad,12440,12440,
ahmad,12441,12441,
ahmad,12442,12442,
ahmad,12443,12443,
ahmad,12444,12444,
ahmad,12445,12445,
ahmad,12446,12446,
ahmad,12447,12447,
ahmad,12448,12448,
ahmad,12449,12449,
ahmad,12450,12450,
ahmad,12451,12451,
ahmad,12452,12452,
ahmad,12453,12453,
ahmad,12454,12454,
ahmad,12455,12455,
ahmad,12456,12456,
ahmad,12457,12457,
ahmad,12458,12458,
ahmad,12459,12459,
ahmad,12460,12460,
ahmad,12461,12461,
ahmad,12462,12462,
ahmad,12463,12463,
ahmad,12464,12464,
ahmad,12466,12466,
ahmad,12467,12467,
ahmad,12468,12468,
ahmad,12469,12469,
ahmad,12470,12470,
ahmad,12472,12472,
ahmad,12473,12473,
ahmad,12474,12474,
ahmad,12475,12475,
ahmad,12476,12476,
ahmad,12477,12477,
ahmad,12478,12478,
ahmad,12479,12479,
ahmad,12480,12480,
ahmad,12481,12481,
ahmad,12483,12483,
ahmad,12484,12484,
ahmad,12485,12485,
ahmad,12486,12486,
ahmad,12487,12487,
ahmad,12488,12488,
ahmad,12489,12489,
ahmad,12490,12490,
ahmad,12491,12491,
ahmad,12492,12492,
ahmad,12493,12493,
ahmad,12494,12494,
ahmad,12495,12495,
ahmad,12496,12496,
ahmad,12497,12497,
ahmad,12498,12498,
ahmad,12499,12499,
ahmad,12500,12500,
ahmad,12501,12501,
ahmad,12502,12502,
ahmad,12503,12503,
ahmad,12504,12504,
ahmad,12505,12505,
ahmad,12506,12506,
ahmad,12507,12507,
ahmad,12508,12508,
ahmad,12509,12509,
ahmad,12510,12510,
ahmad,12511,12511,
ahmad,12512,12512,
ahmad,12513,12513,
ahmad,12515,12515,
ahmad,12516,12516,
ahmad,12517,12517,
ahmad,12518,12518,
ahmad,12519,12519,
ahmad,12521,12521,
ahmad,12522,12522,
ahmad,12524,12524,
ahmad,12525,12525,
ahmad,12526,12526,
ahmad,12527,12527,
ahmad,12528,12528,
ahmad,12529,12529,
ahmad,12530,12530,
ahmad,12531,12531,
ahmad,12532,12532,
ahmad,12533,12533,
ahmad,12534,12534,
ahmad,12535,12535,
ahmad,12536,12536,
ahmad,12537,12537,
ahmad,12538,12538,
ahmad,12539,12539,
ahmad,12540,12540,
ahmad,12541,12541,
ahmad,12542,12542,
ahmad,12543,12543,
ahmad,12544,12544,
ahmad,12546,12546,
ahmad,12547,12547,
ahmad,12548,12548,
ahmad,12549,12549,
ahmad,12551,12551,
ahmad,12552,12552,
ahmad,12553,12553,
ahmad,12554,12554,
ahmad,12555,12555,
ahmad,12556,12556,
ahmad,12557,12557,
ahmad,12558,12558,
ahmad,12559,12559,
ahmad,12560,12560,
ahmad,12561,12561,
ahmad,12562,12562,
ahmad,12563,12563,
ahmad,12564,12564,
ahmad,12565,12565,
ahmad,12566,12566,
ahmad,12567,12567,
ahmad,12568,12568,
ahmad,12569,12569,
ahmad,12570,12570,
ahmad,12571,12571,
ahmad,12572,12572,
ahmad,12574,12574,
ahmad,12576,12576,
ahmad,12577,12577,
ahmad,12578,12578,
ahmad,12579,12579,
ahmad,12580,12580,
ahmad,12581,12581,
ahmad,12582,12582,
ahmad,12583,12583,
ahmad,12584,12584,
ahmad,12585,12585,
ahmad,12586,12586,
ahmad,12587,12587,
ahmad,12588,12588,
ahmad,12589,12589,
ahmad,12590,12590,
ahmad,12591,12591,
ahmad,12592,12592,
ahmad,12593,12593,
ahmad,12594,12594,
ahmad,12595,12595,
ahmad,12596,12596,
ahmad,12597,12597,
ahmad,12598,12598,
ahmad,12599,12599,
ahmad,12600,12600,
ahmad,12601,12601,
ahmad,12602,12602,
ahmad,12603,12603,
ahmad,12604,12604,
ahmad,12605,12605,
ahmad,12606,12606,
ahmad,12608,12608,
ahmad,12609,12609,
ahmad,12610,12610,
ahmad,12611,12611,
ahmad,12612,12612,
ahmad,12613,12613,
ahmad,12614,12614,
ahmad,12615,12615,
ahmad,12616,12616,
ahmad,12617,12617,
ahmad,12618,12618,
ahmad,12619,12619,
ahmad,12620,12620,
ahmad,12621,12621,
ahmad,12622,12622,
ahmad,12623,12623,
ahmad,12624,12624,
ahmad,12625,12625,
ahmad,12626,12626,
ahmad,12627,12627,
ahmad,12628,12628,
ahmad,12629,12629,
ahmad,12630,12630,
ahmad,12631,12631,
ahmad,12632,12632,
ahmad,12633,12633,
ahmad,12634,12634,
ahmad,12635,12635,
ahmad,12636,12636,
ahmad,12637,12637,
ahmad,12639,12639,
ahmad,12640,12640,
ahmad,12641,12641,
ahmad,12642,12642,
ahmad,12643,12643,
ahmad,12644,12644,
ahmad,12645,12645,
ahmad,12646,12646,
ahmad,12647,12647,
ahmad,12648,12648,
ahmad,12649,12649,
ahmad,12650,12650,
ahmad,12651,12651,
ahmad,12652,12652,
ahmad,12653,12653,
ahmad,12654,12654,
ahmad,12655,12655,
ahmad,12656,12656,
ahmad,12657,12657,
ahmad,12658,12658,
ahmad,12661,12661,
ahmad,12662,12662,
ahmad,12663,12663,
ahmad,12664,12664,
ahmad,12665,12665,
ahmad,12668,12668,
ahmad,12669,12669,
ahmad,12671,12671,
ahmad,12672,12672,
ahmad,12673,12673,
ahmad,12674,12674,
ahmad,12675,12675,
ahmad,12677,12677,
ahmad,12678,12678,
ahmad,12680,12680,
ahmad,12681,12681,
ahmad,12682,12682,
ahmad,12683,12683,
ahmad,12684,12684,
ahmad,12685,12685,
ahmad,12686,12686,
ahmad,12687,12687,
ahmad,12688,12688,
ahmad,12689,12689,
ahmad,12690,12690,
ahmad,12691,12691,
ahmad,12692,12692,
ahmad,12694,12694,
ahmad,12695,12695,
ahmad,12696,12696,
ahmad,12697,12697,
ahmad,12698,12698,
ahmad,12699,12699,
ahmad,12701,12701,
ahmad,12702,12702,
ahmad,12703,12703,
ahmad,12704,12704,
ahmad,12705,12705,
ahmad,12706,12706,
ahmad,12707,12707,
ahmad,12708,12708,
ahmad,12709,12709,
ahmad,12710,12710,
ahmad,12711,12711,
ahmad,12712,12712,
ahmad,12713,12713,
ahmad,12714,12714,
ahmad,12715,12715,
ahmad,12716,12716,
ahmad,12717,12717,
ahmad,12718,12718,
ahmad,12719,12719,
ahmad,12720,12720,
ahmad,12721,12721,
ahmad,12722,12722,
ahmad,12723,12723,
ahmad,12724,12724,
ahmad,12725,12725,
ahmad,12726,12726,
ahmad,12727,12727,
ahmad,12728,12728,
ahmad,12729,12729,
ahmad,12730,12730,
ahmad,12731,12731,
ahmad,12732,12732,
ahmad,12733,12733,
ahmad,12734,12734,
ahmad,12735,12735,
ahmad,12736,12736,
ahmad,12737,12737,
ahmad,12738,12738,
ahmad,12740,12740,
ahmad,12742,12742,
ahmad,12743,12743,
ahmad,12744,12744,
ahmad,12745,12745,
ahmad,12746,12746,
ahmad,12747,12747,
ahmad,12748,12748,
ahmad,12749,12749,
ahmad,12751,12751,
ahmad,12752,12752,
ahmad,12753,12753,
ahmad,12755,12755,
ahmad,12756,12756,
ahmad,12757,12757,
ahmad,12758,12758,
ahmad,12759,12759,
ahmad,12760,12760,
ahmad,12761,12761,
ahmad,12762,12762,
ahmad,12763,12763,
ahmad,12764,12764,
ahmad,12765,12765,
ahmad,12766,12766,
ahmad,12767,12767,
ahmad,12768,12768,
ahmad,12769,12769,
ahmad,12770,12770,
ahmad,12771,12771,
ahmad,12772,12772,
ahmad,12773,12773,
ahmad,12775,12775,
ahmad,12776,12776,
ahmad,12777,12777,
ahmad,12778,12778,
ahmad,12779,12779,
ahmad,12780,12780,
ahmad,12782,12782,
ahmad,12783,12783,
ahmad,12784,12784,
ahmad,12785,12785,
ahmad,12786,12786,
ahmad,12787,12787,
ahmad,12788,12788,
ahmad,12789,12789,
ahmad,12790,12790,
ahmad,12791,12791,
ahmad,12792,12792,
ahmad,12793,12793,
ahmad,12794,12794,
ahmad,12795,12795,
ahmad,12796,12796,
ahmad,12797,12797,
ahmad,12798,12798,
ahmad,12799,12799,
ahmad,12800,12800,
ahmad,12801,12801,
ahmad,12802,12802,
ahmad,12803,12803,
ahmad,12804,12804,
ahmad,12805,12805,
ahmad,12806,12806,
ahmad,12807,12807,
ahmad,12808,12808,
ahmad,12810,12810,
ahmad,12811,12811,
ahmad,12812,12812,
ahmad,12813,12813,
ahmad,12814,12814,
ahmad,12815,12815,
ahmad,12816,12816,
ahmad,12817,12817,
ahmad,12818,12818,
ahmad,12819,12819,
ahmad,12820,12820,
ahmad,12821,12821,
ahmad,12822,12822,
ahmad,12823,12823,
ahmad,12824,12824,
ahmad,12826,12826,
ahmad,12827,12827,
ahmad,12828,12828,
ahmad,12829,12829,
ahmad,12830,12830,
ahmad,12831,12831,
ahmad,12833,12833,
ahmad,12834,12834,
ahmad,12835,12835,
ahmad,12836,12836,
ahmad,12837,12837,
ahmad,12838,12838,
ahmad,12839,12839,
ahmad,12842,12842,
ahmad,12843,12843,
ahmad,12844,12844,
ahmad,12845,12845,
ahmad,12847,12847,
ahmad,12848,12848,
ahmad,12849,12849,
ahmad,12850,12850,
ahmad,12851,12851,
ahmad,12852,12852,
ahmad,12853,12853,
ahmad,12854,12854,
ahmad,12855,12855,
ahmad,12857,12857,
ahmad,12858,12858,
ahmad,12859,12859,
ahmad,12860,12860,
ahmad,12861,12861,
ahmad,12862,12862,
ahmad,12863,12863,
ahmad,12864,12864,
ahmad,12865,12865,
ahmad,12866,12866,
ahmad,12867,12867,
ahmad,12868,12868,
ahmad,12869,12869,
ahmad,12870,12870,
ahmad,12871,12871,
ahmad,12872,12872,
ahmad,12873,12873,
ahmad,12875,12875,
ahmad,12876,12876,
ahmad,12877,12877,
ahmad,12878,12878,
ahmad,12879,12879,
ahmad,12880,12880,
ahmad,12881,12881,
ahmad,12882,12882,
ahmad,12883,12883,
ahmad,12884,12884,
ahmad,12885,12885,
ahmad,12886,12886,
ahmad,12888,12888,
ahmad,12889,12889,
ahmad,12891,12891,
ahmad,12892,12892,
ahmad,12893,12893,
ahmad,12895,12895,
ahmad,12896,12896,
ahmad,12899,12899,
ahmad,12900,12900,
ahmad,12901,12901,
ahmad,12903,12903,
ahmad,12904,12904,
ahmad,12905,12905,
ahmad,12906,12906,
ahmad,12910,12910,
ahmad,12911,12911,
ahmad,12912,12912,
ahmad,12913,12913,
ahmad,12916,12916,
ahmad,12917,12917,
ahmad,12918,12918,
ahmad,12920,12920,
ahmad,12921,12921,
ahmad,12922,12922,
ahmad,12923,12923,
ahmad,12924,12924,
ahmad,12926,12926,
ahmad,12927,12927,
ahmad,12929,12929,
ahmad,12931,12931,
ahmad,12932,12932,
ahmad,12933,12933,
ahmad,12934,12934,
ahmad,12935,12935,
ahmad,12936,12936,
ahmad,12937,12937,
ahmad,12938,12938,
ahmad,12939,12939,
ahmad,12940,12940,
ahmad,12941,12941,
ahmad,12942,12942,
ahmad,12943,12943,
ahmad,12944,12944,
ahmad,12945,12945,
ahmad,12946,12946,
ahmad,12947,12947,
ahmad,12948,12948,
ahmad,12949,12949,
ahmad,12950,12950,
ahmad,12951,12951,
ahmad,12952,12952,
ahmad,12953,12953,
ahmad,12954,12954,
ahmad,12955,12955,
ahmad,12956,12956,
ahmad,12959,12959,
ahmad,12960,12960,
ahmad,12961,12961,
ahmad,12962,12962,
ahmad,12963,12963,
ahmad,12965,12965,
ahmad,12966,12966,
ahmad,12969,12969,
ahmad,12970,12970,
ahmad,12971,12971,
ahmad,12973,12973,
ahmad,12974,12974,
ahmad,12976,12976,
ahmad,12977,12977,
ahmad,12978,12978,
ahmad,12979,12979,
ahmad,12980,12980,
ahmad,12982,12982,
ahmad,12983,12983,
ahmad,12984,12984,
ahmad,12986,12986,
ahmad,12987,12987,
ahmad,12988,12988,
ahmad,12989,12989,
ahmad,12991,12991,
ahmad,12992,12992,
ahmad,12993,12993,
ahmad,12994,12994,
ahmad,12995,12995,
ahmad,12998,12998,
ahmad,12999,12999,
ahmad,13000,13000,
ahmad,13001,13001,
ahmad,13003,13003,
ahmad,13004,13004,
ahmad,13005,13005,
ahmad,13006,13006,
ahmad,13007,13007,
ahmad,13008,13008,
ahmad,13009,13009,
ahmad,13010,13010,
ahmad,13011,13011,
ahmad,13013,13013,
ahmad,13014,13014,
ahmad,13015,13015,
ahmad,13017,13017,
ahmad,13018,13018,
ahmad,13019,13019,
ahmad,13020,13020,
ahmad,13023,13023,
ahmad,13025,13025,
ahmad,13026,13026,
ahmad,13027,13027,
ahmad,13028,13028,
ahmad,13029,13029,
ahmad,13030,13030,
ahmad,13031,13031,
ahmad,13032,13032,
ahmad,13033,13033,
ahmad,13034,13034,
ahmad,13036,13036,
ahmad,13037,13037,
ahmad,13038,13038,
ahmad,13039,13039,
ahmad,13041,13041,
ahmad,13042,13042,
ahmad,13043,13043,
ahmad,13044,13044,
ahmad,13045,13045,
ahmad,13046,13046,
ahmad,13047,13047,
ahmad,13048,13048,
ahmad,13049,13049,
ahmad,13050,13050,
ahmad,13051,13051,
ahmad,13052,13052,
ahmad,13053,13053,
ahmad,13054,13054,
ahmad,13055,13055,
ahmad,13056,13056,
ahmad,13057,13057,
ahmad,13058,13058,
ahmad,13060,13060,
ahmad,13063,13063,
ahmad,13064,13064,
ahmad,13065,13065,
ahmad,13066,13066,
ahmad,13067,13067,
ahmad,13068,13068,
ahmad,13069,13069,
ahmad,13070,13070,
ahmad,13071,13071,
ahmad,13072,13072,
ahmad,13074,13074,
ahmad,13078,13078,
ahmad,13080,13080,
ahmad,13081,13081,
ahmad,13086,13086,
ahmad,13087,13087,
ahmad,13088,13088,
ahmad,13090,13090,
ahmad,13092,13092,
ahmad,13093,13093,
ahmad,13095,13095,
ahmad,13096,13096,
ahmad,13097,13097,
ahmad,13098,13098,
ahmad,13099,13099,
ahmad,13100,13100,
ahmad,13101,13101,
ahmad,13102,13102,
ahmad,13103,13103,
ahmad,13105,13105,
ahmad,13106,13106,
ahmad,13107,13107,
ahmad,13108,13108,
ahmad,13109,13109,
ahmad,13112,13112,
ahmad,13113,13113,
ahmad,13114,13114,
ahmad,13115,13115,
ahmad,13116,13116,
ahmad,13117,13117,
ahmad,13119,13119,
ahmad,13120,13120,
ahmad,13122,13122,
ahmad,13123,13123,
ahmad,13124,13124,
ahmad,13126,13126,
ahmad,13128,13128,
ahmad,13129,13129,
ahmad,13130,13130,
ahmad,13131,13131,
ahmad,13132,13132,
ahmad,13133,13133,
ahmad,13134,13134,
ahmad,13135,13135,
ahmad,13137,13137,
ahmad,13138,13138,
ahmad,13139,13139,
ahmad,13140,13140,
ahmad,13141,13141,
ahmad,13143,13143,
ahmad,13145,13145,
ahmad,13146,13146,
ahmad,13147,13147,
ahmad,13148,13148,
ahmad,13149,13149,
ahmad,13150,13150,
ahmad,13151,13151,
ahmad,13152,13152,
ahmad,13153,13153,
ahmad,13156,13156,
ahmad,13157,13157,
ahmad,13158,13158,
ahmad,13161,13161,
ahmad,13164,13164,
ahmad,13165,13165,
ahmad,13169,13169,
ahmad,13170,13170,
ahmad,13171,13171,
ahmad,13172,13172,
ahmad,13173,13173,
ahmad,13174,13174,
ahmad,13175,13175,
ahmad,13176,13176,
ahmad,13177,13177,
ahmad,13178,13178,
ahmad,13179,13179,
ahmad,13180,13180,
ahmad,13181,13181,
ahmad,13182,13182,
ahmad,13183,13183,
ahmad,13184,13184,
ahmad,13185,13185,
ahmad,13188,13188,
ahmad,13189,13189,
ahmad,13190,13190,
ahmad,13191,13191,
ahmad,13192,13192,
ahmad,13193,13193,
ahmad,13194,13194,
ahmad,13195,13195,
ahmad,13197,13197,
ahmad,13198,13198,
ahmad,13199,13199,
ahmad,13201,13201,
ahmad,13202,13202,
ahmad,13203,13203,
ahmad,13205,13205,
ahmad,13206,13206,
ahmad,13207,13207,
ahmad,13208,13208,
ahmad,13209,13209,
ahmad,13210,13210,
ahmad,13211,13211,
ahmad,13212,13212,
ahmad,13213,13213,
ahmad,13214,13214,
ahmad,13215,13215,
ahmad,13216,13216,
ahmad,13217,13217,
ahmad,13219,13219,
ahmad,13220,13220,
ahmad,13221,13221,
ahmad,13222,13222,
ahmad,13223,13223,
ahmad,13224,13224,
ahmad,13225,13225,
ahmad,13226,13226,
ahmad,13227,13227,
ahmad,13228,13228,
ahmad,13229,13229,
ahmad,13230,13230,
ahmad,13233,13233,
ahmad,13234,13234,
ahmad,13235,13235,
ahmad,13236,13236,
ahmad,13237,13237,
ahmad,13238,13238,
ahmad,13239,13239,
ahmad,13240,13240,
ahmad,13241,13241,
ahmad,13242,13242,
ahmad,13243,13243,
ahmad,13245,13245,
ahmad,13246,13246,
ahmad,13247,13247,
ahmad,13249,13249,
ahmad,13250,13250,
ahmad,13251,13251,
ahmad,13252,13252,
ahmad,13253,13253,
ahmad,13254,13254,
ahmad,13255,13255,
ahmad,13256,13256,
ahmad,13258,13258,
ahmad,13259,13259,
ahmad,13260,13260,
ahmad,13261,13261,
ahmad,13262,13262,
ahmad,13263,13263,
ahmad,13264,13264,
ahmad,13265,13265,
ahmad,13266,13266,
ahmad,13267,13267,
ahmad,13268,13268,
ahmad,13270,13270,
ahmad,13271,13271,
ahmad,13272,13272,
ahmad,13273,13273,
ahmad,13274,13274,
ahmad,13275,13275,
ahmad,13277,13277,
ahmad,13278,13278,
ahmad,13279,13279,
ahmad,13280,13280,
ahmad,13281,13281,
ahmad,13282,13282,
ahmad,13283,13283,
ahmad,13284,13284,
ahmad,13285,13285,
ahmad,13286,13286,
ahmad,13287,13287,
ahmad,13288,13288,
ahmad,13289,13289,
ahmad,13290,13290,
ahmad,13291,13291,
ahmad,13292,13292,
ahmad,13293,13293,
ahmad,13294,13294,
ahmad,13295,13295,
ahmad,13296,13296,
ahmad,13298,13298,
ahmad,13300,13300,
ahmad,13301,13301,
ahmad,13302,13302,
ahmad,13303,13303,
ahmad,13304,13304,
ahmad,13305,13305,
ahmad,13306,13306,
ahmad,13307,13307,
ahmad,13308,13308,
ahmad,13309,13309,
ahmad,13310,13310,
ahmad,13311,13311,
ahmad,13312,13312,
ahmad,13313,13313,
ahmad,13314,13314,
ahmad,13315,13315,
ahmad,13316,13316,
ahmad,13317,13317,
ahmad,13319,13319,
ahmad,13320,13320,
ahmad,13321,13321,
ahmad,13322,13322,
ahmad,13323,13323,
ahmad,13325,13325,
ahmad,13326,13326,
ahmad,13328,13328,
ahmad,13329,13329,
ahmad,13331,13331,
ahmad,13332,13332,
ahmad,13333,13333,
ahmad,13334,13334,
ahmad,13336,13336,
ahmad,13337,13337,
ahmad,13340,13340,
ahmad,13341,13341,
ahmad,13342,13342,
ahmad,13343,13343,
ahmad,13344,13344,
ahmad,13345,13345,
ahmad,13346,13346,
ahmad,13350,13350,
ahmad,13352,13352,
ahmad,13353,13353,
ahmad,13354,13354,
ahmad,13355,13355,
ahmad,13356,13356,
ahmad,13357,13357,
ahmad,13358,13358,
ahmad,13359,13359,
ahmad,13361,13361,
ahmad,13362,13362,
ahmad,13363,13363,
ahmad,13364,13364,
ahmad,13365,13365,
ahmad,13366,13366,
ahmad,13367,13367,
ahmad,13371,13371,
ahmad,13372,13372,
ahmad,13376,13376,
ahmad,13378,13378,
ahmad,13381,13381,
ahmad,13382,13382,
ahmad,13383,13383,
ahmad,13385,13385,
ahmad,13387,13387,
ahmad,13391,13391,
ahmad,13393,13393,
ahmad,13394,13394,
ahmad,13395,13395,
ahmad,13396,13396,
ahmad,13398,13398,
ahmad,13400,13400,
ahmad,13401,13401,
ahmad,13406,13406,
ahmad,13410,13410,
ahmad,13412,13412,
ahmad,13414,13414,
ahmad,13418,13418,
ahmad,13419,13419,
ahmad,13420,13420,
ahmad,13423,13423,
ahmad,13424,13424,
ahmad,13425,13425,
ahmad,13426,13426,
ahmad,13427,13427,
ahmad,13428,13428,
ahmad,13429,13429,
ahmad,13430,13430,
ahmad,13431,13431,
ahmad,13432,13432,
ahmad,13433,13433,
ahmad,13434,13434,
ahmad,13435,13435,
ahmad,13436,13436,
ahmad,13437,13437,
ahmad,13438,13438,
ahmad,13439,13439,
ahmad,13440,13440,
ahmad,13441,13441,
ahmad,13442,13442,
ahmad,13443,13443,
ahmad,13444,13444,
ahmad,13445,13445,
ahmad,13446,13446,
ahmad,13449,13449,
ahmad,13450,13450,
ahmad,13451,13451,
ahmad,13452,13452,
ahmad,13453,13453,
ahmad,13454,13454,
ahmad,13455,13455,
ahmad,13456,13456,
ahmad,13458,13458,
ahmad,13459,13459,
ahmad,13460,13460,
ahmad,13461,13461,
ahmad,13462,13462,
ahmad,13463,13463,
ahmad,13464,13464,
ahmad,13465,13465,
ahmad,13466,13466,
ahmad,13467,13467,
ahmad,13468,13468,
ahmad,13469,13469,
ahmad,13470,13470,
ahmad,13471,13471,
ahmad,13472,13472,
ahmad,13473,13473,
ahmad,13474,13474,
ahmad,13475,13475,
ahmad,13476,13476,
ahmad,13477,13477,
ahmad,13478,13478,
ahmad,13479,13479,
ahmad,13480,13480,
ahmad,13487,13487,
ahmad,13488,13488,
ahmad,13489,13489,
ahmad,13490,13490,
ahmad,13491,13491,
ahmad,13492,13492,
ahmad,13493,13493,
ahmad,13494,13494,
ahmad,13496,13496,
ahmad,13498,13498,
ahmad,13499,13499,
ahmad,13501,13501,
ahmad,13502,13502,
ahmad,13503,13503,
ahmad,13504,13504,
ahmad,13505,13505,
ahmad,13506,13506,
ahmad,13507,13507,
ahmad,13508,13508,
ahmad,13509,13509,
ahmad,13510,13510,
ahmad,13511,13511,
ahmad,13512,13512,
ahmad,13513,13513,
ahmad,13514,13514,
ahmad,13515,13515,
ahmad,13516,13516,
ahmad,13518,13518,
ahmad,13519,13519,
ahmad,13520,13520,
ahmad,13521,13521,
ahmad,13522,13522,
ahmad,13526,13526,
ahmad,13527,13527,
ahmad,13528,13528,
ahmad,13529,13529,
ahmad,13530,13530,
ahmad,13531,13531,
ahmad,13534,13534,
ahmad,13535,13535,
ahmad,13536,13536,
ahmad,13537,13537,
ahmad,13538,13538,
ahmad,13539,13539,
ahmad,13540,13540,
ahmad,13541,13541,
ahmad,13544,13544,
ahmad,13545,13545,
ahmad,13546,13546,
ahmad,13547,13547,
ahmad,13548,13548,
ahmad,13549,13549,
ahmad,13550,13550,
ahmad,13552,13552,
ahmad,13554,13554,
ahmad,13556,13556,
ahmad,13557,13557,
ahmad,13559,13559,
ahmad,13560,13560,
ahmad,13561,13561,
ahmad,13562,13562,
ahmad,13563,13563,
ahmad,13565,13565,
ahmad,13568,13568,
ahmad,13569,13569,
ahmad,13570,13570,
ahmad,13571,13571,
ahmad,13572,13572,
ahmad,13573,13573,
ahmad,13574,13574,
ahmad,13575,13575,
ahmad,13576,13576,
ahmad,13577,13577,
ahmad,13578,13578,
ahmad,13579,13579,
ahmad,13580,13580,
ahmad,13581,13581,
ahmad,13582,13582,
ahmad,13584,13584,
ahmad,13585,13585,
ahmad,13586,13586,
ahmad,13587,13587,
ahmad,13588,13588,
ahmad,13589,13589,
ahmad,13590,13590,
ahmad,13591,13591,
ahmad,13592,13592,
ahmad,13597,13597,
ahmad,13598,13598,
ahmad,13599,13599,
ahmad,13600,13600,
ahmad,13601,13601,
ahmad,13602,13602,
ahmad,13603,13603,
ahmad,13604,13604,
ahmad,13605,13605,
ahmad,13606,13606,
ahmad,13607,13607,
ahmad,13608,13608,
ahmad,13609,13609,
ahmad,13610,13610,
ahmad,13611,13611,
ahmad,13613,13613,
ahmad,13614,13614,
ahmad,13615,13615,
ahmad,13618,13618,
ahmad,13619,13619,
ahmad,13620,13620,
ahmad,13621,13621,
ahmad,13623,13623,
ahmad,13624,13624,
ahmad,13629,13629,
ahmad,13630,13630,
ahmad,13634,13634,
ahmad,13637,13637,
ahmad,13638,13638,
ahmad,13642,13642,
ahmad,13646,13646,
ahmad,13649,13649,
ahmad,13651,13651,
ahmad,13655,13655,
ahmad,13656,13656,
ahmad,13657,13657,
ahmad,13658,13658,
ahmad,13659,13659,
ahmad,13660,13660,
ahmad,13661,13661,
ahmad,13662,13662,
ahmad,13663,13663,
ahmad,13664,13664,
ahmad,13668,13668,
ahmad,13669,13669,
ahmad,13673,13673,
ahmad,13674,13674,
ahmad,13676,13676,
ahmad,13677,13677,
ahmad,13679,13679,
ahmad,13680,13680,
ahmad,13681,13681,
ahmad,13682,13682,
ahmad,13683,13683,
ahmad,13684,13684,
ahmad,13685,13685,
ahmad,13686,13686,
ahmad,13687,13687,
ahmad,13688,13688,
ahmad,13689,13689,
ahmad,13691,13691,
ahmad,13693,13693,
ahmad,13694,13694,
ahmad,13696,13696,
ahmad,13697,13697,
ahmad,13698,13698,
ahmad,13700,13700,
ahmad,13701,13701,
ahmad,13702,13702,
ahmad,13703,13703,
ahmad,13704,13704,
ahmad,13705,13705,
ahmad,13706,13706,
ahmad,13707,13707,
ahmad,13708,13708,
ahmad,13709,13709,
ahmad,13710,13710,
ahmad,13711,13711,
ahmad,13712,13712,
ahmad,13713,13713,
ahmad,13714,13714,
ahmad,13715,13715,
ahmad,13716,13716,
ahmad,13717,13717,
ahmad,13718,13718,
ahmad,13720,13720,
ahmad,13721,13721,
ahmad,13722,13722,
ahmad,13723,13723,
ahmad,13724,13724,
ahmad,13725,13725,
ahmad,13726,13726,
ahmad,13727,13727,
ahmad,13728,13728,
ahmad,13729,13729,
ahmad,13730,13730,
ahmad,13731,13731,
ahmad,13732,13732,
ahmad,13733,13733,
ahmad,13734,13734,
ahmad,13736,13736,
ahmad,13737,13737,
ahmad,13738,13738,
ahmad,13739,13739,
ahmad,13740,13740,
ahmad,13741,13741,
ahmad,13742,13742,
ahmad,13743,13743,
ahmad,13744,13744,
ahmad,13745,13745,
ahmad,13746,13746,
ahmad,13747,13747,
ahmad,13748,13748,
ahmad,13749,13749,
ahmad,13751,13751,
ahmad,13752,13752,
ahmad,13753,13753,
ahmad,13754,13754,
ahmad,13755,13755,
ahmad,13756,13756,
ahmad,13758,13758,
ahmad,13759,13759,
ahmad,13760,13760,
ahmad,13761,13761,
ahmad,13762,13762,
ahmad,13764,13764,
ahmad,13765,13765,
ahmad,13766,13766,
ahmad,13767,13767,
ahmad,13768,13768,
ahmad,13769,13769,
ahmad,13770,13770,
ahmad,13771,13771,
ahmad,13772,13772,
ahmad,13773,13773,
ahmad,13774,13774,
ahmad,13775,13775,
ahmad,13776,13776,
ahmad,13777,13777,
ahmad,13778,13778,
ahmad,13779,13779,
ahmad,13780,13780,
ahmad,13781,13781,
ahmad,13782,13782,
ahmad,13784,13784,
ahmad,13785,13785,
ahmad,13786,13786,
ahmad,13787,13787,
ahmad,13788,13788,
ahmad,13789,13789,
ahmad,13790,13790,
ahmad,13791,13791,
ahmad,13792,13792,
ahmad,13793,13793,
ahmad,13794,13794,
ahmad,13795,13795,
ahmad,13796,13796,
ahmad,13797,13797,
ahmad,13798,13798,
ahmad,13799,13799,
ahmad,13800,13800,
ahmad,13801,13801,
ahmad,13802,13802,
ahmad,13803,13803,
ahmad,13804,13804,
ahmad,13805,13805,
ahmad,13806,13806,
ahmad,13809,13809,
ahmad,13810,13810,
ahmad,13811,13811,
ahmad,13812,13812,
ahmad,13814,13814,
ahmad,13815,13815,
ahmad,13818,13818,
ahmad,13819,13819,
ahmad,13820,13820,
ahmad,13822,13822,
ahmad,13824,13824,
ahmad,13827,13827,
ahmad,13830,13830,
ahmad,13832,13832,
ahmad,13834,13834,
ahmad,13835,13835,
ahmad,13836,13836,
ahmad,13837,13837,
ahmad,13838,13838,
ahmad,13839,13839,
ahmad,13841,13841,
ahmad,13842,13842,
ahmad,13843,13843,
ahmad,13844,13844,
ahmad,13847,13847,
ahmad,13848,13848,
ahmad,13849,13849,
ahmad,13850,13850,
ahmad,13851,13851,
ahmad,13852,13852,
ahmad,13854,13854,
ahmad,13855,13855,
ahmad,13856,13856,
ahmad,13857,13857,
ahmad,13862,13862,
ahmad,13865,13865,
ahmad,13866,13866,
ahmad,13867,13867,
ahmad,13869,13869,
ahmad,13875,13875,
ahmad,13877,13877,
ahmad,13879,13879,
ahmad,13882,13882,
ahmad,13883,13883,
ahmad,13886,13886,
ahmad,13887,13887,
ahmad,13889,13889,
ahmad,13890,13890,
ahmad,13891,13891,
ahmad,13892,13892,
ahmad,13893,13893,
ahmad,13895,13895,
ahmad,13896,13896,
ahmad,13897,13897,
ahmad,13900,13900,
ahmad,13901,13901,
ahmad,13904,13904,
ahmad,13905,13905,
ahmad,13906,13906,
ahmad,13907,13907,
ahmad,13908,13908,
ahmad,13909,13909,
ahmad,13910,13910,
ahmad,13911,13911,
ahmad,13912,13912,
ahmad,13913,13913,
ahmad,13914,13914,
ahmad,13915,13915,
ahmad,13916,13916,
ahmad,13917,13917,
ahmad,13918,13918,
ahmad,13919,13919,
ahmad,13921,13921,
ahmad,13923,13923,
ahmad,13925,13925,
ahmad,13927,13927,
ahmad,13930,13930,
ahmad,13931,13931,
ahmad,13932,13932,
ahmad,13933,13933,
ahmad,13934,13934,
ahmad,13935,13935,
ahmad,13936,13936,
ahmad,13937,13937,
ahmad,13938,13938,
ahmad,13939,13939,
ahmad,13941,13941,
ahmad,13943,13943,
ahmad,13946,13946,
ahmad,13948,13948,
ahmad,13950,13950,
ahmad,13951,13951,
ahmad,13952,13952,
ahmad,13954,13954,
ahmad,13955,13955,
ahmad,13956,13956,
ahmad,13957,13957,
ahmad,13959,13959,
ahmad,13962,13962,
ahmad,13963,13963,
ahmad,13964,13964,
ahmad,13965,13965,
ahmad,13966,13966,
ahmad,13967,13967,
ahmad,13968,13968,
ahmad,13969,13969,
ahmad,13970,13970,
ahmad,13971,13971,
ahmad,13972,13972,
ahmad,13974,13974,
ahmad,13975,13975,
ahmad,13976,13976,
ahmad,13977,13977,
ahmad,13978,13978,
ahmad,13979,13979,
ahmad,13980,13980,
ahmad,13981,13981,
ahmad,13982,13982,
ahmad,13983,13983,
ahmad,13984,13984,
ahmad,13986,13986,
ahmad,13987,13987,
ahmad,13989,13989,
ahmad,13990,13990,
ahmad,13991,13991,
ahmad,13992,13992,
ahmad,13993,13993,
ahmad,13994,13994,
ahmad,13995,13995,
ahmad,13996,13996,
ahmad,13999,13999,
ahmad,14007,14007,
ahmad,14008,14008,
ahmad,14009,14009,
ahmad,14010,14010,
ahmad,14011,14011,
ahmad,14012,14012,
ahmad,14013,14013,
ahmad,14014,14014,
ahmad,14015,14015,
ahmad,14017,14017,
ahmad,14018,14018,
ahmad,14020,14020,
ahmad,14021,14021,
ahmad,14022,14022,
ahmad,14023,14023,
ahmad,14024,14024,
ahmad,14025,14025,
ahmad,14029,14029,
ahmad,14030,14030,
ahmad,14031,14031,
ahmad,14032,14032,
ahmad,14033,14033,
ahmad,14034,14034,
ahmad,14035,14035,
ahmad,14036,14036,
ahmad,14037,14037,
ahmad,14038,14038,
ahmad,14039,14039,
ahmad,14040,14040,
ahmad,14041,14041,
ahmad,14044,14044,
ahmad,14047,14047,
ahmad,14049,14049,
ahmad,14050,14050,
ahmad,14051,14051,
ahmad,14052,14052,
ahmad,14054,14054,
ahmad,14055,14055,
ahmad,14056,14056,
ahmad,14058,14058,
ahmad,14062,14062,
ahmad,14063,14063,
ahmad,14064,14064,
ahmad,14066,14066,
ahmad,14067,14067,
ahmad,14068,14068,
ahmad,14069,14069,
ahmad,14071,14071,
ahmad,14072,14072,
ahmad,14073,14073,
ahmad,14091,14091,
ahmad,14100,14100,
ahmad,14101,14101,
ahmad,14102,14102,
ahmad,14103,14103,
ahmad,14104,14104,
ahmad,14105,14105,
ahmad,14106,14106,
ahmad,14107,14107,
ahmad,14108,14108,
ahmad,14109,14109,
ahmad,14110,14110,
ahmad,14111,14111,
ahmad,14113,14113,
ahmad,14114,14114,
ahmad,14115,14115,
ahmad,14116,14116,
ahmad,14117,14117,
ahmad,14118,14118,
ahmad,14120,14120,
ahmad,14122,14122,
ahmad,14123,14123,
ahmad,14124,14124,
ahmad,14125,14125,
ahmad,14126,14126,
ahmad,14131,14131,
ahmad,14132,14132,
ahmad,14134,14134,
ahmad,14135,14135,
ahmad,14136,14136,
ahmad,14138,14138,
ahmad,14139,14139,
ahmad,14140,14140,
ahmad,14147,14147,
ahmad,14152,14152,
ahmad,14165,14165,
ahmad,14166,14166,
ahmad,14167,14167,
ahmad,14168,14168,
ahmad,14169,14169,
ahmad,14170,14170,
ahmad,14171,14171,
ahmad,14173,14173,
ahmad,14174,14174,
ahmad,14175,14175,
ahmad,14177,14177,
ahmad,14178,14178,
ahmad,14179,14179,
ahmad,14180,14180,
ahmad,14181,14181,
ahmad,14182,14182,
ahmad,14183,14183,
ahmad,14184,14184,
ahmad,14185,14185,
ahmad,14186,14186,
ahmad,14188,14188,
ahmad,14195,14195,
ahmad,14206,14206,
ahmad,14209,14209,
ahmad,14210,14210,
ahmad,14212,14212,
ahmad,14216,14216,
ahmad,14217,14217,
ahmad,14222,14222,
ahmad,14223,14223,
ahmad,14224,14224,
ahmad,14227,14227,
ahmad,14228,14228,
ahmad,14229,14229,
ahmad,14230,14230,
ahmad,14232,14232,
ahmad,14234,14234,
ahmad,14236,14236,
ahmad,14238,14238,
ahmad,14239,14239,
ahmad,14241,14241,
ahmad,14242,14242,
ahmad,14243,14243,
ahmad,14245,14245,
ahmad,14255,14255,
ahmad,14256,14256,
ahmad,14257,14257,
ahmad,14258,14258,
ahmad,14259,14259,
ahmad,14260,14260,
ahmad,14261,14261,
ahmad,14262,14262,
ahmad,14263,14263,
ahmad,14265,14265,
ahmad,14266,14266,
ahmad,14267,14267,
ahmad,14268,14268,
ahmad,14269,14269,
ahmad,14270,14270,
ahmad,14271,14271,
ahmad,14272,14272,
ahmad,14275,14275,
ahmad,14276,14276,
ahmad,14277,14277,
ahmad,14278,14278,
ahmad,14279,14279,
ahmad,14281,14281,
ahmad,14283,14283,
ahmad,14286,14286,
ahmad,14287,14287,
ahmad,14288,14288,
ahmad,14289,14289,
ahmad,14290,14290,
ahmad,14292,14292,
ahmad,14294,14294,
ahmad,14295,14295,
ahmad,14296,14296,
ahmad,14297,14297,
ahmad,14298,14298,
ahmad,14299,14299,
ahmad,14300,14300,
ahmad,14301,14301,
ahmad,14303,14303,
ahmad,14304,14304,
ahmad,14305,14305,
ahmad,14309,14309,
ahmad,14310,14310,
ahmad,14311,14311,
ahmad,14312,14312,
ahmad,14313,14313,
ahmad,14314,14314,
ahmad,14315,14315,
ahmad,14316,14316,
ahmad,14317,14317,
ahmad,14318,14318,
ahmad,14319,14319,
ahmad,14320,14320,
ahmad,14321,14321,
ahmad,14323,14323,
ahmad,14324,14324,
ahmad,14325,14325,
ahmad,14326,14326,
ahmad,14327,14327,
ahmad,14328,14328,
ahmad,14329,14329,
ahmad,14330,14330,
ahmad,14331,14331,
ahmad,14332,14332,
ahmad,14334,14334,
ahmad,14335,14335,
ahmad,14336,14336,
ahmad,14340,14340,
ahmad,14341,14341,
ahmad,14342,14342,
ahmad,14343,14343,
ahmad,14346,14346,
ahmad,14347,14347,
ahmad,14348,14348,
ahmad,14349,14349,
ahmad,14350,14350,
ahmad,14351,14351,
ahmad,14352,14352,
ahmad,14354,14354,
ahmad,14355,14355,
ahmad,14356,14356,
ahmad,14357,14357,
ahmad,14358,14358,
ahmad,14361,14361,
ahmad,14362,14362,
ahmad,14363,14363,
ahmad,14364,14364,
ahmad,14365,14365,
ahmad,14366,14366,
ahmad,14369,14369,
ahmad,14370,14370,
ahmad,14372,14372,
ahmad,14375,14375,
ahmad,14376,14376,
ahmad,14379,14379,
ahmad,14380,14380,
ahmad,14382,14382,
ahmad,14383,14383,
ahmad,14384,14384,
ahmad,14385,14385,
ahmad,14386,14386,
ahmad,14387,14387,
ahmad,14388,14388,
ahmad,14389,14389,
ahmad,14390,14390,
ahmad,14391,14391,
ahmad,14392,14392,
ahmad,14393,14393,
ahmad,14394,14394,
ahmad,14396,14396,
ahmad,14397,14397,
ahmad,14398,14398,
ahmad,14399,14399,
ahmad,14400,14400,
ahmad,14401,14401,
ahmad,14402,14402,
ahmad,14403,14403,
ahmad,14404,14404,
ahmad,14405,14405,
ahmad,14406,14406,
ahmad,14407,14407,
ahmad,14408,14408,
ahmad,14409,14409,
ahmad,14412,14412,
ahmad,14413,14413,
ahmad,14414,14414,
ahmad,14415,14415,
ahmad,14416,14416,
ahmad,14417,14417,
ahmad,14418,14418,
ahmad,14419,14419,
ahmad,14420,14420,
ahmad,14421,14421,
ahmad,14428,14428,
ahmad,14429,14429,
ahmad,14433,14433,
ahmad,14434,14434,
ahmad,14439,14439,
ahmad,14440,14440,
ahmad,14441,14441,
ahmad,14443,14443,
ahmad,14444,14444,
ahmad,14445,14445,
ahmad,14446,14446,
ahmad,14447,14447,
ahmad,14448,14448,
ahmad,14449,14449,
ahmad,14450,14450,
ahmad,14451,14451,
ahmad,14452,14452,
ahmad,14453,14453,
ahmad,14454,14454,
ahmad,14455,14455,
ahmad,14456,14456,
ahmad,14457,14457,
ahmad,14458,14458,
ahmad,14459,14459,
ahmad,14460,14460,
ahmad,14461,14461,
ahmad,14462,14462,
ahmad,14464,14464,
ahmad,14465,14465,
ahmad,14466,14466,
ahmad,14467,14467,
ahmad,14468,14468,
ahmad,14469,14469,
ahmad,14470,14470,
ahmad,14471,14471,
ahmad,14473,14473,
ahmad,14474,14474,
ahmad,14475,14475,
ahmad,14476,14476,
ahmad,14477,14477,
ahmad,14478,14478,
ahmad,14479,14479,
ahmad,14480,14480,
ahmad,14481,14481,
ahmad,14483,14483,
ahmad,14486,14486,
ahmad,14487,14487,
ahmad,14488,14488,
ahmad,14490,14490,
ahmad,14492,14492,
ahmad,14493,14493,
ahmad,14495,14495,
ahmad,14496,14496,
ahmad,14497,14497,
ahmad,14498,14498,
ahmad,14499,14499,
ahmad,14500,14500,
ahmad,14501,14501,
ahmad,14502,14502,
ahmad,14503,14503,
ahmad,14504,14504,
ahmad,14505,14505,
ahmad,14506,14506,
ahmad,14507,14507,
ahmad,14508,14508,
ahmad,14510,14510,
ahmad,14512,14512,
ahmad,14513,14513,
ahmad,14514,14514,
ahmad,14515,14515,
ahmad,14516,14516,
ahmad,14518,14518,
ahmad,14519,14519,
ahmad,14520,14520,
ahmad,14521,14521,
ahmad,14522,14522,
ahmad,14523,14523,
ahmad,14524,14524,
ahmad,14525,14525,
ahmad,14526,14526,
ahmad,14527,14527,
ahmad,14528,14528,
ahmad,14529,14529,
ahmad,14530,14530,
ahmad,14531,14531,
ahmad,14532,14532,
ahmad,14533,14533,
ahmad,14534,14534,
ahmad,14536,14536,
ahmad,14538,14538,
ahmad,14539,14539,
ahmad,14540,14540,
ahmad,14541,14541,
ahmad,14542,14542,
ahmad,14543,14543,
ahmad,14544,14544,
ahmad,14545,14545,
ahmad,14546,14546,
ahmad,14547,14547,
ahmad,14548,14548,
ahmad,14549,14549,
ahmad,14550,14550,
ahmad,14551,14551,
ahmad,14552,14552,
ahmad,14554,14554,
ahmad,14555,14555,
ahmad,14556,14556,
ahmad,14557,14557,
ahmad,14558,14558,
ahmad,14559,14559,
ahmad,14560,14560,
ahmad,14561,14561,
ahmad,14562,14562,
ahmad,14563,14563,
ahmad,14564,14564,
ahmad,14565,14565,
ahmad,14566,14566,
ahmad,14567,14567,
ahmad,14569,14569,
ahmad,14573,14573,
ahmad,14583,14583,
ahmad,14587,14587,
ahmad,14588,14588,
ahmad,14590,14590,
ahmad,14591,14591,
ahmad,14592,14592,
ahmad,14593,14593,
ahmad,14595,14595,
ahmad,14596,14596,
ahmad,14597,14597,
ahmad,14598,14598,
ahmad,14599,14599,
ahmad,14603,14603,
ahmad,14604,14604,
ahmad,14606,14606,
ahmad,14607,14607,
ahmad,14608,14608,
ahmad,14610,14610,
ahmad,14611,14611,
ahmad,14612,14612,
ahmad,14613,14613,
ahmad,14614,14614,
ahmad,14616,14616,
ahmad,14622,14622,
ahmad,14623,14623,
ahmad,14624,14624,
ahmad,14625,14625,
ahmad,14626,14626,
ahmad,14628,14628,
ahmad,14629,14629,
ahmad,14630,14630,
ahmad,14631,14631,
ahmad,14632,14632,
ahmad,14633,14633,
ahmad,14634,14634,
ahmad,14635,14635,
ahmad,14636,14636,
ahmad,14638,14638,
ahmad,14639,14639,
ahmad,14640,14640,
ahmad,14643,14643,
ahmad,14646,14646,
ahmad,14647,14647,
ahmad,14648,14648,
ahmad,14649,14649,
ahmad,14650,14650,
ahmad,14651,14651,
ahmad,14652,14652,
ahmad,14653,14653,
ahmad,14654,14654,
ahmad,14655,14655,
ahmad,14656,14656,
ahmad,14657,14657,
ahmad,14658,14658,
ahmad,14659,14659,
ahmad,14660,14660,
ahmad,14661,14661,
ahmad,14662,14662,
ahmad,14663,14663,
ahmad,14664,14664,
ahmad,14668,14668,
ahmad,14669,14669,
ahmad,14671,14671,
ahmad,14672,14672,
ahmad,14673,14673,
ahmad,14674,14674,
ahmad,14675,14675,
ahmad,14676,14676,
ahmad,14677,14677,
ahmad,14679,14679,
ahmad,14680,14680,
ahmad,14681,14681,
ahmad,14682,14682,
ahmad,14684,14684,
ahmad,14686,14686,
ahmad,14687,14687,
ahmad,14689,14689,
ahmad,14690,14690,
ahmad,14691,14691,
ahmad,14692,14692,
ahmad,14693,14693,
ahmad,14694,14694,
ahmad,14695,14695,
ahmad,14696,14696,
ahmad,14697,14697,
ahmad,14698,14698,
ahmad,14700,14700,
ahmad,14704,14704,
ahmad,14705,14705,
ahmad,14706,14706,
ahmad,14707,14707,
ahmad,14708,14708,
ahmad,14710,14710,
ahmad,14711,14711,
ahmad,14713,14713,
ahmad,14714,14714,
ahmad,14716,14716,
ahmad,14717,14717,
ahmad,14719,14719,
ahmad,14720,14720,
ahmad,14721,14721,
ahmad,14724,14724,
ahmad,14725,14725,
ahmad,14726,14726,
ahmad,14727,14727,
ahmad,14728,14728,
ahmad,14729,14729,
ahmad,14730,14730,
ahmad,14731,14731,
ahmad,14734,14734,
ahmad,14735,14735,
ahmad,14736,14736,
ahmad,14737,14737,
ahmad,14738,14738,
ahmad,14739,14739,
ahmad,14742,14742,
ahmad,14743,14743,
ahmad,14744,14744,
ahmad,14745,14745,
ahmad,14747,14747,
ahmad,14748,14748,
ahmad,14749,14749,
ahmad,14750,14750,
ahmad,14751,14751,
ahmad,14752,14752,
ahmad,14753,14753,
ahmad,14754,14754,
ahmad,14755,14755,
ahmad,14756,14756,
ahmad,14757,14757,
ahmad,14758,14758,
ahmad,14759,14759,
ahmad,14760,14760,
ahmad,14762,14762,
ahmad,14764,14764,
ahmad,14765,14765,
ahmad,14766,14766,
ahmad,14767,14767,
ahmad,14771,14771,
ahmad,14772,14772,
ahmad,14773,14773,
ahmad,14774,14774,
ahmad,14775,14775,
ahmad,14776,14776,
ahmad,14777,14777,
ahmad,14778,14778,
ahmad,14780,14780,
ahmad,14781,14781,
ahmad,14782,14782,
ahmad,14783,14783,
ahmad,14784,14784,
ahmad,14786,14786,
ahmad,14787,14787,
ahmad,14788,14788,
ahmad,14789,14789,
ahmad,14790,14790,
ahmad,14791,14791,
ahmad,14792,14792,
ahmad,14794,14794,
ahmad,14795,14795,
ahmad,14796,14796,
ahmad,14797,14797,
ahmad,14799,14799,
ahmad,14800,14800,
ahmad,14802,14802,
ahmad,14803,14803,
ahmad,14804,14804,
ahmad,14805,14805,
ahmad,14807,14807,
ahmad,14808,14808,
ahmad,14809,14809,
ahmad,14810,14810,
ahmad,14811,14811,
ahmad,14813,14813,
ahmad,14814,14814,
ahmad,14815,14815,
ahmad,14816,14816,
ahmad,14817,14817,
ahmad,14818,14818,
ahmad,14819,14819,
ahmad,14820,14820,
ahmad,14821,14821,
ahmad,14822,14822,
ahmad,14823,14823,
ahmad,14825,14825,
ahmad,14826,14826,
ahmad,14827,14827,
ahmad,14828,14828,
ahmad,14829,14829,
ahmad,14830,14830,
ahmad,14831,14831,
ahmad,14832,14832,
ahmad,14833,14833,
ahmad,14834,14834,
ahmad,14835,14835,
ahmad,14836,14836,
ahmad,14837,14837,
ahmad,14838,14838,
ahmad,14839,14839,
ahmad,14841,14841,
ahmad,14842,14842,
ahmad,14843,14843,
ahmad,14844,14844,
ahmad,14845,14845,
ahmad,14846,14846,
ahmad,14847,14847,
ahmad,14848,14848,
ahmad,14849,14849,
ahmad,14850,14850,
ahmad,14851,14851,
ahmad,14852,14852,
ahmad,14853,14853,
ahmad,14854,14854,
ahmad,14855,14855,
ahmad,14856,14856,
ahmad,14857,14857,
ahmad,14858,14858,
ahmad,14859,14859,
ahmad,14861,14861,
ahmad,14863,14863,
ahmad,14864,14864,
ahmad,14865,14865,
ahmad,14866,14866,
ahmad,14867,14867,
ahmad,14868,14868,
ahmad,14869,14869,
ahmad,14870,14870,
ahmad,14873,14873,
ahmad,14875,14875,
ahmad,14876,14876,
ahmad,14877,14877,
ahmad,14878,14878,
ahmad,14879,14879,
ahmad,14880,14880,
ahmad,14881,14881,
ahmad,14882,14882,
ahmad,14883,14883,
ahmad,14884,14884,
ahmad,14885,14885,
ahmad,14886,14886,
ahmad,14887,14887,
ahmad,14888,14888,
ahmad,14890,14890,
ahmad,14892,14892,
ahmad,14893,14893,
ahmad,14894,14894,
ahmad,14895,14895,
ahmad,14896,14896,
ahmad,14897,14897,
ahmad,14898,14898,
ahmad,14899,14899,
ahmad,14900,14900,
ahmad,14901,14901,
ahmad,14902,14902,
ahmad,14903,14903,
ahmad,14904,14904,
ahmad,14905,14905,
ahmad,14907,14907,
ahmad,14908,14908,
ahmad,14909,14909,
ahmad,14910,14910,
ahmad,14911,14911,
ahmad,14913,14913,
ahmad,14914,14914,
ahmad,14916,14916,
ahmad,14917,14917,
ahmad,14919,14919,
ahmad,14920,14920,
ahmad,14923,14923,
ahmad,14925,14925,
ahmad,14926,14926,
ahmad,14927,14927,
ahmad,14928,14928,
ahmad,14930,14930,
ahmad,14931,14931,
ahmad,14932,14932,
ahmad,14933,14933,
ahmad,14934,14934,
ahmad,14935,14935,
ahmad,14936,14936,
ahmad,14937,14937,
ahmad,14938,14938,
ahmad,14939,14939,
ahmad,14940,14940,
ahmad,14941,14941,
ahmad,14942,14942,
ahmad,14943,14943,
ahmad,14945,14945,
ahmad,14949,14949,
ahmad,14951,14951,
ahmad,14952,14952,
ahmad,14953,14953,
ahmad,14954,14954,
ahmad,14955,14955,
ahmad,14956,14956,
ahmad,14957,14957,
ahmad,14959,14959,
ahmad,14960,14960,
ahmad,14961,14961,
ahmad,14962,14962,
ahmad,14964,14964,
ahmad,14966,14966,
ahmad,14967,14967,
ahmad,14968,14968,
ahmad,14969,14969,
ahmad,14970,14970,
ahmad,14971,14971,
ahmad,14972,14972,
ahmad,14973,14973,
ahmad,14974,14974,
ahmad,14975,14975,
ahmad,14976,14976,
ahmad,14977,14977,
ahmad,14978,14978,
ahmad,14980,14980,
ahmad,14981,14981,
ahmad,14982,14982,
ahmad,14983,14983,
ahmad,14984,14984,
ahmad,14985,14985,
ahmad,14986,14986,
ahmad,14987,14987,
ahmad,14988,14988,
ahmad,14989,14989,
ahmad,14990,14990,
ahmad,14991,14991,
ahmad,14992,14992,
ahmad,14995,14995,
ahmad,14996,14996,
ahmad,14997,14997,
ahmad,14998,14998,
ahmad,14999,14999,
ahmad,15000,15000,
ahmad,15001,15001,
ahmad,15002,15002,
ahmad,15003,15003,
ahmad,15005,15005,
ahmad,15006,15006,
ahmad,15008,15008,
ahmad,15009,15009,
ahmad,15010,15010,
ahmad,15011,15011,
ahmad,15012,15012,
ahmad,15013,15013,
ahmad,15014,15014,
ahmad,15015,15015,
ahmad,15016,15016,
ahmad,15017,15017,
ahmad,15018,15018,
ahmad,15019,15019,
ahmad,15020,15020,
ahmad,15021,15021,
ahmad,15022,15022,
ahmad,15023,15023,
ahmad,15024,15024,
ahmad,15025,15025,
ahmad,15026,15026,
ahmad,15027,15027,
ahmad,15028,15028,
ahmad,15034,15034,
ahmad,15035,15035,
ahmad,15036,15036,
ahmad,15037,15037,
ahmad,15039,15039,
ahmad,15042,15042,
ahmad,15044,15044,
ahmad,15046,15046,
ahmad,15047,15047,
ahmad,15048,15048,
ahmad,15049,15049,
ahmad,15050,15050,
ahmad,15051,15051,
ahmad,15052,15052,
ahmad,15056,15056,
ahmad,15058,15058,
ahmad,15059,15059,
ahmad,15060,15060,
ahmad,15065,15065,
ahmad,15068,15068,
ahmad,15071,15071,
ahmad,15074,15074,
ahmad,15077,15077,
ahmad,15079,15079,
ahmad,15082,15082,
ahmad,15083,15083,
ahmad,15084,15084,
ahmad,15085,15085,
ahmad,15086,15086,
ahmad,15087,15087,
ahmad,15088,15088,
ahmad,15091,15091,
ahmad,15093,15093,
ahmad,15094,15094,
ahmad,15095,15095,
ahmad,15097,15097,
ahmad,15099,15099,
ahmad,15100,15100,
ahmad,15101,15101,
ahmad,15102,15102,
ahmad,15103,15103,
ahmad,15105,15105,
ahmad,15108,15108,
ahmad,15109,15109,
ahmad,15110,15110,
ahmad,15111,15111,
ahmad,15112,15112,
ahmad,15113,15113,
ahmad,15114,15114,
ahmad,15115,15115,
ahmad,15118,15118,
ahmad,15119,15119,
ahmad,15120,15120,
ahmad,15121,15121,
ahmad,15122,15122,
ahmad,15124,15124,
ahmad,15126,15126,
ahmad,15130,15130,
ahmad,15131,15131,
ahmad,15132,15132,
ahmad,15133,15133,
ahmad,15134,15134,
ahmad,15135,15135,
ahmad,15136,15136,
ahmad,15138,15138,
ahmad,15139,15139,
ahmad,15140,15140,
ahmad,15141,15141,
ahmad,15142,15142,
ahmad,15144,15144,
ahmad,15145,15145,
ahmad,15146,15146,
ahmad,15147,15147,
ahmad,15148,15148,
ahmad,15149,15149,
ahmad,15150,15150,
ahmad,15151,15151,
ahmad,15152,15152,
ahmad,15153,15153,
ahmad,15154,15154,
ahmad,15155,15155,
ahmad,15156,15156,
ahmad,15158,15158,
ahmad,15160,15160,
ahmad,15162,15162,
ahmad,15163,15163,
ahmad,15164,15164,
ahmad,15165,15165,
ahmad,15166,15166,
ahmad,15167,15167,
ahmad,15168,15168,
ahmad,15169,15169,
ahmad,15170,15170,
ahmad,15172,15172,
ahmad,15173,15173,
ahmad,15174,15174,
ahmad,15175,15175,
ahmad,15176,15176,
ahmad,15177,15177,
ahmad,15178,15178,
ahmad,15179,15179,
ahmad,15180,15180,
ahmad,15181,15181,
ahmad,15182,15182,
ahmad,15184,15184,
ahmad,15186,15186,
ahmad,15187,15187,
ahmad,15188,15188,
ahmad,15189,15189,
ahmad,15190,15190,
ahmad,15191,15191,
ahmad,15192,15192,
ahmad,15194,15194,
ahmad,15195,15195,
ahmad,15196,15196,
ahmad,15197,15197,
ahmad,15198,15198,
ahmad,15200,15200,
ahmad,15201,15201,
ahmad,15202,15202,
ahmad,15203,15203,
ahmad,15204,15204,
ahmad,15205,15205,
ahmad,15206,15206,
ahmad,15207,15207,
ahmad,15208,15208,
ahmad,15209,15209,
ahmad,15210,15210,
ahmad,15211,15211,
ahmad,15212,15212,
ahmad,15217,15217,
ahmad,15218,15218,
ahmad,15219,15219,
ahmad,15221,15221,
ahmad,15222,15222,
ahmad,15223,15223,
ahmad,15224,15224,
ahmad,15227,15227,
ahmad,15229,15229,
ahmad,15230,15230,
ahmad,15231,15231,
ahmad,15232,15232,
ahmad,15234,15234,
ahmad,15235,15235,
ahmad,15236,15236,
ahmad,15238,15238,
ahmad,15239,15239,
ahmad,15241,15241,
ahmad,15242,15242,
ahmad,15243,15243,
ahmad,15245,15245,
ahmad,15247,15247,
ahmad,15249,15249,
ahmad,15250,15250,
ahmad,15251,15251,
ahmad,15252,15252,
ahmad,15253,15253,
ahmad,15254,15254,
ahmad,15258,15258,
ahmad,15259,15259,
ahmad,15260,15260,
ahmad,15261,15261,
ahmad,15262,15262,
ahmad,15263,15263,
ahmad,15264,15264,
ahmad,15265,15265,
ahmad,15266,15266,
ahmad,15270,15270,
ahmad,15271,15271,
ahmad,15272,15272,
ahmad,15273,15273,
ahmad,15274,15274,
ahmad,15275,15275,
ahmad,15276,15276,
ahmad,15277,15277,
ahmad,15278,15278,
ahmad,15279,15279,
ahmad,15280,15280,
ahmad,15281,15281,
ahmad,15283,15283,
ahmad,15284,15284,
ahmad,15285,15285,
ahmad,15286,15286,
ahmad,15287,15287,
ahmad,15289,15289,
ahmad,15290,15290,
ahmad,15291,15291,
ahmad,15292,15292,
ahmad,15293,15293,
ahmad,15294,15294,
ahmad,15295,15295,
ahmad,15296,15296,
ahmad,15297,15297,
ahmad,15298,15298,
ahmad,15299,15299,
ahmad,15300,15300,
ahmad,15301,15301,
ahmad,15302,15302,
ahmad,15303,15303,
ahmad,15304,15304,
ahmad,15305,15305,
ahmad,15306,15306,
ahmad,15307,15307,
ahmad,15308,15308,
ahmad,15309,15309,
ahmad,15310,15310,
ahmad,15311,15311,
ahmad,15312,15312,
ahmad,15313,15313,
ahmad,15314,15314,
ahmad,15315,15315,
ahmad,15316,15316,
ahmad,15317,15317,
ahmad,15319,15319,
ahmad,15320,15320,
ahmad,15321,15321,
ahmad,15322,15322,
ahmad,15323,15323,
ahmad,15324,15324,
ahmad,15325,15325,
ahmad,15326,15326,
ahmad,15327,15327,
ahmad,15328,15328,
ahmad,15329,15329,
ahmad,15331,15331,
ahmad,15333,15333,
ahmad,15334,15334,
ahmad,15335,15335,
ahmad,15336,15336,
ahmad,15338,15338,
ahmad,15339,15339,
ahmad,15340,15340,
ahmad,15341,15341,
ahmad,15342,15342,
ahmad,15343,15343,
ahmad,15344,15344,
ahmad,15345,15345,
ahmad,15346,15346,
ahmad,15347,15347,
ahmad,15348,15348,
ahmad,15350,15350,
ahmad,15351,15351,
ahmad,15352,15352,
ahmad,15354,15354,
ahmad,15355,15355,
ahmad,15356,15356,
ahmad,15357,15357,
ahmad,15358,15358,
ahmad,15359,15359,
ahmad,15360,15360,
ahmad,15361,15361,
ahmad,15362,15362,
ahmad,15363,15363,
ahmad,15364,15364,
ahmad,15365,15365,
ahmad,15366,15366,
ahmad,15368,15368,
ahmad,15369,15369,
ahmad,15370,15370,
ahmad,15371,15371,
ahmad,15372,15372,
ahmad,15373,15373,
ahmad,15374,15374,
ahmad,15375,15375,
ahmad,15376,15376,
ahmad,15377,15377,
ahmad,15378,15378,
ahmad,15380,15380,
ahmad,15381,15381,
ahmad,15382,15382,
ahmad,15383,15383,
ahmad,15384,15384,
ahmad,15386,15386,
ahmad,15387,15387,
ahmad,15388,15388,
ahmad,15389,15389,
ahmad,15390,15390,
ahmad,15391,15391,
ahmad,15392,15392,
ahmad,15393,15393,
ahmad,15394,15394,
ahmad,15395,15395,
ahmad,15397,15397,
ahmad,15398,15398,
ahmad,15399,15399,
ahmad,15401,15401,
ahmad,15402,15402,
ahmad,15403,15403,
ahmad,15404,15404,
ahmad,15405,15405,
ahmad,15406,15406,
ahmad,15407,15407,
ahmad,15408,15408,
ahmad,15409,15409,
ahmad,15410,15410,
ahmad,15411,15411,
ahmad,15412,15412,
ahmad,15413,15413,
ahmad,15414,15414,
ahmad,15415,15415,
ahmad,15417,15417,
ahmad,15418,15418,
ahmad,15419,15419,
ahmad,15420,15420,
ahmad,15421,15421,
ahmad,15422,15422,
ahmad,15423,15423,
ahmad,15424,15424,
ahmad,15425,15425,
ahmad,15426,15426,
ahmad,15427,15427,
ahmad,15429,15429,
ahmad,15430,15430,
ahmad,15431,15431,
ahmad,15432,15432,
ahmad,15433,15433,
ahmad,15435,15435,
ahmad,15436,15436,
ahmad,15437,15437,
ahmad,15438,15438,
ahmad,15439,15439,
ahmad,15440,15440,
ahmad,15441,15441,
ahmad,15442,15442,
ahmad,15443,15443,
ahmad,15445,15445,
ahmad,15446,15446,
ahmad,15447,15447,
ahmad,15448,15448,
ahmad,15449,15449,
ahmad,15450,15450,
ahmad,15451,15451,
ahmad,15452,15452,
ahmad,15454,15454,
ahmad,15455,15455,
ahmad,15456,15456,
ahmad,15457,15457,
ahmad,15458,15458,
ahmad,15459,15459,
ahmad,15460,15460,
ahmad,15461,15461,
ahmad,15462,15462,
ahmad,15463,15463,
ahmad,15464,15464,
ahmad,15465,15465,
ahmad,15466,15466,
ahmad,15467,15467,
ahmad,15468,15468,
ahmad,15469,15469,
ahmad,15470,15470,
ahmad,15471,15471,
ahmad,15472,15472,
ahmad,15473,15473,
ahmad,15474,15474,
ahmad,15475,15475,
ahmad,15476,15476,
ahmad,15478,15478,
ahmad,15479,15479,
ahmad,15480,15480,
ahmad,15481,15481,
ahmad,15484,15484,
ahmad,15485,15485,
ahmad,15486,15486,
ahmad,15487,15487,
ahmad,15488,15488,
ahmad,15489,15489,
ahmad,15490,15490,
ahmad,15491,15491,
ahmad,15492,15492,
ahmad,15493,15493,
ahmad,15494,15494,
ahmad,15495,15495,
ahmad,15496,15496,
ahmad,15497,15497,
ahmad,15498,15498,
ahmad,15499,15499,
ahmad,15500,15500,
ahmad,15501,15501,
ahmad,15502,15502,
ahmad,15503,15503,
ahmad,15504,15504,
ahmad,15505,15505,
ahmad,15506,15506,
ahmad,15507,15507,
ahmad,15508,15508,
ahmad,15509,15509,
ahmad,15510,15510,
ahmad,15511,15511,
ahmad,15512,15512,
ahmad,15513,15513,
ahmad,15514,15514,
ahmad,15515,15515,
ahmad,15516,15516,
ahmad,15517,15517,
ahmad,15518,15518,
ahmad,15519,15519,
ahmad,15520,15520,
ahmad,15521,15521,
ahmad,15522,15522,
ahmad,15523,15523,
ahmad,15524,15524,
ahmad,15525,15525,
ahmad,15527,15527,
ahmad,15528,15528,
ahmad,15529,15529,
ahmad,15531,15531,
ahmad,15532,15532,
ahmad,15533,15533,
ahmad,15534,15534,
ahmad,15535,15535,
ahmad,15536,15536,
ahmad,15537,15537,
ahmad,15538,15538,
ahmad,15539,15539,
ahmad,15540,15540,
ahmad,15541,15541,
ahmad,15542,15542,
ahmad,15543,15543,
ahmad,15544,15544,
ahmad,15546,15546,
ahmad,15547,15547,
ahmad,15548,15548,
ahmad,15549,15549,
ahmad,15550,15550,
ahmad,15551,15551,
ahmad,15552,15552,
ahmad,15553,15553,
ahmad,15554,15554,
ahmad,15555,15555,
ahmad,15556,15556,
ahmad,15557,15557,
ahmad,15558,15558,
ahmad,15559,15559,
ahmad,15560,15560,
ahmad,15561,15561,
ahmad,15562,15562,
ahmad,15563,15563,
ahmad,15564,15564,
ahmad,15565,15565,
ahmad,15566,15566,
ahmad,15567,15567,
ahmad,15568,15568,
ahmad,15569,15569,
ahmad,15570,15570,
ahmad,15571,15571,
ahmad,15572,15572,
ahmad,15573,15573,
ahmad,15574,15574,
ahmad,15575,15575,
ahmad,15576,15576,
ahmad,15577,15577,
ahmad,15578,15578,
ahmad,15579,15579,
ahmad,15580,15580,
ahmad,15581,15581,
ahmad,15582,15582,
ahmad,15583,15583,
ahmad,15584,15584,
ahmad,15585,15585,
ahmad,15586,15586,
ahmad,15587,15587,
ahmad,15589,15589,
ahmad,15590,15590,
ahmad,15591,15591,
ahmad,15592,15592,
ahmad,15593,15593,
ahmad,15594,15594,
ahmad,15595,15595,
ahmad,15596,15596,
ahmad,15600,15600,
ahmad,15601,15601,
ahmad,15602,15602,
ahmad,15603,15603,
ahmad,15604,15604,
ahmad,15605,15605,
ahmad,15606,15606,
ahmad,15607,15607,
ahmad,15608,15608,
ahmad,15609,15609,
ahmad,15610,15610,
ahmad,15611,15611,
ahmad,15612,15612,
ahmad,15613,15613,
ahmad,15614,15614,
ahmad,15615,15615,
ahmad,15616,15616,
ahmad,15617,15617,
ahmad,15618,15618,
ahmad,15619,15619,
ahmad,15620,15620,
ahmad,15621,15621,
ahmad,15622,15622,
ahmad,15623,15623,
ahmad,15624,15624,
ahmad,15626,15626,
ahmad,15629,15629,
ahmad,15630,15630,
ahmad,15631,15631,
ahmad,15632,15632,
ahmad,15633,15633,
ahmad,15634,15634,
ahmad,15635,15635,
ahmad,15636,15636,
ahmad,15637,15637,
ahmad,15638,15638,
ahmad,15639,15639,
ahmad,15640,15640,
ahmad,15641,15641,
ahmad,15642,15642,
ahmad,15643,15643,
ahmad,15644,15644,
ahmad,15646,15646,
ahmad,15650,15650,
ahmad,15651,15651,
ahmad,15652,15652,
ahmad,15653,15653,
ahmad,15654,15654,
ahmad,15655,15655,
ahmad,15656,15656,
ahmad,15657,15657,
ahmad,15658,15658,
ahmad,15659,15659,
ahmad,15660,15660,
ahmad,15661,15661,
ahmad,15663,15663,
ahmad,15664,15664,
ahmad,15665,15665,
ahmad,15666,15666,
ahmad,15667,15667,
ahmad,15668,15668,
ahmad,15669,15669,
ahmad,15670,15670,
ahmad,15671,15671,
ahmad,15672,15672,
ahmad,15673,15673,
ahmad,15674,15674,
ahmad,15675,15675,
ahmad,15676,15676,
ahmad,15677,15677,
ahmad,15678,15678,
ahmad,15679,15679,
ahmad,15680,15680,
ahmad,15681,15681,
ahmad,15682,15682,
ahmad,15683,15683,
ahmad,15684,15684,
ahmad,15685,15685,
ahmad,15687,15687,
ahmad,15689,15689,
ahmad,15690,15690,
ahmad,15691,15691,
ahmad,15692,15692,
ahmad,15693,15693,
ahmad,15694,15694,
ahmad,15695,15695,
ahmad,15697,15697,
ahmad,15698,15698,
ahmad,15699,15699,
ahmad,15700,15700,
ahmad,15701,15701,
ahmad,15702,15702,
ahmad,15703,15703,
ahmad,15704,15704,
ahmad,15705,15705,
ahmad,15706,15706,
ahmad,15707,15707,
ahmad,15708,15708,
ahmad,15709,15709,
ahmad,15710,15710,
ahmad,15711,15711,
ahmad,15712,15712,
ahmad,15713,15713,
ahmad,15714,15714,
ahmad,15715,15715,
ahmad,15716,15716,
ahmad,15717,15717,
ahmad,15718,15718,
ahmad,15720,15720,
ahmad,15721,15721,
ahmad,15722,15722,
ahmad,15724,15724,
ahmad,15725,15725,
ahmad,15726,15726,
ahmad,15727,15727,
ahmad,15728,15728,
ahmad,15729,15729,
ahmad,15730,15730,
ahmad,15731,15731,
ahmad,15732,15732,
ahmad,15733,15733,
ahmad,15734,15734,
ahmad,15735,15735,
ahmad,15736,15736,
ahmad,15737,15737,
ahmad,15738,15738,
ahmad,15739,15739,
ahmad,15740,15740,
ahmad,15741,15741,
ahmad,15742,15742,
ahmad,15743,15743,
ahmad,15744,15744,
ahmad,15745,15745,
ahmad,15746,15746,
ahmad,15747,15747,
ahmad,15748,15748,
ahmad,15749,15749,
ahmad,15750,15750,
ahmad,15751,15751,
ahmad,15752,15752,
ahmad,15753,15753,
ahmad,15754,15754,
ahmad,15755,15755,
ahmad,15756,15756,
ahmad,15758,15758,
ahmad,15759,15759,
ahmad,15761,15761,
ahmad,15762,15762,
ahmad,15763,15763,
ahmad,15764,15764,
ahmad,15765,15765,
ahmad,15766,15766,
ahmad,15769,15769,
ahmad,15770,15770,
ahmad,15771,15771,
ahmad,15773,15773,
ahmad,15774,15774,
ahmad,15775,15775,
ahmad,15776,15776,
ahmad,15777,15777,
ahmad,15778,15778,
ahmad,15779,15779,
ahmad,15780,15780,
ahmad,15781,15781,
ahmad,15783,15783,
ahmad,15784,15784,
ahmad,15785,15785,
ahmad,15786,15786,
ahmad,15787,15787,
ahmad,15788,15788,
ahmad,15789,15789,
ahmad,15790,15790,
ahmad,15791,15791,
ahmad,15792,15792,
ahmad,15793,15793,
ahmad,15794,15794,
ahmad,15795,15795,
ahmad,15796,15796,
ahmad,15798,15798,
ahmad,15799,15799,
ahmad,15800,15800,
ahmad,15801,15801,
ahmad,15802,15802,
ahmad,15803,15803,
ahmad,15804,15804,
ahmad,15805,15805,
ahmad,15806,15806,
ahmad,15807,15807,
ahmad,15808,15808,
ahmad,15809,15809,
ahmad,15810,15810,
ahmad,15811,15811,
ahmad,15812,15812,
ahmad,15813,15813,
ahmad,15814,15814,
ahmad,15815,15815,
ahmad,15816,15816,
ahmad,15817,15817,
ahmad,15819,15819,
ahmad,15820,15820,
ahmad,15821,15821,
ahmad,15822,15822,
ahmad,15823,15823,
ahmad,15824,15824,
ahmad,15825,15825,
ahmad,15827,15827,
ahmad,15828,15828,
ahmad,15829,15829,
ahmad,15833,15833,
ahmad,15834,15834,
ahmad,15836,15836,
ahmad,15837,15837,
ahmad,15838,15838,
ahmad,15839,15839,
ahmad,15840,15840,
ahmad,15841,15841,
ahmad,15842,15842,
ahmad,15843,15843,
ahmad,15844,15844,
ahmad,15845,15845,
ahmad,15846,15846,
ahmad,15847,15847,
ahmad,15848,15848,
ahmad,15849,15849,
ahmad,15850,15850,
ahmad,15852,15852,
ahmad,15853,15853,
ahmad,15854,15854,
ahmad,15855,15855,
ahmad,15856,15856,
ahmad,15857,15857,
ahmad,15859,15859,
ahmad,15860,15860,
ahmad,15861,15861,
ahmad,15862,15862,
ahmad,15863,15863,
ahmad,15864,15864,
ahmad,15866,15866,
ahmad,15867,15867,
ahmad,15868,15868,
ahmad,15869,15869,
ahmad,15871,15871,
ahmad,15873,15873,
ahmad,15874,15874,
ahmad,15875,15875,
ahmad,15876,15876,
ahmad,15877,15877,
ahmad,15878,15878,
ahmad,15879,15879,
ahmad,15880,15880,
ahmad,15881,15881,
ahmad,15882,15882,
ahmad,15883,15883,
ahmad,15884,15884,
ahmad,15885,15885,
ahmad,15886,15886,
ahmad,15887,15887,
ahmad,15888,15888,
ahmad,15889,15889,
ahmad,15890,15890,
ahmad,15891,15891,
ahmad,15892,15892,
ahmad,15893,15893,
ahmad,15894,15894,
ahmad,15895,15895,
ahmad,15898,15898,
ahmad,15899,15899,
ahmad,15900,15900,
ahmad,15901,15901,
ahmad,15902,15902,
ahmad,15903,15903,
ahmad,15904,15904,
ahmad,15905,15905,
ahmad,15906,15906,
ahmad,15907,15907,
ahmad,15908,15908,
ahmad,15909,15909,
ahmad,15912,15912,
ahmad,15914,15914,
ahmad,15915,15915,
ahmad,15916,15916,
ahmad,15917,15917,
ahmad,15918,15918,
ahmad,15919,15919,
ahmad,15921,15921,
ahmad,15922,15922,
ahmad,15923,15923,
ahmad,15924,15924,
ahmad,15925,15925,
ahmad,15926,15926,
ahmad,15930,15930,
ahmad,15931,15931,
ahmad,15932,15932,
ahmad,15933,15933,
ahmad,15934,15934,
ahmad,15935,15935,
ahmad,15936,15936,
ahmad,15937,15937,
ahmad,15938,15938,
ahmad,15939,15939,
ahmad,15940,15940,
ahmad,15941,15941,
ahmad,15942,15942,
ahmad,15943,15943,
ahmad,15944,15944,
ahmad,15945,15945,
ahmad,15946,15946,
ahmad,15947,15947,
ahmad,15948,15948,
ahmad,15949,15949,
ahmad,15950,15950,
ahmad,15951,15951,
ahmad,15952,15952,
ahmad,15953,15953,
ahmad,15954,15954,
ahmad,15955,15955,
ahmad,15956,15956,
ahmad,15957,15957,
ahmad,15958,15958,
ahmad,15959,15959,
ahmad,15960,15960,
ahmad,15961,15961,
ahmad,15962,15962,
ahmad,15963,15963,
ahmad,15964,15964,
ahmad,15965,15965,
ahmad,15966,15966,
ahmad,15967,15967,
ahmad,15968,15968,
ahmad,15969,15969,
ahmad,15970,15970,
ahmad,15971,15971,
ahmad,15972,15972,
ahmad,15973,15973,
ahmad,15974,15974,
ahmad,15977,15977,
ahmad,15978,15978,
ahmad,15979,15979,
ahmad,15980,15980,
ahmad,15981,15981,
ahmad,15982,15982,
ahmad,15983,15983,
ahmad,15985,15985,
ahmad,15986,15986,
ahmad,15987,15987,
ahmad,15988,15988,
ahmad,15989,15989,
ahmad,15990,15990,
ahmad,15991,15991,
ahmad,15993,15993,
ahmad,15994,15994,
ahmad,15995,15995,
ahmad,15996,15996,
ahmad,15997,15997,
ahmad,15998,15998,
ahmad,15999,15999,
ahmad,16001,16001,
ahmad,16002,16002,
ahmad,16004,16004,
ahmad,16005,16005,
ahmad,16006,16006,
ahmad,16007,16007,
ahmad,16008,16008,
ahmad,16009,16009,
ahmad,16010,16010,
ahmad,16011,16011,
ahmad,16012,16012,
ahmad,16013,16013,
ahmad,16014,16014,
ahmad,16016,16016,
ahmad,16017,16017,
ahmad,16018,16018,
ahmad,16019,16019,
ahmad,16021,16021,
ahmad,16022,16022,
ahmad,16023,16023,
ahmad,16024,16024,
ahmad,16025,16025,
ahmad,16026,16026,
ahmad,16027,16027,
ahmad,16028,16028,
ahmad,16029,16029,
ahmad,16030,16030,
ahmad,16031,16031,
ahmad,16032,16032,
ahmad,16033,16033,
ahmad,16034,16034,
ahmad,16035,16035,
ahmad,16036,16036,
ahmad,16037,16037,
ahmad,16038,16038,
ahmad,16040,16040,
ahmad,16041,16041,
ahmad,16042,16042,
ahmad,16043,16043,
ahmad,16045,16045,
ahmad,16046,16046,
ahmad,16047,16047,
ahmad,16048,16048,
ahmad,16049,16049,
ahmad,16050,16050,
ahmad,16051,16051,
ahmad,16052,16052,
ahmad,16053,16053,
ahmad,16054,16054,
ahmad,16055,16055,
ahmad,16056,16056,
ahmad,16057,16057,
ahmad,16058,16058,
ahmad,16059,16059,
ahmad,16060,16060,
ahmad,16061,16061,
ahmad,16062,16062,
ahmad,16063,16063,
ahmad,16064,16064,
ahmad,16065,16065,
ahmad,16066,16066,
ahmad,16067,16067,
ahmad,16070,16070,
ahmad,16071,16071,
ahmad,16072,16072,
ahmad,16073,16073,
ahmad,16074,16074,
ahmad,16075,16075,
ahmad,16076,16076,
ahmad,16078,16078,
ahmad,16079,16079,
ahmad,16080,16080,
ahmad,16081,16081,
ahmad,16082,16082,
ahmad,16083,16083,
ahmad,16084,16084,
ahmad,16085,16085,
ahmad,16086,16086,
ahmad,16087,16087,
ahmad,16088,16088,
ahmad,16089,16089,
ahmad,16090,16090,
ahmad,16091,16091,
ahmad,16092,16092,
ahmad,16093,16093,
ahmad,16094,16094,
ahmad,16095,16095,
ahmad,16096,16096,
ahmad,16098,16098,
ahmad,16099,16099,
ahmad,16100,16100,
ahmad,16101,16101,
ahmad,16102,16102,
ahmad,16103,16103,
ahmad,16104,16104,
ahmad,16105,16105,
ahmad,16106,16106,
ahmad,16107,16107,
ahmad,16108,16108,
ahmad,16109,16109,
ahmad,16110,16110,
ahmad,16111,16111,
ahmad,16112,16112,
ahmad,16113,16113,
ahmad,16114,16114,
ahmad,16115,16115,
ahmad,16116,16116,
ahmad,16117,16117,
ahmad,16118,16118,
ahmad,16119,16119,
ahmad,16120,16120,
ahmad,16121,16121,
ahmad,16122,16122,
ahmad,16123,16123,
ahmad,16124,16124,
ahmad,16125,16125,
ahmad,16126,16126,
ahmad,16127,16127,
ahmad,16128,16128,
ahmad,16129,16129,
ahmad,16130,16130,
ahmad,16131,16131,
ahmad,16134,16134,
ahmad,16135,16135,
ahmad,16136,16136,
ahmad,16137,16137,
ahmad,16138,16138,
ahmad,16139,16139,
ahmad,16140,16140,
ahmad,16141,16141,
ahmad,16142,16142,
ahmad,16143,16143,
ahmad,16144,16144,
ahmad,16145,16145,
ahmad,16146,16146,
ahmad,16147,16147,
ahmad,16148,16148,
ahmad,16149,16149,
ahmad,16150,16150,
ahmad,16151,16151,
ahmad,16153,16153,
ahmad,16154,16154,
ahmad,16155,16155,
ahmad,16156,16156,
ahmad,16157,16157,
ahmad,16158,16158,
ahmad,16159,16159,
ahmad,16160,16160,
ahmad,16161,16161,
ahmad,16162,16162,
ahmad,16163,16163,
ahmad,16164,16164,
ahmad,16165,16165,
ahmad,16166,16166,
ahmad,16167,16167,
ahmad,16168,16168,
ahmad,16169,16169,
ahmad,16170,16170,
ahmad,16171,16171,
ahmad,16172,16172,
ahmad,16173,16173,
ahmad,16174,16174,
ahmad,16175,16175,
ahmad,16176,16176,
ahmad,16177,16177,
ahmad,16178,16178,
ahmad,16179,16179,
ahmad,16180,16180,
ahmad,16181,16181,
ahmad,16182,16182,
ahmad,16183,16183,
ahmad,16184,16184,
ahmad,16185,16185,
ahmad,16186,16186,
ahmad,16187,16187,
ahmad,16188,16188,
ahmad,16189,16189,
ahmad,16190,16190,
ahmad,16191,16191,
ahmad,16192,16192,
ahmad,16193,16193,
ahmad,16194,16194,
ahmad,16195,16195,
ahmad,16197,16197,
ahmad,16198,16198,
ahmad,16199,16199,
ahmad,16200,16200,
ahmad,16201,16201,
ahmad,16202,16202,
ahmad,16203,16203,
ahmad,16204,16204,
ahmad,16205,16205,
ahmad,16206,16206,
ahmad,16207,16207,
ahmad,16208,16208,
ahmad,16209,16209,
ahmad,16210,16210,
ahmad,16211,16211,
ahmad,16212,16212,
ahmad,16213,16213,
ahmad,16214,16214,
ahmad,16215,16215,
ahmad,16216,16216,
ahmad,16217,16217,
ahmad,16220,16220,
ahmad,16221,16221,
ahmad,16223,16223,
ahmad,16224,16224,
ahmad,16226,16226,
ahmad,16227,16227,
ahmad,16228,16228,
ahmad,16230,16230,
ahmad,16231,16231,
ahmad,16232,16232,
ahmad,16233,16233,
ahmad,16234,16234,
ahmad,16235,16235,
ahmad,16236,16236,
ahmad,16237,16237,
ahmad,16238,16238,
ahmad,16241,16241,
ahmad,16242,16242,
ahmad,16244,16244,
ahmad,16245,16245,
ahmad,16246,16246,
ahmad,16247,16247,
ahmad,16248,16248,
ahmad,16249,16249,
ahmad,16250,16250,
ahmad,16251,16251,
ahmad,16252,16252,
ahmad,16254,16254,
ahmad,16256,16256,
ahmad,16257,16257,
ahmad,16258,16258,
ahmad,16259,16259,
ahmad,16260,16260,
ahmad,16261,16261,
ahmad,16262,16262,
ahmad,16263,16263,
ahmad,16264,16264,
ahmad,16265,16265,
ahmad,16266,16266,
ahmad,16267,16267,
ahmad,16268,16268,
ahmad,16270,16270,
ahmad,16271,16271,
ahmad,16272,16272,
ahmad,16273,16273,
ahmad,16274,16274,
ahmad,16275,16275,
ahmad,16276,16276,
ahmad,16277,16277,
ahmad,16278,16278,
ahmad,16279,16279,
ahmad,16280,16280,
ahmad,16281,16281,
ahmad,16282,16282,
ahmad,16283,16283,
ahmad,16284,16284,
ahmad,16285,16285,
ahmad,16286,16286,
ahmad,16287,16287,
ahmad,16288,16288,
ahmad,16289,16289,
ahmad,16290,16290,
ahmad,16291,16291,
ahmad,16292,16292,
ahmad,16293,16293,
ahmad,16294,16294,
ahmad,16295,16295,
ahmad,16296,16296,
ahmad,16297,16297,
ahmad,16298,16298,
ahmad,16299,16299,
ahmad,16300,16300,
ahmad,16301,16301,
ahmad,16302,16302,
ahmad,16304,16304,
ahmad,16305,16305,
ahmad,16307,16307,
ahmad,16308,16308,
ahmad,16309,16309,
ahmad,16310,16310,
ahmad,16311,16311,
ahmad,16312,16312,
ahmad,16313,16313,
ahmad,16314,16314,
ahmad,16315,16315,
ahmad,16316,16316,
ahmad,16318,16318,
ahmad,16319,16319,
ahmad,16320,16320,
ahmad,16321,16321,
ahmad,16322,16322,
ahmad,16323,16323,
ahmad,16325,16325,
ahmad,16326,16326,
ahmad,16327,16327,
ahmad,16328,16328,
ahmad,16329,16329,
ahmad,16330,16330,
ahmad,16331,16331,
ahmad,16332,16332,
ahmad,16333,16333,
ahmad,16334,16334,
ahmad,16335,16335,
ahmad,16336,16336,
ahmad,16337,16337,
ahmad,16338,16338,
ahmad,16339,16339,
ahmad,16340,16340,
ahmad,16341,16341,
ahmad,16342,16342,
ahmad,16343,16343,
ahmad,16344,16344,
ahmad,16345,16345,
ahmad,16346,16346,
ahmad,16347,16347,
ahmad,16348,16348,
ahmad,16349,16349,
ahmad,16350,16350,
ahmad,16351,16351,
ahmad,16352,16352,
ahmad,16353,16353,
ahmad,16355,16355,
ahmad,16356,16356,
ahmad,16357,16357,
ahmad,16358,16358,
ahmad,16359,16359,
ahmad,16364,16364,
ahmad,16365,16365,
ahmad,16366,16366,
ahmad,16367,16367,
ahmad,16370,16370,
ahmad,16371,16371,
ahmad,16374,16374,
ahmad,16375,16375,
ahmad,16376,16376,
ahmad,16377,16377,
ahmad,16378,16378,
ahmad,16380,16380,
ahmad,16381,16381,
ahmad,16382,16382,
ahmad,16384,16384,
ahmad,16385,16385,
ahmad,16386,16386,
ahmad,16388,16388,
ahmad,16390,16390,
ahmad,16392,16392,
ahmad,16393,16393,
ahmad,16394,16394,
ahmad,16395,16395,
ahmad,16397,16397,
ahmad,16398,16398,
ahmad,16399,16399,
ahmad,16400,16400,
ahmad,16401,16401,
ahmad,16402,16402,
ahmad,16403,16403,
ahmad,16404,16404,
ahmad,16405,16405,
ahmad,16406,16406,
ahmad,16407,16407,
ahmad,16408,16408,
ahmad,16409,16409,
ahmad,16410,16410,
ahmad,16411,16411,
ahmad,16412,16412,
ahmad,16413,16413,
ahmad,16414,16414,
ahmad,16415,16415,
ahmad,16416,16416,
ahmad,16417,16417,
ahmad,16418,16418,
ahmad,16419,16419,
ahmad,16420,16420,
ahmad,16422,16422,
ahmad,16424,16424,
ahmad,16425,16425,
ahmad,16426,16426,
ahmad,16427,16427,
ahmad,16428,16428,
ahmad,16429,16429,
ahmad,16430,16430,
ahmad,16432,16432,
ahmad,16433,16433,
ahmad,16434,16434,
ahmad,16435,16435,
ahmad,16436,16436,
ahmad,16437,16437,
ahmad,16438,16438,
ahmad,16439,16439,
ahmad,16440,16440,
ahmad,16441,16441,
ahmad,16442,16442,
ahmad,16443,16443,
ahmad,16444,16444,
ahmad,16445,16445,
ahmad,16446,16446,
ahmad,16447,16447,
ahmad,16448,16448,
ahmad,16449,16449,
ahmad,16450,16450,
ahmad,16451,16451,
ahmad,16452,16452,
ahmad,16453,16453,
ahmad,16454,16454,
ahmad,16455,16455,
ahmad,16456,16456,
ahmad,16457,16457,
ahmad,16458,16458,
ahmad,16459,16459,
ahmad,16460,16460,
ahmad,16461,16461,
ahmad,16462,16462,
ahmad,16464,16464,
ahmad,16465,16465,
ahmad,16466,16466,
ahmad,16467,16467,
ahmad,16469,16469,
ahmad,16471,16471,
ahmad,16472,16472,
ahmad,16476,16476,
ahmad,16477,16477,
ahmad,16478,16478,
ahmad,16479,16479,
ahmad,16480,16480,
ahmad,16481,16481,
ahmad,16482,16482,
ahmad,16483,16483,
ahmad,16484,16484,
ahmad,16485,16485,
ahmad,16486,16486,
ahmad,16487,16487,
ahmad,16488,16488,
ahmad,16489,16489,
ahmad,16490,16490,
ahmad,16491,16491,
ahmad,16492,16492,
ahmad,16493,16493,
ahmad,16496,16496,
ahmad,16497,16497,
ahmad,16498,16498,
ahmad,16499,16499,
ahmad,16500,16500,
ahmad,16502,16502,
ahmad,16503,16503,
ahmad,16504,16504,
ahmad,16505,16505,
ahmad,16506,16506,
ahmad,16507,16507,
ahmad,16508,16508,
ahmad,16509,16509,
ahmad,16510,16510,
ahmad,16511,16511,
ahmad,16512,16512,
ahmad,16513,16513,
ahmad,16514,16514,
ahmad,16516,16516,
ahmad,16517,16517,
ahmad,16518,16518,
ahmad,16520,16520,
ahmad,16521,16521,
ahmad,16522,16522,
ahmad,16523,16523,
ahmad,16527,16527,
ahmad,16528,16528,
ahmad,16529,16529,
ahmad,16530,16530,
ahmad,16531,16531,
ahmad,16532,16532,
ahmad,16533,16533,
ahmad,16534,16534,
ahmad,16537,16537,
ahmad,16538,16538,
ahmad,16540,16540,
ahmad,16541,16541,
ahmad,16542,16542,
ahmad,16543,16543,
ahmad,16544,16544,
ahmad,16545,16545,
ahmad,16546,16546,
ahmad,16547,16547,
ahmad,16548,16548,
ahmad,16549,16549,
ahmad,16550,16550,
ahmad,16551,16551,
ahmad,16552,16552,
ahmad,16553,16553,
ahmad,16555,16555,
ahmad,16556,16556,
ahmad,16557,16557,
ahmad,16558,16558,
ahmad,16561,16561,
ahmad,16562,16562,
ahmad,16564,16564,
ahmad,16565,16565,
ahmad,16566,16566,
ahmad,16567,16567,
ahmad,16568,16568,
ahmad,16569,16569,
ahmad,16570,16570,
ahmad,16571,16571,
ahmad,16572,16572,
ahmad,16573,16573,
ahmad,16574,16574,
ahmad,16575,16575,
ahmad,16577,16577,
ahmad,16578,16578,
ahmad,16579,16579,
ahmad,16580,16580,
ahmad,16581,16581,
ahmad,16582,16582,
ahmad,16583,16583,
ahmad,16586,16586,
ahmad,16587,16587,
ahmad,16588,16588,
ahmad,16589,16589,
ahmad,16590,16590,
ahmad,16591,16591,
ahmad,16592,16592,
ahmad,16593,16593,
ahmad,16594,16594,
ahmad,16595,16595,
ahmad,16596,16596,
ahmad,16597,16597,
ahmad,16598,16598,
ahmad,16600,16600,
ahmad,16601,16601,
ahmad,16603,16603,
ahmad,16604,16604,
ahmad,16605,16605,
ahmad,16607,16607,
ahmad,16610,16610,
ahmad,16611,16611,
ahmad,16613,16613,
ahmad,16614,16614,
ahmad,16619,16619,
ahmad,16620,16620,
ahmad,16621,16621,
ahmad,16622,16622,
ahmad,16623,16623,
ahmad,16624,16624,
ahmad,16625,16625,
ahmad,16626,16626,
ahmad,16627,16627,
ahmad,16628,16628,
ahmad,16629,16629,
ahmad,16630,16630,
ahmad,16631,16631,
ahmad,16632,16632,
ahmad,16634,16634,
ahmad,16635,16635,
ahmad,16637,16637,
ahmad,16639,16639,
ahmad,16640,16640,
ahmad,16641,16641,
ahmad,16642,16642,
ahmad,16643,16643,
ahmad,16644,16644,
ahmad,16645,16645,
ahmad,16648,16648,
ahmad,16649,16649,
ahmad,16650,16650,
ahmad,16651,16651,
ahmad,16652,16652,
ahmad,16653,16653,
ahmad,16654,16654,
ahmad,16657,16657,
ahmad,16658,16658,
ahmad,16659,16659,
ahmad,16660,16660,
ahmad,16661,16661,
ahmad,16662,16662,
ahmad,16663,16663,
ahmad,16665,16665,
ahmad,16666,16666,
ahmad,16667,16667,
ahmad,16668,16668,
ahmad,16672,16672,
ahmad,16673,16673,
ahmad,16674,16674,
ahmad,16676,16676,
ahmad,16677,16677,
ahmad,16678,16678,
ahmad,16679,16679,
ahmad,16680,16680,
ahmad,16681,16681,
ahmad,16682,16682,
ahmad,16683,16683,
ahmad,16684,16684,
ahmad,16685,16685,
ahmad,16687,16687,
ahmad,16688,16688,
ahmad,16692,16692,
ahmad,16693,16693,
ahmad,16695,16695,
ahmad,16697,16697,
ahmad,16700,16700,
ahmad,16701,16701,
ahmad,16703,16703,
ahmad,16705,16705,
ahmad,16707,16707,
ahmad,16708,16708,
ahmad,16709,16709,
ahmad,16710,16710,
ahmad,16711,16711,
ahmad,16712,16712,
ahmad,16713,16713,
ahmad,16714,16714,
ahmad,16715,16715,
ahmad,16716,16716,
ahmad,16717,16717,
ahmad,16718,16718,
ahmad,16719,16719,
ahmad,16720,16720,
ahmad,16721,16721,
ahmad,16722,16722,
ahmad,16723,16723,
ahmad,16724,16724,
ahmad,16726,16726,
ahmad,16727,16727,
ahmad,16729,16729,
ahmad,16730,16730,
ahmad,16731,16731,
ahmad,16733,16733,
ahmad,16735,16735,
ahmad,16736,16736,
ahmad,16737,16737,
ahmad,16738,16738,
ahmad,16739,16739,
ahmad,16740,16740,
ahmad,16741,16741,
ahmad,16742,16742,
ahmad,16743,16743,
ahmad,16744,16744,
ahmad,16746,16746,
ahmad,16747,16747,
ahmad,16748,16748,
ahmad,16749,16749,
ahmad,16750,16750,
ahmad,16752,16752,
ahmad,16753,16753,
ahmad,16754,16754,
ahmad,16756,16756,
ahmad,16758,16758,
ahmad,16759,16759,
ahmad,16760,16760,
ahmad,16761,16761,
ahmad,16762,16762,
ahmad,16763,16763,
ahmad,16764,16764,
ahmad,16765,16765,
ahmad,16766,16766,
ahmad,16767,16767,
ahmad,16769,16769,
ahmad,16770,16770,
ahmad,16771,16771,
ahmad,16772,16772,
ahmad,16773,16773,
ahmad,16774,16774,
ahmad,16777,16777,
ahmad,16778,16778,
ahmad,16779,16779,
ahmad,16780,16780,
ahmad,16781,16781,
ahmad,16782,16782,
ahmad,16783,16783,
ahmad,16784,16784,
ahmad,16786,16786,
ahmad,16787,16787,
ahmad,16788,16788,
ahmad,16790,16790,
ahmad,16791,16791,
ahmad,16792,16792,
ahmad,16793,16793,
ahmad,16794,16794,
ahmad,16795,16795,
ahmad,16796,16796,
ahmad,16798,16798,
ahmad,16801,16801,
ahmad,16802,16802,
ahmad,16803,16803,
ahmad,16804,16804,
ahmad,16805,16805,
ahmad,16806,16806,
ahmad,16807,16807,
ahmad,16810,16810,
ahmad,16811,16811,
ahmad,16812,16812,
ahmad,16813,16813,
ahmad,16814,16814,
ahmad,16815,16815,
ahmad,16816,16816,
ahmad,16817,16817,
ahmad,16818,16818,
ahmad,16819,16819,
ahmad,16820,16820,
ahmad,16821,16821,
ahmad,16823,16823,
ahmad,16824,16824,
ahmad,16825,16825,
ahmad,16826,16826,
ahmad,16827,16827,
ahmad,16829,16829,
ahmad,16830,16830,
ahmad,16831,16831,
ahmad,16832,16832,
ahmad,16833,16833,
ahmad,16834,16834,
ahmad,16835,16835,
ahmad,16836,16836,
ahmad,16837,16837,
ahmad,16838,16838,
ahmad,16839,16839,
ahmad,16840,16840,
ahmad,16841,16841,
ahmad,16842,16842,
ahmad,16843,16843,
ahmad,16844,16844,
ahmad,16845,16845,
ahmad,16846,16846,
ahmad,16847,16847,
ahmad,16848,16848,
ahmad,16849,16849,
ahmad,16850,16850,
ahmad,16851,16851,
ahmad,16853,16853,
ahmad,16856,16856,
ahmad,16857,16857,
ahmad,16858,16858,
ahmad,16859,16859,
ahmad,16860,16860,
ahmad,16861,16861,
ahmad,16862,16862,
ahmad,16863,16863,
ahmad,16864,16864,
ahmad,16865,16865,
ahmad,16867,16867,
ahmad,16868,16868,
ahmad,16869,16869,
ahmad,16870,16870,
ahmad,16871,16871,
ahmad,16872,16872,
ahmad,16873,16873,
ahmad,16874,16874,
ahmad,16875,16875,
ahmad,16876,16876,
ahmad,16877,16877,
ahmad,16879,16879,
ahmad,16880,16880,
ahmad,16881,16881,
ahmad,16882,16882,
ahmad,16883,16883,
ahmad,16884,16884,
ahmad,16885,16885,
ahmad,16886,16886,
ahmad,16888,16888,
ahmad,16889,16889,
ahmad,16891,16891,
ahmad,16892,16892,
ahmad,16894,16894,
ahmad,16896,16896,
ahmad,16897,16897,
ahmad,16898,16898,
ahmad,16901,16901,
ahmad,16902,16902,
ahmad,16906,16906,
ahmad,16907,16907,
ahmad,16908,16908,
ahmad,16909,16909,
ahmad,16910,16910,
ahmad,16911,16911,
ahmad,16912,16912,
ahmad,16914,16914,
ahmad,16915,16915,
ahmad,16916,16916,
ahmad,16917,16917,
ahmad,16918,16918,
ahmad,16919,16919,
ahmad,16920,16920,
ahmad,16921,16921,
ahmad,16922,16922,
ahmad,16924,16924,
ahmad,16925,16925,
ahmad,16926,16926,
ahmad,16929,16929,
ahmad,16930,16930,
ahmad,16931,16931,
ahmad,16932,16932,
ahmad,16933,16933,
ahmad,16934,16934,
ahmad,16936,16936,
ahmad,16937,16937,
ahmad,16938,16938,
ahmad,16939,16939,
ahmad,16941,16941,
ahmad,16942,16942,
ahmad,16943,16943,
ahmad,16944,16944,
ahmad,16945,16945,
ahmad,16946,16946,
ahmad,16947,16947,
ahmad,16948,16948,
ahmad,16949,16949,
ahmad,16950,16950,
ahmad,16951,16951,
ahmad,16955,16955,
ahmad,16956,16956,
ahmad,16957,16957,
ahmad,16958,16958,
ahmad,16959,16959,
ahmad,16961,16961,
ahmad,16962,16962,
ahmad,16963,16963,
ahmad,16964,16964,
ahmad,16965,16965,
ahmad,16966,16966,
ahmad,16967,16967,
ahmad,16968,16968,
ahmad,16969,16969,
ahmad,16970,16970,
ahmad,16971,16971,
ahmad,16972,16972,
ahmad,16974,16974,
ahmad,16975,16975,
ahmad,16976,16976,
ahmad,16977,16977,
ahmad,16978,16978,
ahmad,16979,16979,
ahmad,16980,16980,
ahmad,16981,16981,
ahmad,16982,16982,
ahmad,16983,16983,
ahmad,16984,16984,
ahmad,16985,16985,
ahmad,16986,16986,
ahmad,16987,16987,
ahmad,16988,16988,
ahmad,16989,16989,
ahmad,16990,16990,
ahmad,16994,16994,
ahmad,16997,16997,
ahmad,17001,17001,
ahmad,17002,17002,
ahmad,17003,17003,
ahmad,17004,17004,
ahmad,17005,17005,
ahmad,17006,17006,
ahmad,17011,17011,
ahmad,17012,17012,
ahmad,17013,17013,
ahmad,17014,17014,
ahmad,17015,17015,
ahmad,17016,17016,
ahmad,17017,17017,
ahmad,17018,17018,
ahmad,17019,17019,
ahmad,17020,17020,
ahmad,17021,17021,
ahmad,17022,17022,
ahmad,17023,17023,
ahmad,17024,17024,
ahmad,17025,17025,
ahmad,17026,17026,
ahmad,17027,17027,
ahmad,17028,17028,
ahmad,17029,17029,
ahmad,17030,17030,
ahmad,17033,17033,
ahmad,17035,17035,
ahmad,17038,17038,
ahmad,17039,17039,
ahmad,17040,17040,
ahmad,17041,17041,
ahmad,17042,17042,
ahmad,17043,17043,
ahmad,17044,17044,
ahmad,17045,17045,
ahmad,17047,17047,
ahmad,17048,17048,
ahmad,17049,17049,
ahmad,17050,17050,
ahmad,17051,17051,
ahmad,17052,17052,
ahmad,17053,17053,
ahmad,17054,17054,
ahmad,17055,17055,
ahmad,17056,17056,
ahmad,17057,17057,
ahmad,17058,17058,
ahmad,17060,17060,
ahmad,17061,17061,
ahmad,17062,17062,
ahmad,17063,17063,
ahmad,17064,17064,
ahmad,17065,17065,
ahmad,17066,17066,
ahmad,17067,17067,
ahmad,17068,17068,
ahmad,17069,17069,
ahmad,17072,17072,
ahmad,17074,17074,
ahmad,17075,17075,
ahmad,17076,17076,
ahmad,17077,17077,
ahmad,17078,17078,
ahmad,17079,17079,
ahmad,17080,17080,
ahmad,17082,17082,
ahmad,17083,17083,
ahmad,17084,17084,
ahmad,17085,17085,
ahmad,17086,17086,
ahmad,17087,17087,
ahmad,17088,17088,
ahmad,17089,17089,
ahmad,17091,17091,
ahmad,17092,17092,
ahmad,17093,17093,
ahmad,17094,17094,
ahmad,17095,17095,
ahmad,17096,17096,
ahmad,17097,17097,
ahmad,17098,17098,
ahmad,17099,17099,
ahmad,17100,17100,
ahmad,17101,17101,
ahmad,17102,17102,
ahmad,17103,17103,
ahmad,17105,17105,
ahmad,17106,17106,
ahmad,17107,17107,
ahmad,17108,17108,
ahmad,17109,17109,
ahmad,17110,17110,
ahmad,17111,17111,
ahmad,17113,17113,
ahmad,17114,17114,
ahmad,17115,17115,
ahmad,17116,17116,
ahmad,17117,17117,
ahmad,17118,17118,
ahmad,17119,17119,
ahmad,17120,17120,
ahmad,17122,17122,
ahmad,17123,17123,
ahmad,17124,17124,
ahmad,17125,17125,
ahmad,17126,17126,
ahmad,17127,17127,
ahmad,17129,17129,
ahmad,17130,17130,
ahmad,17132,17132,
ahmad,17133,17133,
ahmad,17134,17134,
ahmad,17135,17135,
ahmad,17136,17136,
ahmad,17137,17137,
ahmad,17138,17138,
ahmad,17139,17139,
ahmad,17140,17140,
ahmad,17142,17142,
ahmad,17143,17143,
ahmad,17144,17144,
ahmad,17145,17145,
ahmad,17146,17146,
ahmad,17147,17147,
ahmad,17148,17148,
ahmad,17149,17149,
ahmad,17150,17150,
ahmad,17151,17151,
ahmad,17152,17152,
ahmad,17153,17153,
ahmad,17154,17154,
ahmad,17155,17155,
ahmad,17156,17156,
ahmad,17157,17157,
ahmad,17158,17158,
ahmad,17159,17159,
ahmad,17160,17160,
ahmad,17161,17161,
ahmad,17162,17162,
ahmad,17163,17163,
ahmad,17164,17164,
ahmad,17165,17165,
ahmad,17166,17166,
ahmad,17168,17168,
ahmad,17169,17169,
ahmad,17171,17171,
ahmad,17172,17172,
ahmad,17173,17173,
ahmad,17174,17174,
ahmad,17175,17175,
ahmad,17176,17176,
ahmad,17177,17177,
ahmad,17178,17178,
ahmad,17179,17179,
ahmad,17180,17180,
ahmad,17181,17181,
ahmad,17183,17183,
ahmad,17184,17184,
ahmad,17185,17185,
ahmad,17186,17186,
ahmad,17187,17187,
ahmad,17188,17188,
ahmad,17189,17189,
ahmad,17190,17190,
ahmad,17191,17191,
ahmad,17192,17192,
ahmad,17193,17193,
ahmad,17194,17194,
ahmad,17195,17195,
ahmad,17196,17196,
ahmad,17197,17197,
ahmad,17198,17198,
ahmad,17199,17199,
ahmad,17200,17200,
ahmad,17201,17201,
ahmad,17202,17202,
ahmad,17203,17203,
ahmad,17204,17204,
ahmad,17205,17205,
ahmad,17206,17206,
ahmad,17207,17207,
ahmad,17208,17208,
ahmad,17209,17209,
ahmad,17210,17210,
ahmad,17211,17211,
ahmad,17212,17212,
ahmad,17214,17214,
ahmad,17215,17215,
ahmad,17216,17216,
ahmad,17217,17217,
ahmad,17218,17218,
ahmad,17219,17219,
ahmad,17222,17222,
ahmad,17223,17223,
ahmad,17224,17224,
ahmad,17225,17225,
ahmad,17227,17227,
ahmad,17228,17228,
ahmad,17230,17230,
ahmad,17231,17231,
ahmad,17232,17232,
ahmad,17234,17234,
ahmad,17235,17235,
ahmad,17236,17236,
ahmad,17237,17237,
ahmad,17238,17238,
ahmad,17239,17239,
ahmad,17240,17240,
ahmad,17241,17241,
ahmad,17243,17243,
ahmad,17244,17244,
ahmad,17245,17245,
ahmad,17246,17246,
ahmad,17248,17248,
ahmad,17249,17249,
ahmad,17250,17250,
ahmad,17252,17252,
ahmad,17253,17253,
ahmad,17254,17254,
ahmad,17255,17255,
ahmad,17256,17256,
ahmad,17257,17257,
ahmad,17258,17258,
ahmad,17259,17259,
ahmad,17260,17260,
ahmad,17261,17261,
ahmad,17262,17262,
ahmad,17263,17263,
ahmad,17264,17264,
ahmad,17265,17265,
ahmad,17268,17268,
ahmad,17269,17269,
ahmad,17270,17270,
ahmad,17271,17271,
ahmad,17272,17272,
ahmad,17273,17273,
ahmad,17274,17274,
ahmad,17275,17275,
ahmad,17276,17276,
ahmad,17277,17277,
ahmad,17278,17278,
ahmad,17279,17279,
ahmad,17280,17280,
ahmad,17281,17281,
ahmad,17282,17282,
ahmad,17283,17283,
ahmad,17284,17284,
ahmad,17285,17285,
ahmad,17286,17286,
ahmad,17287,17287,
ahmad,17288,17288,
ahmad,17289,17289,
ahmad,17290,17290,
ahmad,17291,17291,
ahmad,17292,17292,
ahmad,17293,17293,
ahmad,17294,17294,
ahmad,17295,17295,
ahmad,17296,17296,
ahmad,17297,17297,
ahmad,17298,17298,
ahmad,17299,17299,
ahmad,17300,17300,
ahmad,17301,17301,
ahmad,17302,17302,
ahmad,17303,17303,
ahmad,17305,17305,
ahmad,17308,17308,
ahmad,17310,17310,
ahmad,17311,17311,
ahmad,17312,17312,
ahmad,17313,17313,
ahmad,17315,17315,
ahmad,17316,17316,
ahmad,17317,17317,
ahmad,17318,17318,
ahmad,17319,17319,
ahmad,17320,17320,
ahmad,17322,17322,
ahmad,17323,17323,
ahmad,17324,17324,
ahmad,17325,17325,
ahmad,17326,17326,
ahmad,17327,17327,
ahmad,17328,17328,
ahmad,17329,17329,
ahmad,17330,17330,
ahmad,17331,17331,
ahmad,17332,17332,
ahmad,17333,17333,
ahmad,17334,17334,
ahmad,17335,17335,
ahmad,17336,17336,
ahmad,17338,17338,
ahmad,17339,17339,
ahmad,17340,17340,
ahmad,17341,17341,
ahmad,17342,17342,
ahmad,17343,17343,
ahmad,17344,17344,
ahmad,17345,17345,
ahmad,17346,17346,
ahmad,17347,17347,
ahmad,17348,17348,
ahmad,17349,17349,
ahmad,17350,17350,
ahmad,17351,17351,
ahmad,17352,17352,
ahmad,17353,17353,
ahmad,17356,17356,
ahmad,17357,17357,
ahmad,17358,17358,
ahmad,17359,17359,
ahmad,17360,17360,
ahmad,17361,17361,
ahmad,17362,17362,
ahmad,17363,17363,
ahmad,17364,17364,
ahmad,17366,17366,
ahmad,17369,17369,
ahmad,17371,17371,
ahmad,17372,17372,
ahmad,17373,17373,
ahmad,17374,17374,
ahmad,17375,17375,
ahmad,17376,17376,
ahmad,17377,17377,
ahmad,17378,17378,
ahmad,17379,17379,
ahmad,17380,17380,
ahmad,17381,17381,
ahmad,17383,17383,
ahmad,17384,17384,
ahmad,17387,17387,
ahmad,17388,17388,
ahmad,17389,17389,
ahmad,17390,17390,
ahmad,17391,17391,
ahmad,17392,17392,
ahmad,17393,17393,
ahmad,17395,17395,
ahmad,17396,17396,
ahmad,17397,17397,
ahmad,17398,17398,
ahmad,17399,17399,
ahmad,17400,17400,
ahmad,17401,17401,
ahmad,17402,17402,
ahmad,17403,17403,
ahmad,17404,17404,
ahmad,17405,17405,
ahmad,17406,17406,
ahmad,17407,17407,
ahmad,17408,17408,
ahmad,17409,17409,
ahmad,17410,17410,
ahmad,17411,17411,
ahmad,17412,17412,
ahmad,17413,17413,
ahmad,17414,17414,
ahmad,17415,17415,
ahmad,17416,17416,
ahmad,17417,17417,
ahmad,17418,17418,
ahmad,17419,17419,
ahmad,17420,17420,
ahmad,17421,17421,
ahmad,17422,17422,
ahmad,17423,17423,
ahmad,17424,17424,
ahmad,17425,17425,
ahmad,17426,17426,
ahmad,17427,17427,
ahmad,17428,17428,
ahmad,17429,17429,
ahmad,17430,17430,
ahmad,17431,17431,
ahmad,17432,17432,
ahmad,17433,17433,
ahmad,17434,17434,
ahmad,17435,17435,
ahmad,17436,17436,
ahmad,17437,17437,
ahmad,17438,17438,
ahmad,17439,17439,
ahmad,17440,17440,
ahmad,17441,17441,
ahmad,17442,17442,
ahmad,17443,17443,
ahmad,17444,17444,
ahmad,17445,17445,
ahmad,17447,17447,
ahmad,17449,17449,
ahmad,17450,17450,
ahmad,17451,17451,
ahmad,17452,17452,
ahmad,17453,17453,
ahmad,17455,17455,
ahmad,17456,17456,
ahmad,17458,17458,
ahmad,17459,17459,
ahmad,17460,17460,
ahmad,17461,17461,
ahmad,17462,17462,
ahmad,17464,17464,
ahmad,17465,17465,
ahmad,17466,17466,
ahmad,17467,17467,
ahmad,17468,17468,
ahmad,17469,17469,
ahmad,17470,17470,
ahmad,17471,17471,
ahmad,17472,17472,
ahmad,17473,17473,
ahmad,17474,17474,
ahmad,17475,17475,
ahmad,17476,17476,
ahmad,17477,17477,
ahmad,17478,17478,
ahmad,17479,17479,
ahmad,17480,17480,
ahmad,17482,17482,
ahmad,17483,17483,
ahmad,17484,17484,
ahmad,17485,17485,
ahmad,17487,17487,
ahmad,17488,17488,
ahmad,17489,17489,
ahmad,17490,17490,
ahmad,17491,17491,
ahmad,17492,17492,
ahmad,17493,17493,
ahmad,17494,17494,
ahmad,17496,17496,
ahmad,17497,17497,
ahmad,17498,17498,
ahmad,17499,17499,
ahmad,17501,17501,
ahmad,17502,17502,
ahmad,17503,17503,
ahmad,17504,17504,
ahmad,17505,17505,
ahmad,17506,17506,
ahmad,17508,17508,
ahmad,17510,17510,
ahmad,17511,17511,
ahmad,17512,17512,
ahmad,17513,17513,
ahmad,17514,17514,
ahmad,17516,17516,
ahmad,17517,17517,
ahmad,17520,17520,
ahmad,17521,17521,
ahmad,17522,17522,
ahmad,17523,17523,
ahmad,17524,17524,
ahmad,17525,17525,
ahmad,17526,17526,
ahmad,17527,17527,
ahmad,17528,17528,
ahmad,17529,17529,
ahmad,17530,17530,
ahmad,17531,17531,
ahmad,17532,17532,
ahmad,17533,17533,
ahmad,17534,17534,
ahmad,17535,17535,
ahmad,17536,17536,
ahmad,17537,17537,
ahmad,17538,17538,
ahmad,17539,17539,
ahmad,17540,17540,
ahmad,17541,17541,
ahmad,17542,17542,
ahmad,17543,17543,
ahmad,17544,17544,
ahmad,17545,17545,
ahmad,17546,17546,
ahmad,17547,17547,
ahmad,17548,17548,
ahmad,17551,17551,
ahmad,17552,17552,
ahmad,17553,17553,
ahmad,17554,17554,
ahmad,17555,17555,
ahmad,17556,17556,
ahmad,17557,17557,
ahmad,17558,17558,
ahmad,17559,17559,
ahmad,17560,17560,
ahmad,17561,17561,
ahmad,17562,17562,
ahmad,17563,17563,
ahmad,17564,17564,
ahmad,17565,17565,
ahmad,17566,17566,
ahmad,17567,17567,
ahmad,17568,17568,
ahmad,17569,17569,
ahmad,17570,17570,
ahmad,17571,17571,
ahmad,17572,17572,
ahmad,17574,17574,
ahmad,17575,17575,
ahmad,17576,17576,
ahmad,17578,17578,
ahmad,17579,17579,
ahmad,17580,17580,
ahmad,17581,17581,
ahmad,17582,17582,
ahmad,17583,17583,
ahmad,17584,17584,
ahmad,17586,17586,
ahmad,17587,17587,
ahmad,17588,17588,
ahmad,17589,17589,
ahmad,17590,17590,
ahmad,17591,17591,
ahmad,17592,17592,
ahmad,17593,17593,
ahmad,17594,17594,
ahmad,17595,17595,
ahmad,17596,17596,
ahmad,17597,17597,
ahmad,17598,17598,
ahmad,17599,17599,
ahmad,17600,17600,
ahmad,17601,17601,
ahmad,17602,17602,
ahmad,17603,17603,
ahmad,17605,17605,
ahmad,17606,17606,
ahmad,17608,17608,
ahmad,17611,17611,
ahmad,17612,17612,
ahmad,17613,17613,
ahmad,17614,17614,
ahmad,17615,17615,
ahmad,17616,17616,
ahmad,17617,17617,
ahmad,17618,17618,
ahmad,17619,17619,
ahmad,17620,17620,
ahmad,17623,17623,
ahmad,17624,17624,
ahmad,17625,17625,
ahmad,17626,17626,
ahmad,17627,17627,
ahmad,17628,17628,
ahmad,17630,17630,
ahmad,17631,17631,
ahmad,17632,17632,
ahmad,17633,17633,
ahmad,17634,17634,
ahmad,17635,17635,
ahmad,17636,17636,
ahmad,17638,17638,
ahmad,17639,17639,
ahmad,17640,17640,
ahmad,17641,17641,
ahmad,17643,17643,
ahmad,17644,17644,
ahmad,17645,17645,
ahmad,17646,17646,
ahmad,17648,17648,
ahmad,17649,17649,
ahmad,17650,17650,
ahmad,17651,17651,
ahmad,17652,17652,
ahmad,17653,17653,
ahmad,17654,17654,
ahmad,17656,17656,
ahmad,17657,17657,
ahmad,17658,17658,
ahmad,17659,17659,
ahmad,17660,17660,
ahmad,17661,17661,
ahmad,17662,17662,
ahmad,17663,17663,
ahmad,17664,17664,
ahmad,17665,17665,
ahmad,17666,17666,
ahmad,17667,17667,
ahmad,17668,17668,
ahmad,17669,17669,
ahmad,17670,17670,
ahmad,17671,17671,
ahmad,17672,17672,
ahmad,17673,17673,
ahmad,17675,17675,
ahmad,17676,17676,
ahmad,17677,17677,
ahmad,17678,17678,
ahmad,17679,17679,
ahmad,17680,17680,
ahmad,17681,17681,
ahmad,17682,17682,
ahmad,17683,17683,
ahmad,17684,17684,
ahmad,17685,17685,
ahmad,17686,17686,
ahmad,17687,17687,
ahmad,17688,17688,
ahmad,17689,17689,
ahmad,17690,17690,
ahmad,17691,17691,
ahmad,17692,17692,
ahmad,17694,17694,
ahmad,17695,17695,
ahmad,17696,17696,
ahmad,17697,17697,
ahmad,17698,17698,
ahmad,17699,17699,
ahmad,17700,17700,
ahmad,17701,17701,
ahmad,17702,17702,
ahmad,17703,17703,
ahmad,17704,17704,
ahmad,17705,17705,
ahmad,17706,17706,
ahmad,17707,17707,
ahmad,17708,17708,
ahmad,17709,17709,
ahmad,17710,17710,
ahmad,17711,17711,
ahmad,17713,17713,
ahmad,17714,17714,
ahmad,17715,17715,
ahmad,17716,17716,
ahmad,17717,17717,
ahmad,17718,17718,
ahmad,17719,17719,
ahmad,17721,17721,
ahmad,17724,17724,
ahmad,17725,17725,
ahmad,17726,17726,
ahmad,17727,17727,
ahmad,17728,17728,
ahmad,17729,17729,
ahmad,17730,17730,
ahmad,17731,17731,
ahmad,17732,17732,
ahmad,17734,17734,
ahmad,17735,17735,
ahmad,17736,17736,
ahmad,17737,17737,
ahmad,17738,17738,
ahmad,17739,17739,
ahmad,17741,17741,
ahmad,17747,17747,
ahmad,17748,17748,
ahmad,17750,17750,
ahmad,17751,17751,
ahmad,17752,17752,
ahmad,17755,17755,
ahmad,17757,17757,
ahmad,17758,17758,
ahmad,17759,17759,
ahmad,17760,17760,
ahmad,17761,17761,
ahmad,17762,17762,
ahmad,17763,17763,
ahmad,17764,17764,
ahmad,17765,17765,
ahmad,17766,17766,
ahmad,17768,17768,
ahmad,17769,17769,
ahmad,17770,17770,
ahmad,17771,17771,
ahmad,17772,17772,
ahmad,17773,17773,
ahmad,17775,17775,
ahmad,17777,17777,
ahmad,17781,17781,
ahmad,17782,17782,
ahmad,17783,17783,
ahmad,17784,17784,
ahmad,17785,17785,
ahmad,17786,17786,
ahmad,17787,17787,
ahmad,17788,17788,
ahmad,17789,17789,
ahmad,17790,17790,
ahmad,17791,17791,
ahmad,17792,17792,
ahmad,17793,17793,
ahmad,17796,17796,
ahmad,17797,17797,
ahmad,17798,17798,
ahmad,17800,17800,
ahmad,17801,17801,
ahmad,17802,17802,
ahmad,17803,17803,
ahmad,17804,17804,
ahmad,17805,17805,
ahmad,17806,17806,
ahmad,17807,17807,
ahmad,17808,17808,
ahmad,17809,17809,
ahmad,17810,17810,
ahmad,17811,17811,
ahmad,17812,17812,
ahmad,17813,17813,
ahmad,17814,17814,
ahmad,17815,17815,
ahmad,17816,17816,
ahmad,17818,17818,
ahmad,17819,17819,
ahmad,17820,17820,
ahmad,17822,17822,
ahmad,17823,17823,
ahmad,17824,17824,
ahmad,17826,17826,
ahmad,17827,17827,
ahmad,17829,17829,
ahmad,17830,17830,
ahmad,17831,17831,
ahmad,17834,17834,
ahmad,17836,17836,
ahmad,17837,17837,
ahmad,17838,17838,
ahmad,17839,17839,
ahmad,17840,17840,
ahmad,17841,17841,
ahmad,17842,17842,
ahmad,17843,17843,
ahmad,17845,17845,
ahmad,17846,17846,
ahmad,17848,17848,
ahmad,17849,17849,
ahmad,17853,17853,
ahmad,17854,17854,
ahmad,17855,17855,
ahmad,17857,17857,
ahmad,17858,17858,
ahmad,17859,17859,
ahmad,17860,17860,
ahmad,17861,17861,
ahmad,17862,17862,
ahmad,17863,17863,
ahmad,17864,17864,
ahmad,17865,17865,
ahmad,17866,17866,
ahmad,17867,17867,
ahmad,17868,17868,
ahmad,17869,17869,
ahmad,17870,17870,
ahmad,17871,17871,
ahmad,17872,17872,
ahmad,17873,17873,
ahmad,17874,17874,
ahmad,17876,17876,
ahmad,17877,17877,
ahmad,17878,17878,
ahmad,17879,17879,
ahmad,17880,17880,
ahmad,17882,17882,
ahmad,17883,17883,
ahmad,17884,17884,
ahmad,17885,17885,
ahmad,17886,17886,
ahmad,17887,17887,
ahmad,17888,17888,
ahmad,17889,17889,
ahmad,17890,17890,
ahmad,17891,17891,
ahmad,17894,17894,
ahmad,17895,17895,
ahmad,17896,17896,
ahmad,17897,17897,
ahmad,17899,17899,
ahmad,17900,17900,
ahmad,17901,17901,
ahmad,17902,17902,
ahmad,17903,17903,
ahmad,17904,17904,
ahmad,17905,17905,
ahmad,17906,17906,
ahmad,17907,17907,
ahmad,17908,17908,
ahmad,17909,17909,
ahmad,17910,17910,
ahmad,17911,17911,
ahmad,17912,17912,
ahmad,17913,17913,
ahmad,17915,17915,
ahmad,17916,17916,
ahmad,17917,17917,
ahmad,17918,17918,
ahmad,17919,17919,
ahmad,17920,17920,
ahmad,17921,17921,
ahmad,17922,17922,
ahmad,17923,17923,
ahmad,17924,17924,
ahmad,17925,17925,
ahmad,17926,17926,
ahmad,17927,17927,
ahmad,17928,17928,
ahmad,17929,17929,
ahmad,17930,17930,
ahmad,17931,17931,
ahmad,17932,17932,
ahmad,17933,17933,
ahmad,17934,17934,
ahmad,17935,17935,
ahmad,17938,17938,
ahmad,17939,17939,
ahmad,17941,17941,
ahmad,17942,17942,
ahmad,17943,17943,
ahmad,17945,17945,
ahmad,17947,17947,
ahmad,17948,17948,
ahmad,17949,17949,
ahmad,17950,17950,
ahmad,17951,17951,
ahmad,17952,17952,
ahmad,17953,17953,
ahmad,17954,17954,
ahmad,17955,17955,
ahmad,17956,17956,
ahmad,17957,17957,
ahmad,17958,17958,
ahmad,17959,17959,
ahmad,17960,17960,
ahmad,17961,17961,
ahmad,17962,17962,
ahmad,17963,17963,
ahmad,17964,17964,
ahmad,17965,17965,
ahmad,17966,17966,
ahmad,17967,17967,
ahmad,17969,17969,
ahmad,17970,17970,
ahmad,17971,17971,
ahmad,17972,17972,
ahmad,17973,17973,
ahmad,17974,17974,
ahmad,17975,17975,
ahmad,17976,17976,
ahmad,17977,17977,
ahmad,17978,17978,
ahmad,17979,17979,
ahmad,17980,17980,
ahmad,17981,17981,
ahmad,17982,17982,
ahmad,17984,17984,
ahmad,17985,17985,
ahmad,17986,17986,
ahmad,17987,17987,
ahmad,17988,17988,
ahmad,17989,17989,
ahmad,17990,17990,
ahmad,17991,17991,
ahmad,17992,17992,
ahmad,17993,17993,
ahmad,17994,17994,
ahmad,17995,17995,
ahmad,17996,17996,
ahmad,17997,17997,
ahmad,17998,17998,
ahmad,17999,17999,
ahmad,18000,18000,
ahmad,18001,18001,
ahmad,18002,18002,
ahmad,18003,18003,
ahmad,18004,18004,
ahmad,18005,18005,
ahmad,18006,18006,
ahmad,18007,18007,
ahmad,18008,18008,
ahmad,18009,18009,
ahmad,18010,18010,
ahmad,18011,18011,
ahmad,18012,18012,
ahmad,18013,18013,
ahmad,18014,18014,
ahmad,18015,18015,
ahmad,18016,18016,
ahmad,18017,18017,
ahmad,18018,18018,
ahmad,18020,18020,
ahmad,18021,18021,
ahmad,18022,18022,
ahmad,18024,18024,
ahmad,18025,18025,
ahmad,18026,18026,
ahmad,18027,18027,
ahmad,18028,18028,
ahmad,18029,18029,
ahmad,18031,18031,
ahmad,18032,18032,
ahmad,18033,18033,
ahmad,18035,18035,
ahmad,18036,18036,
ahmad,18037,18037,
ahmad,18038,18038,
ahmad,18040,18040,
ahmad,18041,18041,
ahmad,18042,18042,
ahmad,18043,18043,
ahmad,18044,18044,
ahmad,18045,18045,
ahmad,18046,18046,
ahmad,18047,18047,
ahmad,18048,18048,
ahmad,18049,18049,
ahmad,18050,18050,
ahmad,18051,18051,
ahmad,18052,18052,
ahmad,18053,18053,
ahmad,18054,18054,
ahmad,18055,18055,
ahmad,18056,18056,
ahmad,18057,18057,
ahmad,18058,18058,
ahmad,18059,18059,
ahmad,18060,18060,
ahmad,18061,18061,
ahmad,18064,18064,
ahmad,18067,18067,
ahmad,18068,18068,
ahmad,18069,18069,
ahmad,18070,18070,
ahmad,18071,18071,
ahmad,18073,18073,
ahmad,18074,18074,
ahmad,18075,18075,
ahmad,18076,18076,
ahmad,18077,18077,
ahmad,18079,18079,
ahmad,18080,18080,
ahmad,18082,18082,
ahmad,18083,18083,
ahmad,18084,18084,
ahmad,18085,18085,
ahmad,18086,18086,
ahmad,18087,18087,
ahmad,18088,18088,
ahmad,18089,18089,
ahmad,18090,18090,
ahmad,18091,18091,
ahmad,18092,18092,
ahmad,18093,18093,
ahmad,18094,18094,
ahmad,18095,18095,
ahmad,18096,18096,
ahmad,18097,18097,
ahmad,18098,18098,
ahmad,18099,18099,
ahmad,18101,18101,
ahmad,18102,18102,
ahmad,18103,18103,
ahmad,18104,18104,
ahmad,18106,18106,
ahmad,18107,18107,
ahmad,18108,18108,
ahmad,18109,18109,
ahmad,18110,18110,
ahmad,18111,18111,
ahmad,18112,18112,
ahmad,18113,18113,
ahmad,18114,18114,
ahmad,18115,18115,
ahmad,18116,18116,
ahmad,18117,18117,
ahmad,18118,18118,
ahmad,18119,18119,
ahmad,18120,18120,
ahmad,18121,18121,
ahmad,18122,18122,
ahmad,18123,18123,
ahmad,18124,18124,
ahmad,18126,18126,
ahmad,18128,18128,
ahmad,18129,18129,
ahmad,18130,18130,
ahmad,18131,18131,
ahmad,18132,18132,
ahmad,18133,18133,
ahmad,18134,18134,
ahmad,18135,18135,
ahmad,18136,18136,
ahmad,18137,18137,
ahmad,18138,18138,
ahmad,18139,18139,
ahmad,18140,18140,
ahmad,18141,18141,
ahmad,18142,18142,
ahmad,18143,18143,
ahmad,18144,18144,
ahmad,18145,18145,
ahmad,18146,18146,
ahmad,18147,18147,
ahmad,18148,18148,
ahmad,18149,18149,
ahmad,18150,18150,
ahmad,18151,18151,
ahmad,18152,18152,
ahmad,18153,18153,
ahmad,18154,18154,
ahmad,18155,18155,
ahmad,18156,18156,
ahmad,18157,18157,
ahmad,18158,18158,
ahmad,18159,18159,
ahmad,18160,18160,
ahmad,18161,18161,
ahmad,18162,18162,
ahmad,18163,18163,
ahmad,18164,18164,
ahmad,18165,18165,
ahmad,18166,18166,
ahmad,18167,18167,
ahmad,18168,18168,
ahmad,18169,18169,
ahmad,18170,18170,
ahmad,18171,18171,
ahmad,18172,18172,
ahmad,18173,18173,
ahmad,18174,18174,
ahmad,18175,18175,
ahmad,18176,18176,
ahmad,18177,18177,
ahmad,18178,18178,
ahmad,18179,18179,
ahmad,18180,18180,
ahmad,18181,18181,
ahmad,18182,18182,
ahmad,18183,18183,
ahmad,18184,18184,
ahmad,18185,18185,
ahmad,18187,18187,
ahmad,18188,18188,
ahmad,18189,18189,
ahmad,18191,18191,
ahmad,18192,18192,
ahmad,18193,18193,
ahmad,18194,18194,
ahmad,18195,18195,
ahmad,18196,18196,
ahmad,18197,18197,
ahmad,18198,18198,
ahmad,18199,18199,
ahmad,18200,18200,
ahmad,18201,18201,
ahmad,18202,18202,
ahmad,18203,18203,
ahmad,18204,18204,
ahmad,18205,18205,
ahmad,18206,18206,
ahmad,18207,18207,
ahmad,18209,18209,
ahmad,18210,18210,
ahmad,18211,18211,
ahmad,18212,18212,
ahmad,18214,18214,
ahmad,18215,18215,
ahmad,18216,18216,
ahmad,18217,18217,
ahmad,18218,18218,
ahmad,18219,18219,
ahmad,18220,18220,
ahmad,18221,18221,
ahmad,18222,18222,
ahmad,18223,18223,
ahmad,18224,18224,
ahmad,18225,18225,
ahmad,18226,18226,
ahmad,18227,18227,
ahmad,18228,18228,
ahmad,18229,18229,
ahmad,18231,18231,
ahmad,18232,18232,
ahmad,18233,18233,
ahmad,18235,18235,
ahmad,18237,18237,
ahmad,18238,18238,
ahmad,18239,18239,
ahmad,18240,18240,
ahmad,18241,18241,
ahmad,18242,18242,
ahmad,18243,18243,
ahmad,18246,18246,
ahmad,18247,18247,
ahmad,18248,18248,
ahmad,18250,18250,
ahmad,18251,18251,
ahmad,18252,18252,
ahmad,18253,18253,
ahmad,18255,18255,
ahmad,18256,18256,
ahmad,18257,18257,
ahmad,18258,18258,
ahmad,18259,18259,
ahmad,18260,18260,
ahmad,18262,18262,
ahmad,18263,18263,
ahmad,18264,18264,
ahmad,18265,18265,
ahmad,18267,18267,
ahmad,18268,18268,
ahmad,18269,18269,
ahmad,18270,18270,
ahmad,18271,18271,
ahmad,18272,18272,
ahmad,18273,18273,
ahmad,18274,18274,
ahmad,18275,18275,
ahmad,18276,18276,
ahmad,18277,18277,
ahmad,18278,18278,
ahmad,18279,18279,
ahmad,18282,18282,
ahmad,18283,18283,
ahmad,18285,18285,
ahmad,18286,18286,
ahmad,18287,18287,
ahmad,18288,18288,
ahmad,18289,18289,
ahmad,18290,18290,
ahmad,18291,18291,
ahmad,18292,18292,
ahmad,18293,18293,
ahmad,18294,18294,
ahmad,18295,18295,
ahmad,18296,18296,
ahmad,18297,18297,
ahmad,18298,18298,
ahmad,18300,18300,
ahmad,18301,18301,
ahmad,18302,18302,
ahmad,18303,18303,
ahmad,18305,18305,
ahmad,18306,18306,
ahmad,18308,18308,
ahmad,18309,18309,
ahmad,18310,18310,
ahmad,18311,18311,
ahmad,18312,18312,
ahmad,18313,18313,
ahmad,18314,18314,
ahmad,18315,18315,
ahmad,18316,18316,
ahmad,18317,18317,
ahmad,18318,18318,
ahmad,18319,18319,
ahmad,18320,18320,
ahmad,18321,18321,
ahmad,18322,18322,
ahmad,18323,18323,
ahmad,18324,18324,
ahmad,18325,18325,
ahmad,18326,18326,
ahmad,18328,18328,
ahmad,18329,18329,
ahmad,18330,18330,
ahmad,18331,18331,
ahmad,18333,18333,
ahmad,18335,18335,
ahmad,18336,18336,
ahmad,18337,18337,
ahmad,18338,18338,
ahmad,18339,18339,
ahmad,18340,18340,
ahmad,18341,18341,
ahmad,18342,18342,
ahmad,18343,18343,
ahmad,18344,18344,
ahmad,18345,18345,
ahmad,18346,18346,
ahmad,18347,18347,
ahmad,18348,18348,
ahmad,18349,18349,
ahmad,18350,18350,
ahmad,18351,18351,
ahmad,18352,18352,
ahmad,18354,18354,
ahmad,18355,18355,
ahmad,18356,18356,
ahmad,18357,18357,
ahmad,18358,18358,
ahmad,18359,18359,
ahmad,18360,18360,
ahmad,18361,18361,
ahmad,18362,18362,
ahmad,18363,18363,
ahmad,18364,18364,
ahmad,18365,18365,
ahmad,18366,18366,
ahmad,18367,18367,
ahmad,18368,18368,
ahmad,18369,18369,
ahmad,18370,18370,
ahmad,18374,18374,
ahmad,18376,18376,
ahmad,18378,18378,
ahmad,18379,18379,
ahmad,18380,18380,
ahmad,18382,18382,
ahmad,18383,18383,
ahmad,18384,18384,
ahmad,18385,18385,
ahmad,18387,18387,
ahmad,18388,18388,
ahmad,18389,18389,
ahmad,18390,18390,
ahmad,18391,18391,
ahmad,18392,18392,
ahmad,18395,18395,
ahmad,18396,18396,
ahmad,18399,18399,
ahmad,18401,18401,
ahmad,18402,18402,
ahmad,18403,18403,
ahmad,18404,18404,
ahmad,18405,18405,
ahmad,18406,18406,
ahmad,18407,18407,
ahmad,18408,18408,
ahmad,18409,18409,
ahmad,18410,18410,
ahmad,18411,18411,
ahmad,18412,18412,
ahmad,18413,18413,
ahmad,18414,18414,
ahmad,18415,18415,
ahmad,18416,18416,
ahmad,18417,18417,
ahmad,18418,18418,
ahmad,18419,18419,
ahmad,18420,18420,
ahmad,18421,18421,
ahmad,18422,18422,
ahmad,18423,18423,
ahmad,18424,18424,
ahmad,18425,18425,
ahmad,18426,18426,
ahmad,18427,18427,
ahmad,18428,18428,
ahmad,18429,18429,
ahmad,18430,18430,
ahmad,18431,18431,
ahmad,18432,18432,
ahmad,18434,18434,
ahmad,18435,18435,
ahmad,18436,18436,
ahmad,18437,18437,
ahmad,18440,18440,
ahmad,18441,18441,
ahmad,18442,18442,
ahmad,18443,18443,
ahmad,18444,18444,
ahmad,18446,18446,
ahmad,18447,18447,
ahmad,18448,18448,
ahmad,18449,18449,
ahmad,18450,18450,
ahmad,18451,18451,
ahmad,18452,18452,
ahmad,18453,18453,
ahmad,18454,18454,
ahmad,18455,18455,
ahmad,18456,18456,
ahmad,18457,18457,
ahmad,18458,18458,
ahmad,18459,18459,
ahmad,18460,18460,
ahmad,18461,18461,
ahmad,18462,18462,
ahmad,18463,18463,
ahmad,18464,18464,
ahmad,18465,18465,
ahmad,18466,18466,
ahmad,18467,18467,
ahmad,18468,18468,
ahmad,18469,18469,
ahmad,18470,18470,
ahmad,18471,18471,
ahmad,18472,18472,
ahmad,18473,18473,
ahmad,18474,18474,
ahmad,18475,18475,
ahmad,18476,18476,
ahmad,18477,18477,
ahmad,18478,18478,
ahmad,18480,18480,
ahmad,18481,18481,
ahmad,18482,18482,
ahmad,18484,18484,
ahmad,18485,18485,
ahmad,18486,18486,
ahmad,18487,18487,
ahmad,18488,18488,
ahmad,18489,18489,
ahmad,18490,18490,
ahmad,18491,18491,
ahmad,18492,18492,
ahmad,18493,18493,
ahmad,18494,18494,
ahmad,18495,18495,
ahmad,18496,18496,
ahmad,18497,18497,
ahmad,18498,18498,
ahmad,18499,18499,
ahmad,18500,18500,
ahmad,18502,18502,
ahmad,18504,18504,
ahmad,18505,18505,
ahmad,18506,18506,
ahmad,18507,18507,
ahmad,18508,18508,
ahmad,18509,18509,
ahmad,18510,18510,
ahmad,18511,18511,
ahmad,18512,18512,
ahmad,18513,18513,
ahmad,18514,18514,
ahmad,18518,18518,
ahmad,18519,18519,
ahmad,18520,18520,
ahmad,18521,18521,
ahmad,18523,18523,
ahmad,18524,18524,
ahmad,18525,18525,
ahmad,18526,18526,
ahmad,18527,18527,
ahmad,18528,18528,
ahmad,18529,18529,
ahmad,18532,18532,
ahmad,18533,18533,
ahmad,18535,18535,
ahmad,18536,18536,
ahmad,18538,18538,
ahmad,18539,18539,
ahmad,18540,18540,
ahmad,18541,18541,
ahmad,18542,18542,
ahmad,18543,18543,
ahmad,18544,18544,
ahmad,18545,18545,
ahmad,18546,18546,
ahmad,18547,18547,
ahmad,18548,18548,
ahmad,18549,18549,
ahmad,18551,18551,
ahmad,18552,18552,
ahmad,18553,18553,
ahmad,18554,18554,
ahmad,18555,18555,
ahmad,18556,18556,
ahmad,18557,18557,
ahmad,18558,18558,
ahmad,18559,18559,
ahmad,18560,18560,
ahmad,18561,18561,
ahmad,18562,18562,
ahmad,18563,18563,
ahmad,18564,18564,
ahmad,18565,18565,
ahmad,18566,18566,
ahmad,18567,18567,
ahmad,18568,18568,
ahmad,18569,18569,
ahmad,18570,18570,
ahmad,18572,18572,
ahmad,18573,18573,
ahmad,18574,18574,
ahmad,18575,18575,
ahmad,18576,18576,
ahmad,18577,18577,
ahmad,18578,18578,
ahmad,18579,18579,
ahmad,18580,18580,
ahmad,18582,18582,
ahmad,18583,18583,
ahmad,18584,18584,
ahmad,18585,18585,
ahmad,18586,18586,
ahmad,18587,18587,
ahmad,18588,18588,
ahmad,18589,18589,
ahmad,18590,18590,
ahmad,18591,18591,
ahmad,18592,18592,
ahmad,18594,18594,
ahmad,18595,18595,
ahmad,18596,18596,
ahmad,18599,18599,
ahmad,18600,18600,
ahmad,18601,18601,
ahmad,18602,18602,
ahmad,18603,18603,
ahmad,18604,18604,
ahmad,18605,18605,
ahmad,18606,18606,
ahmad,18607,18607,
ahmad,18608,18608,
ahmad,18609,18609,
ahmad,18610,18610,
ahmad,18611,18611,
ahmad,18612,18612,
ahmad,18614,18614,
ahmad,18615,18615,
ahmad,18616,18616,
ahmad,18617,18617,
ahmad,18618,18618,
ahmad,18619,18619,
ahmad,18620,18620,
ahmad,18621,18621,
ahmad,18622,18622,
ahmad,18623,18623,
ahmad,18624,18624,
ahmad,18625,18625,
ahmad,18626,18626,
ahmad,18627,18627,
ahmad,18628,18628,
ahmad,18629,18629,
ahmad,18630,18630,
ahmad,18631,18631,
ahmad,18632,18632,
ahmad,18633,18633,
ahmad,18634,18634,
ahmad,18635,18635,
ahmad,18636,18636,
ahmad,18637,18637,
ahmad,18639,18639,
ahmad,18640,18640,
ahmad,18642,18642,
ahmad,18643,18643,
ahmad,18644,18644,
ahmad,18645,18645,
ahmad,18647,18647,
ahmad,18649,18649,
ahmad,18650,18650,
ahmad,18651,18651,
ahmad,18652,18652,
ahmad,18653,18653,
ahmad,18654,18654,
ahmad,18655,18655,
ahmad,18656,18656,
ahmad,18658,18658,
ahmad,18659,18659,
ahmad,18660,18660,
ahmad,18661,18661,
ahmad,18662,18662,
ahmad,18663,18663,
ahmad,18664,18664,
ahmad,18665,18665,
ahmad,18666,18666,
ahmad,18667,18667,
ahmad,18668,18668,
ahmad,18670,18670,
ahmad,18671,18671,
ahmad,18672,18672,
ahmad,18673,18673,
ahmad,18675,18675,
ahmad,18676,18676,
ahmad,18677,18677,
ahmad,18678,18678,
ahmad,18679,18679,
ahmad,18680,18680,
ahmad,18681,18681,
ahmad,18682,18682,
ahmad,18684,18684,
ahmad,18686,18686,
ahmad,18687,18687,
ahmad,18688,18688,
ahmad,18689,18689,
ahmad,18690,18690,
ahmad,18691,18691,
ahmad,18692,18692,
ahmad,18693,18693,
ahmad,18694,18694,
ahmad,18695,18695,
ahmad,18696,18696,
ahmad,18697,18697,
ahmad,18698,18698,
ahmad,18699,18699,
ahmad,18700,18700,
ahmad,18701,18701,
ahmad,18702,18702,
ahmad,18703,18703,
ahmad,18704,18704,
ahmad,18705,18705,
ahmad,18706,18706,
ahmad,18707,18707,
ahmad,18708,18708,
ahmad,18709,18709,
ahmad,18710,18710,
ahmad,18711,18711,
ahmad,18713,18713,
ahmad,18714,18714,
ahmad,18715,18715,
ahmad,18716,18716,
ahmad,18717,18717,
ahmad,18719,18719,
ahmad,18720,18720,
ahmad,18721,18721,
ahmad,18723,18723,
ahmad,18725,18725,
ahmad,18726,18726,
ahmad,18727,18727,
ahmad,18728,18728,
ahmad,18729,18729,
ahmad,18730,18730,
ahmad,18731,18731,
ahmad,18732,18732,
ahmad,18733,18733,
ahmad,18734,18734,
ahmad,18735,18735,
ahmad,18736,18736,
ahmad,18737,18737,
ahmad,18738,18738,
ahmad,18739,18739,
ahmad,18740,18740,
ahmad,18741,18741,
ahmad,18742,18742,
ahmad,18743,18743,
ahmad,18745,18745,
ahmad,18746,18746,
ahmad,18747,18747,
ahmad,18748,18748,
ahmad,18750,18750,
ahmad,18751,18751,
ahmad,18752,18752,
ahmad,18754,18754,
ahmad,18755,18755,
ahmad,18756,18756,
ahmad,18757,18757,
ahmad,18758,18758,
ahmad,18759,18759,
ahmad,18760,18760,
ahmad,18761,18761,
ahmad,18762,18762,
ahmad,18763,18763,
ahmad,18764,18764,
ahmad,18765,18765,
ahmad,18766,18766,
ahmad,18767,18767,
ahmad,18768,18768,
ahmad,18769,18769,
ahmad,18770,18770,
ahmad,18771,18771,
ahmad,18772,18772,
ahmad,18773,18773,
ahmad,18775,18775,
ahmad,18777,18777,
ahmad,18778,18778,
ahmad,18779,18779,
ahmad,18780,18780,
ahmad,18781,18781,
ahmad,18782,18782,
ahmad,18783,18783,
ahmad,18784,18784,
ahmad,18785,18785,
ahmad,18786,18786,
ahmad,18787,18787,
ahmad,18788,18788,
ahmad,18789,18789,
ahmad,18790,18790,
ahmad,18791,18791,
ahmad,18792,18792,
ahmad,18793,18793,
ahmad,18794,18794,
ahmad,18795,18795,
ahmad,18796,18796,
ahmad,18797,18797,
ahmad,18798,18798,
ahmad,18799,18799,
ahmad,18800,18800,
ahmad,18801,18801,
ahmad,18804,18804,
ahmad,18805,18805,
ahmad,18806,18806,
ahmad,18807,18807,
ahmad,18808,18808,
ahmad,18809,18809,
ahmad,18810,18810,
ahmad,18811,18811,
ahmad,18812,18812,
ahmad,18813,18813,
ahmad,18814,18814,
ahmad,18815,18815,
ahmad,18816,18816,
ahmad,18817,18817,
ahmad,18818,18818,
ahmad,18819,18819,
ahmad,18820,18820,
ahmad,18821,18821,
ahmad,18822,18822,
ahmad,18823,18823,
ahmad,18824,18824,
ahmad,18825,18825,
ahmad,18827,18827,
ahmad,18828,18828,
ahmad,18829,18829,
ahmad,18830,18830,
ahmad,18831,18831,
ahmad,18832,18832,
ahmad,18833,18833,
ahmad,18834,18834,
ahmad,18835,18835,
ahmad,18836,18836,
ahmad,18837,18837,
ahmad,18838,18838,
ahmad,18840,18840,
ahmad,18841,18841,
ahmad,18842,18842,
ahmad,18843,18843,
ahmad,18844,18844,
ahmad,18845,18845,
ahmad,18846,18846,
ahmad,18847,18847,
ahmad,18848,18848,
ahmad,18849,18849,
ahmad,18851,18851,
ahmad,18852,18852,
ahmad,18853,18853,
ahmad,18855,18855,
ahmad,18856,18856,
ahmad,18857,18857,
ahmad,18858,18858,
ahmad,18859,18859,
ahmad,18860,18860,
ahmad,18861,18861,
ahmad,18862,18862,
ahmad,18863,18863,
ahmad,18864,18864,
ahmad,18865,18865,
ahmad,18866,18866,
ahmad,18867,18867,
ahmad,18868,18868,
ahmad,18869,18869,
ahmad,18870,18870,
ahmad,18872,18872,
ahmad,18873,18873,
ahmad,18874,18874,
ahmad,18875,18875,
ahmad,18876,18876,
ahmad,18877,18877,
ahmad,18878,18878,
ahmad,18879,18879,
ahmad,18880,18880,
ahmad,18881,18881,
ahmad,18882,18882,
ahmad,18883,18883,
ahmad,18884,18884,
ahmad,18885,18885,
ahmad,18886,18886,
ahmad,18888,18888,
ahmad,18889,18889,
ahmad,18890,18890,
ahmad,18891,18891,
ahmad,18892,18892,
ahmad,18893,18893,
ahmad,18894,18894,
ahmad,18895,18895,
ahmad,18896,18896,
ahmad,18897,18897,
ahmad,18898,18898,
ahmad,18899,18899,
ahmad,18900,18900,
ahmad,18901,18901,
ahmad,18902,18902,
ahmad,18903,18903,
ahmad,18904,18904,
ahmad,18905,18905,
ahmad,18906,18906,
ahmad,18907,18907,
ahmad,18908,18908,
ahmad,18909,18909,
ahmad,18910,18910,
ahmad,18911,18911,
ahmad,18912,18912,
ahmad,18913,18913,
ahmad,18914,18914,
ahmad,18915,18915,
ahmad,18916,18916,
ahmad,18917,18917,
ahmad,18918,18918,
ahmad,18920,18920,
ahmad,18922,18922,
ahmad,18923,18923,
ahmad,18924,18924,
ahmad,18925,18925,
ahmad,18926,18926,
ahmad,18927,18927,
ahmad,18928,18928,
ahmad,18929,18929,
ahmad,18930,18930,
ahmad,18931,18931,
ahmad,18932,18932,
ahmad,18933,18933,
ahmad,18934,18934,
ahmad,18935,18935,
ahmad,18936,18936,
ahmad,18937,18937,
ahmad,18938,18938,
ahmad,18939,18939,
ahmad,18940,18940,
ahmad,18941,18941,
ahmad,18942,18942,
ahmad,18943,18943,
ahmad,18945,18945,
ahmad,18946,18946,
ahmad,18947,18947,
ahmad,18948,18948,
ahmad,18949,18949,
ahmad,18950,18950,
ahmad,18951,18951,
ahmad,18952,18952,
ahmad,18953,18953,
ahmad,18954,18954,
ahmad,18955,18955,
ahmad,18956,18956,
ahmad,18957,18957,
ahmad,18958,18958,
ahmad,18959,18959,
ahmad,18960,18960,
ahmad,18961,18961,
ahmad,18962,18962,
ahmad,18963,18963,
ahmad,18964,18964,
ahmad,18965,18965,
ahmad,18966,18966,
ahmad,18967,18967,
ahmad,18968,18968,
ahmad,18969,18969,
ahmad,18970,18970,
ahmad,18971,18971,
ahmad,18972,18972,
ahmad,18973,18973,
ahmad,18974,18974,
ahmad,18975,18975,
ahmad,18976,18976,
ahmad,18977,18977,
ahmad,18978,18978,
ahmad,18979,18979,
ahmad,18980,18980,
ahmad,18981,18981,
ahmad,18982,18982,
ahmad,18983,18983,
ahmad,18987,18987,
ahmad,18988,18988,
ahmad,18990,18990,
ahmad,18991,18991,
ahmad,18992,18992,
ahmad,18997,18997,
ahmad,18998,18998,
ahmad,18999,18999,
ahmad,19000,19000,
ahmad,19001,19001,
ahmad,19003,19003,
ahmad,19004,19004,
ahmad,19005,19005,
ahmad,19006,19006,
ahmad,19007,19007,
ahmad,19008,19008,
ahmad,19009,19009,
ahmad,19011,19011,
ahmad,19012,19012,
ahmad,19014,19014,
ahmad,19016,19016,
ahmad,19018,19018,
ahmad,19020,19020,
ahmad,19021,19021,
ahmad,19022,19022,
ahmad,19023,19023,
ahmad,19024,19024,
ahmad,19025,19025,
ahmad,19026,19026,
ahmad,19028,19028,
ahmad,19029,19029,
ahmad,19030,19030,
ahmad,19031,19031,
ahmad,19032,19032,
ahmad,19033,19033,
ahmad,19035,19035,
ahmad,19036,19036,
ahmad,19037,19037,
ahmad,19038,19038,
ahmad,19039,19039,
ahmad,19040,19040,
ahmad,19041,19041,
ahmad,19042,19042,
ahmad,19043,19043,
ahmad,19044,19044,
ahmad,19045,19045,
ahmad,19046,19046,
ahmad,19047,19047,
ahmad,19048,19048,
ahmad,19049,19049,
ahmad,19050,19050,
ahmad,19051,19051,
ahmad,19052,19052,
ahmad,19053,19053,
ahmad,19054,19054,
ahmad,19055,19055,
ahmad,19056,19056,
ahmad,19057,19057,
ahmad,19058,19058,
ahmad,19059,19059,
ahmad,19060,19060,
ahmad,19061,19061,
ahmad,19062,19062,
ahmad,19063,19063,
ahmad,19064,19064,
ahmad,19065,19065,
ahmad,19066,19066,
ahmad,19067,19067,
ahmad,19068,19068,
ahmad,19069,19069,
ahmad,19070,19070,
ahmad,19071,19071,
ahmad,19072,19072,
ahmad,19073,19073,
ahmad,19074,19074,
ahmad,19075,19075,
ahmad,19076,19076,
ahmad,19077,19077,
ahmad,19078,19078,
ahmad,19079,19079,
ahmad,19080,19080,
ahmad,19081,19081,
ahmad,19082,19082,
ahmad,19083,19083,
ahmad,19084,19084,
ahmad,19085,19085,
ahmad,19086,19086,
ahmad,19087,19087,
ahmad,19088,19088,
ahmad,19089,19089,
ahmad,19090,19090,
ahmad,19092,19092,
ahmad,19093,19093,
ahmad,19094,19094,
ahmad,19095,19095,
ahmad,19096,19096,
ahmad,19097,19097,
ahmad,19098,19098,
ahmad,19099,19099,
ahmad,19100,19100,
ahmad,19101,19101,
ahmad,19102,19102,
ahmad,19103,19103,
ahmad,19104,19104,
ahmad,19105,19105,
ahmad,19106,19106,
ahmad,19107,19107,
ahmad,19108,19108,
ahmad,19109,19109,
ahmad,19110,19110,
ahmad,19112,19112,
ahmad,19113,19113,
ahmad,19114,19114,
ahmad,19115,19115,
ahmad,19116,19116,
ahmad,19117,19117,
ahmad,19118,19118,
ahmad,19119,19119,
ahmad,19120,19120,
ahmad,19121,19121,
ahmad,19122,19122,
ahmad,19123,19123,
ahmad,19124,19124,
ahmad,19125,19125,
ahmad,19126,19126,
ahmad,19128,19128,
ahmad,19129,19129,
ahmad,19130,19130,
ahmad,19132,19132,
ahmad,19133,19133,
ahmad,19134,19134,
ahmad,19135,19135,
ahmad,19137,19137,
ahmad,19138,19138,
ahmad,19139,19139,
ahmad,19141,19141,
ahmad,19142,19142,
ahmad,19143,19143,
ahmad,19144,19144,
ahmad,19145,19145,
ahmad,19146,19146,
ahmad,19147,19147,
ahmad,19148,19148,
ahmad,19149,19149,
ahmad,19150,19150,
ahmad,19151,19151,
ahmad,19152,19152,
ahmad,19153,19153,
ahmad,19154,19154,
ahmad,19155,19155,
ahmad,19156,19156,
ahmad,19157,19157,
ahmad,19158,19158,
ahmad,19159,19159,
ahmad,19160,19160,
ahmad,19161,19161,
ahmad,19162,19162,
ahmad,19163,19163,
ahmad,19164,19164,
ahmad,19165,19165,
ahmad,19167,19167,
ahmad,19168,19168,
ahmad,19170,19170,
ahmad,19171,19171,
ahmad,19172,19172,
ahmad,19173,19173,
ahmad,19174,19174,
ahmad,19175,19175,
ahmad,19176,19176,
ahmad,19178,19178,
ahmad,19179,19179,
ahmad,19180,19180,
ahmad,19181,19181,
ahmad,19182,19182,
ahmad,19183,19183,
ahmad,19184,19184,
ahmad,19185,19185,
ahmad,19186,19186,
ahmad,19187,19187,
ahmad,19188,19188,
ahmad,19189,19189,
ahmad,19190,19190,
ahmad,19192,19192,
ahmad,19193,19193,
ahmad,19194,19194,
ahmad,19195,19195,
ahmad,19196,19196,
ahmad,19197,19197,
ahmad,19198,19198,
ahmad,19199,19199,
ahmad,19202,19202,
ahmad,19203,19203,
ahmad,19204,19204,
ahmad,19205,19205,
ahmad,19206,19206,
ahmad,19207,19207,
ahmad,19208,19208,
ahmad,19209,19209,
ahmad,19211,19211,
ahmad,19212,19212,
ahmad,19213,19213,
ahmad,19214,19214,
ahmad,19215,19215,
ahmad,19216,19216,
ahmad,19217,19217,
ahmad,19218,19218,
ahmad,19219,19219,
ahmad,19221,19221,
ahmad,19222,19222,
ahmad,19225,19225,
ahmad,19226,19226,
ahmad,19228,19228,
ahmad,19229,19229,
ahmad,19230,19230,
ahmad,19231,19231,
ahmad,19232,19232,
ahmad,19233,19233,
ahmad,19234,19234,
ahmad,19235,19235,
ahmad,19236,19236,
ahmad,19238,19238,
ahmad,19239,19239,
ahmad,19240,19240,
ahmad,19241,19241,
ahmad,19242,19242,
ahmad,19243,19243,
ahmad,19244,19244,
ahmad,19245,19245,
ahmad,19246,19246,
ahmad,19247,19247,
ahmad,19248,19248,
ahmad,19249,19249,
ahmad,19251,19251,
ahmad,19252,19252,
ahmad,19253,19253,
ahmad,19254,19254,
ahmad,19255,19255,
ahmad,19256,19256,
ahmad,19257,19257,
ahmad,19258,19258,
ahmad,19259,19259,
ahmad,19260,19260,
ahmad,19261,19261,
ahmad,19263,19263,
ahmad,19264,19264,
ahmad,19265,19265,
ahmad,19267,19267,
ahmad,19268,19268,
ahmad,19269,19269,
ahmad,19270,19270,
ahmad,19271,19271,
ahmad,19272,19272,
ahmad,19273,19273,
ahmad,19274,19274,
ahmad,19275,19275,
ahmad,19276,19276,
ahmad,19277,19277,
ahmad,19278,19278,
ahmad,19279,19279,
ahmad,19280,19280,
ahmad,19281,19281,
ahmad,19282,19282,
ahmad,19284,19284,
ahmad,19285,19285,
ahmad,19286,19286,
ahmad,19287,19287,
ahmad,19288,19288,
ahmad,19289,19289,
ahmad,19290,19290,
ahmad,19291,19291,
ahmad,19292,19292,
ahmad,19293,19293,
ahmad,19294,19294,
ahmad,19295,19295,
ahmad,19296,19296,
ahmad,19297,19297,
ahmad,19298,19298,
ahmad,19299,19299,
ahmad,19300,19300,
ahmad,19301,19301,
ahmad,19302,19302,
ahmad,19303,19303,
ahmad,19304,19304,
ahmad,19305,19305,
ahmad,19306,19306,
ahmad,19307,19307,
ahmad,19308,19308,
ahmad,19309,19309,
ahmad,19310,19310,
ahmad,19311,19311,
ahmad,19313,19313,
ahmad,19315,19315,
ahmad,19316,19316,
ahmad,19317,19317,
ahmad,19318,19318,
ahmad,19319,19319,
ahmad,19320,19320,
ahmad,19322,19322,
ahmad,19323,19323,
ahmad,19324,19324,
ahmad,19325,19325,
ahmad,19326,19326,
ahmad,19327,19327,
ahmad,19329,19329,
ahmad,19331,19331,
ahmad,19332,19332,
ahmad,19333,19333,
ahmad,19334,19334,
ahmad,19335,19335,
ahmad,19336,19336,
ahmad,19337,19337,
ahmad,19338,19338,
ahmad,19339,19339,
ahmad,19340,19340,
ahmad,19341,19341,
ahmad,19342,19342,
ahmad,19343,19343,
ahmad,19344,19344,
ahmad,19345,19345,
ahmad,19346,19346,
ahmad,19347,19347,
ahmad,19348,19348,
ahmad,19349,19349,
ahmad,19350,19350,
ahmad,19351,19351,
ahmad,19352,19352,
ahmad,19353,19353,
ahmad,19354,19354,
ahmad,19355,19355,
ahmad,19356,19356,
ahmad,19357,19357,
ahmad,19358,19358,
ahmad,19359,19359,
ahmad,19360,19360,
ahmad,19361,19361,
ahmad,19362,19362,
ahmad,19363,19363,
ahmad,19364,19364,
ahmad,19365,19365,
ahmad,19366,19366,
ahmad,19367,19367,
ahmad,19369,19369,
ahmad,19370,19370,
ahmad,19371,19371,
ahmad,19372,19372,
ahmad,19373,19373,
ahmad,19374,19374,
ahmad,19375,19375,
ahmad,19376,19376,
ahmad,19377,19377,
ahmad,19379,19379,
ahmad,19383,19383,
ahmad,19384,19384,
ahmad,19385,19385,
ahmad,19388,19388,
ahmad,19389,19389,
ahmad,19390,19390,
ahmad,19391,19391,
ahmad,19392,19392,
ahmad,19393,19393,
ahmad,19394,19394,
ahmad,19395,19395,
ahmad,19396,19396,
ahmad,19397,19397,
ahmad,19398,19398,
ahmad,19399,19399,
ahmad,19400,19400,
ahmad,19401,19401,
ahmad,19404,19404,
ahmad,19405,19405,
ahmad,19406,19406,
ahmad,19407,19407,
ahmad,19408,19408,
ahmad,19409,19409,
ahmad,19410,19410,
ahmad,19411,19411,
ahmad,19412,19412,
ahmad,19413,19413,
ahmad,19414,19414,
ahmad,19415,19415,
ahmad,19416,19416,
ahmad,19417,19417,
ahmad,19419,19419,
ahmad,19420,19420,
ahmad,19421,19421,
ahmad,19422,19422,
ahmad,19423,19423,
ahmad,19424,19424,
ahmad,19425,19425,
ahmad,19426,19426,
ahmad,19427,19427,
ahmad,19428,19428,
ahmad,19429,19429,
ahmad,19430,19430,
ahmad,19431,19431,
ahmad,19432,19432,
ahmad,19433,19433,
ahmad,19434,19434,
ahmad,19435,19435,
ahmad,19436,19436,
ahmad,19437,19437,
ahmad,19438,19438,
ahmad,19439,19439,
ahmad,19440,19440,
ahmad,19441,19441,
ahmad,19442,19442,
ahmad,19443,19443,
ahmad,19444,19444,
ahmad,19445,19445,
ahmad,19446,19446,
ahmad,19447,19447,
ahmad,19448,19448,
ahmad,19449,19449,
ahmad,19450,19450,
ahmad,19451,19451,
ahmad,19452,19452,
ahmad,19453,19453,
ahmad,19454,19454,
ahmad,19455,19455,
ahmad,19456,19456,
ahmad,19457,19457,
ahmad,19458,19458,
ahmad,19459,19459,
ahmad,19460,19460,
ahmad,19461,19461,
ahmad,19462,19462,
ahmad,19463,19463,
ahmad,19464,19464,
ahmad,19465,19465,
ahmad,19466,19466,
ahmad,19467,19467,
ahmad,19468,19468,
ahmad,19469,19469,
ahmad,19470,19470,
ahmad,19472,19472,
ahmad,19473,19473,
ahmad,19474,19474,
ahmad,19475,19475,
ahmad,19476,19476,
ahmad,19477,19477,
ahmad,19478,19478,
ahmad,19479,19479,
ahmad,19480,19480,
ahmad,19481,19481,
ahmad,19482,19482,
ahmad,19483,19483,
ahmad,19484,19484,
ahmad,19485,19485,
ahmad,19486,19486,
ahmad,19487,19487,
ahmad,19488,19488,
ahmad,19489,19489,
ahmad,19490,19490,
ahmad,19491,19491,
ahmad,19492,19492,
ahmad,19493,19493,
ahmad,19494,19494,
ahmad,19495,19495,
ahmad,19496,19496,
ahmad,19497,19497,
ahmad,19498,19498,
ahmad,19499,19499,
ahmad,19500,19500,
ahmad,19501,19501,
ahmad,19502,19502,
ahmad,19503,19503,
ahmad,19504,19504,
ahmad,19505,19505,
ahmad,19506,19506,
ahmad,19507,19507,
ahmad,19508,19508,
ahmad,19509,19509,
ahmad,19510,19510,
ahmad,19511,19511,
ahmad,19512,19512,
ahmad,19513,19513,
ahmad,19514,19514,
ahmad,19515,19515,
ahmad,19516,19516,
ahmad,19517,19517,
ahmad,19518,19518,
ahmad,19519,19519,
ahmad,19520,19520,
ahmad,19521,19521,
ahmad,19522,19522,
ahmad,19523,19523,
ahmad,19524,19524,
ahmad,19525,19525,
ahmad,19526,19526,
ahmad,19529,19529,
ahmad,19530,19530,
ahmad,19532,19532,
ahmad,19533,19533,
ahmad,19534,19534,
ahmad,19535,19535,
ahmad,19537,19537,
ahmad,19538,19538,
ahmad,19540,19540,
ahmad,19541,19541,
ahmad,19542,19542,
ahmad,19543,19543,
ahmad,19544,19544,
ahmad,19545,19545,
ahmad,19546,19546,
ahmad,19547,19547,
ahmad,19549,19549,
ahmad,19550,19550,
ahmad,19551,19551,
ahmad,19552,19552,
ahmad,19553,19553,
ahmad,19554,19554,
ahmad,19555,19555,
ahmad,19556,19556,
ahmad,19557,19557,
ahmad,19559,19559,
ahmad,19560,19560,
ahmad,19561,19561,
ahmad,19562,19562,
ahmad,19563,19563,
ahmad,19564,19564,
ahmad,19565,19565,
ahmad,19566,19566,
ahmad,19567,19567,
ahmad,19568,19568,
ahmad,19569,19569,
ahmad,19570,19570,
ahmad,19571,19571,
ahmad,19572,19572,
ahmad,19573,19573,
ahmad,19574,19574,
ahmad,19575,19575,
ahmad,19576,19576,
ahmad,19577,19577,
ahmad,19578,19578,
ahmad,19579,19579,
ahmad,19580,19580,
ahmad,19581,19581,
ahmad,19582,19582,
ahmad,19584,19584,
ahmad,19585,19585,
ahmad,19586,19586,
ahmad,19587,19587,
ahmad,19588,19588,
ahmad,19589,19589,
ahmad,19591,19591,
ahmad,19592,19592,
ahmad,19593,19593,
ahmad,19594,19594,
ahmad,19595,19595,
ahmad,19596,19596,
ahmad,19599,19599,
ahmad,19600,19600,
ahmad,19601,19601,
ahmad,19602,19602,
ahmad,19603,19603,
ahmad,19604,19604,
ahmad,19605,19605,
ahmad,19606,19606,
ahmad,19607,19607,
ahmad,19608,19608,
ahmad,19611,19611,
ahmad,19612,19612,
ahmad,19613,19613,
ahmad,19614,19614,
ahmad,19615,19615,
ahmad,19616,19616,
ahmad,19618,19618,
ahmad,19619,19619,
ahmad,19620,19620,
ahmad,19621,19621,
ahmad,19622,19622,
ahmad,19623,19623,
ahmad,19624,19624,
ahmad,19626,19626,
ahmad,19627,19627,
ahmad,19628,19628,
ahmad,19629,19629,
ahmad,19630,19630,
ahmad,19631,19631,
ahmad,19632,19632,
ahmad,19634,19634,
ahmad,19635,19635,
ahmad,19636,19636,
ahmad,19637,19637,
ahmad,19638,19638,
ahmad,19639,19639,
ahmad,19640,19640,
ahmad,19641,19641,
ahmad,19642,19642,
ahmad,19643,19643,
ahmad,19644,19644,
ahmad,19645,19645,
ahmad,19646,19646,
ahmad,19647,19647,
ahmad,19649,19649,
ahmad,19650,19650,
ahmad,19651,19651,
ahmad,19652,19652,
ahmad,19654,19654,
ahmad,19655,19655,
ahmad,19656,19656,
ahmad,19657,19657,
ahmad,19658,19658,
ahmad,19659,19659,
ahmad,19660,19660,
ahmad,19661,19661,
ahmad,19662,19662,
ahmad,19663,19663,
ahmad,19664,19664,
ahmad,19665,19665,
ahmad,19666,19666,
ahmad,19667,19667,
ahmad,19668,19668,
ahmad,19669,19669,
ahmad,19671,19671,
ahmad,19672,19672,
ahmad,19673,19673,
ahmad,19674,19674,
ahmad,19675,19675,
ahmad,19676,19676,
ahmad,19677,19677,
ahmad,19678,19678,
ahmad,19679,19679,
ahmad,19680,19680,
ahmad,19681,19681,
ahmad,19682,19682,
ahmad,19684,19684,
ahmad,19685,19685,
ahmad,19686,19686,
ahmad,19687,19687,
ahmad,19688,19688,
ahmad,19689,19689,
ahmad,19690,19690,
ahmad,19691,19691,
ahmad,19692,19692,
ahmad,19693,19693,
ahmad,19694,19694,
ahmad,19695,19695,
ahmad,19696,19696,
ahmad,19697,19697,
ahmad,19698,19698,
ahmad,19700,19700,
ahmad,19701,19701,
ahmad,19702,19702,
ahmad,19703,19703,
ahmad,19704,19704,
ahmad,19705,19705,
ahmad,19706,19706,
ahmad,19707,19707,
ahmad,19708,19708,
ahmad,19709,19709,
ahmad,19710,19710,
ahmad,19711,19711,
ahmad,19712,19712,
ahmad,19714,19714,
ahmad,19715,19715,
ahmad,19716,19716,
ahmad,19717,19717,
ahmad,19718,19718,
ahmad,19719,19719,
ahmad,19720,19720,
ahmad,19721,19721,
ahmad,19722,19722,
ahmad,19723,19723,
ahmad,19724,19724,
ahmad,19725,19725,
ahmad,19726,19726,
ahmad,19727,19727,
ahmad,19728,19728,
ahmad,19729,19729,
ahmad,19730,19730,
ahmad,19731,19731,
ahmad,19732,19732,
ahmad,19733,19733,
ahmad,19734,19734,
ahmad,19735,19735,
ahmad,19736,19736,
ahmad,19737,19737,
ahmad,19738,19738,
ahmad,19739,19739,
ahmad,19740,19740,
ahmad,19741,19741,
ahmad,19742,19742,
ahmad,19743,19743,
ahmad,19744,19744,
ahmad,19745,19745,
ahmad,19746,19746,
ahmad,19747,19747,
ahmad,19748,19748,
ahmad,19749,19749,
ahmad,19750,19750,
ahmad,19752,19752,
ahmad,19753,19753,
ahmad,19754,19754,
ahmad,19755,19755,
ahmad,19756,19756,
ahmad,19757,19757,
ahmad,19758,19758,
ahmad,19759,19759,
ahmad,19760,19760,
ahmad,19761,19761,
ahmad,19762,19762,
ahmad,19763,19763,
ahmad,19764,19764,
ahmad,19765,19765,
ahmad,19766,19766,
ahmad,19767,19767,
ahmad,19768,19768,
ahmad,19769,19769,
ahmad,19770,19770,
ahmad,19771,19771,
ahmad,19772,19772,
ahmad,19773,19773,
ahmad,19775,19775,
ahmad,19776,19776,
ahmad,19777,19777,
ahmad,19778,19778,
ahmad,19779,19779,
ahmad,19780,19780,
ahmad,19781,19781,
ahmad,19782,19782,
ahmad,19783,19783,
ahmad,19784,19784,
ahmad,19785,19785,
ahmad,19787,19787,
ahmad,19788,19788,
ahmad,19789,19789,
ahmad,19790,19790,
ahmad,19791,19791,
ahmad,19792,19792,
ahmad,19793,19793,
ahmad,19794,19794,
ahmad,19795,19795,
ahmad,19796,19796,
ahmad,19797,19797,
ahmad,19798,19798,
ahmad,19799,19799,
ahmad,19800,19800,
ahmad,19801,19801,
ahmad,19802,19802,
ahmad,19804,19804,
ahmad,19805,19805,
ahmad,19806,19806,
ahmad,19807,19807,
ahmad,19808,19808,
ahmad,19809,19809,
ahmad,19810,19810,
ahmad,19812,19812,
ahmad,19813,19813,
ahmad,19814,19814,
ahmad,19815,19815,
ahmad,19816,19816,
ahmad,19817,19817,
ahmad,19818,19818,
ahmad,19819,19819,
ahmad,19820,19820,
ahmad,19821,19821,
ahmad,19822,19822,
ahmad,19823,19823,
ahmad,19824,19824,
ahmad,19825,19825,
ahmad,19826,19826,
ahmad,19827,19827,
ahmad,19828,19828,
ahmad,19829,19829,
ahmad,19830,19830,
ahmad,19831,19831,
ahmad,19832,19832,
ahmad,19833,19833,
ahmad,19834,19834,
ahmad,19835,19835,
ahmad,19836,19836,
ahmad,19838,19838,
ahmad,19839,19839,
ahmad,19840,19840,
ahmad,19841,19841,
ahmad,19842,19842,
ahmad,19843,19843,
ahmad,19844,19844,
ahmad,19845,19845,
ahmad,19846,19846,
ahmad,19847,19847,
ahmad,19848,19848,
ahmad,19849,19849,
ahmad,19851,19851,
ahmad,19852,19852,
ahmad,19853,19853,
ahmad,19854,19854,
ahmad,19855,19855,
ahmad,19856,19856,
ahmad,19857,19857,
ahmad,19858,19858,
ahmad,19859,19859,
ahmad,19860,19860,
ahmad,19861,19861,
ahmad,19862,19862,
ahmad,19863,19863,
ahmad,19864,19864,
ahmad,19865,19865,
ahmad,19866,19866,
ahmad,19867,19867,
ahmad,19868,19868,
ahmad,19870,19870,
ahmad,19871,19871,
ahmad,19874,19874,
ahmad,19877,19877,
ahmad,19880,19880,
ahmad,19882,19882,
ahmad,19886,19886,
ahmad,19888,19888,
ahmad,19891,19891,
ahmad,19892,19892,
ahmad,19893,19893,
ahmad,19894,19894,
ahmad,19895,19895,
ahmad,19896,19896,
ahmad,19897,19897,
ahmad,19899,19899,
ahmad,19900,19900,
ahmad,19901,19901,
ahmad,19904,19904,
ahmad,19906,19906,
ahmad,19908,19908,
ahmad,19909,19909,
ahmad,19910,19910,
ahmad,19911,19911,
ahmad,19916,19916,
ahmad,19917,19917,
ahmad,19921,19921,
ahmad,19925,19925,
ahmad,19926,19926,
ahmad,19927,19927,
ahmad,19928,19928,
ahmad,19930,19930,
ahmad,19931,19931,
ahmad,19932,19932,
ahmad,19933,19933,
ahmad,19934,19934,
ahmad,19935,19935,
ahmad,19936,19936,
ahmad,19941,19941,
ahmad,19944,19944,
ahmad,19947,19947,
ahmad,19952,19952,
ahmad,19953,19953,
ahmad,19954,19954,
ahmad,19955,19955,
ahmad,19961,19961,
ahmad,19963,19963,
ahmad,19966,19966,
ahmad,19967,19967,
ahmad,19968,19968,
ahmad,19969,19969,
ahmad,19970,19970,
ahmad,19971,19971,
ahmad,19972,19972,
ahmad,19973,19973,
ahmad,19974,19974,
ahmad,19975,19975,
ahmad,19976,19976,
ahmad,19977,19977,
ahmad,19978,19978,
ahmad,19979,19979,
ahmad,19981,19981,
ahmad,19983,19983,
ahmad,19984,19984,
ahmad,19985,19985,
ahmad,19986,19986,
ahmad,19987,19987,
ahmad,19988,19988,
ahmad,19992,19992,
ahmad,19993,19993,
ahmad,19994,19994,
ahmad,19995,19995,
ahmad,19996,19996,
ahmad,19997,19997,
ahmad,19998,19998,
ahmad,19999,19999,
ahmad,20001,20001,
ahmad,20003,20003,
ahmad,20005,20005,
ahmad,20006,20006,
ahmad,20007,20007,
ahmad,20008,20008,
ahmad,20009,20009,
ahmad,20010,20010,
ahmad,20011,20011,
ahmad,20012,20012,
ahmad,20013,20013,
ahmad,20014,20014,
ahmad,20015,20015,
ahmad,20016,20016,
ahmad,20019,20019,
ahmad,20020,20020,
ahmad,20021,20021,
ahmad,20022,20022,
ahmad,20023,20023,
ahmad,20024,20024,
ahmad,20025,20025,
ahmad,20026,20026,
ahmad,20027,20027,
ahmad,20028,20028,
ahmad,20029,20029,
ahmad,20031,20031,
ahmad,20032,20032,
ahmad,20033,20033,
ahmad,20034,20034,
ahmad,20035,20035,
ahmad,20036,20036,
ahmad,20037,20037,
ahmad,20038,20038,
ahmad,20039,20039,
ahmad,20040,20040,
ahmad,20041,20041,
ahmad,20042,20042,
ahmad,20043,20043,
ahmad,20044,20044,
ahmad,20045,20045,
ahmad,20046,20046,
ahmad,20047,20047,
ahmad,20048,20048,
ahmad,20049,20049,
ahmad,20050,20050,
ahmad,20051,20051,
ahmad,20052,20052,
ahmad,20053,20053,
ahmad,20054,20054,
ahmad,20055,20055,
ahmad,20056,20056,
ahmad,20057,20057,
ahmad,20060,20060,
ahmad,20061,20061,
ahmad,20062,20062,
ahmad,20063,20063,
ahmad,20065,20065,
ahmad,20066,20066,
ahmad,20067,20067,
ahmad,20069,20069,
ahmad,20070,20070,
ahmad,20072,20072,
ahmad,20073,20073,
ahmad,20074,20074,
ahmad,20075,20075,
ahmad,20076,20076,
ahmad,20077,20077,
ahmad,20081,20081,
ahmad,20082,20082,
ahmad,20083,20083,
ahmad,20084,20084,
ahmad,20085,20085,
ahmad,20086,20086,
ahmad,20087,20087,
ahmad,20088,20088,
ahmad,20089,20089,
ahmad,20091,20091,
ahmad,20092,20092,
ahmad,20093,20093,
ahmad,20094,20094,
ahmad,20095,20095,
ahmad,20096,20096,
ahmad,20097,20097,
ahmad,20098,20098,
ahmad,20099,20099,
ahmad,20100,20100,
ahmad,20101,20101,
ahmad,20102,20102,
ahmad,20103,20103,
ahmad,20104,20104,
ahmad,20105,20105,
ahmad,20106,20106,
ahmad,20107,20107,
ahmad,20108,20108,
ahmad,20109,20109,
ahmad,20110,20110,
ahmad,20111,20111,
ahmad,20112,20112,
ahmad,20113,20113,
ahmad,20114,20114,
ahmad,20115,20115,
ahmad,20117,20117,
ahmad,20119,20119,
ahmad,20120,20120,
ahmad,20121,20121,
ahmad,20122,20122,
ahmad,20123,20123,
ahmad,20124,20124,
ahmad,20125,20125,
ahmad,20127,20127,
ahmad,20128,20128,
ahmad,20129,20129,
ahmad,20130,20130,
ahmad,20131,20131,
ahmad,20132,20132,
ahmad,20133,20133,
ahmad,20134,20134,
ahmad,20135,20135,
ahmad,20136,20136,
ahmad,20137,20137,
ahmad,20138,20138,
ahmad,20139,20139,
ahmad,20142,20142,
ahmad,20143,20143,
ahmad,20144,20144,
ahmad,20145,20145,
ahmad,20146,20146,
ahmad,20147,20147,
ahmad,20148,20148,
ahmad,20149,20149,
ahmad,20150,20150,
ahmad,20151,20151,
ahmad,20152,20152,
ahmad,20153,20153,
ahmad,20154,20154,
ahmad,20155,20155,
ahmad,20156,20156,
ahmad,20157,20157,
ahmad,20158,20158,
ahmad,20161,20161,
ahmad,20162,20162,
ahmad,20164,20164,
ahmad,20165,20165,
ahmad,20167,20167,
ahmad,20168,20168,
ahmad,20169,20169,
ahmad,20170,20170,
ahmad,20171,20171,
ahmad,20172,20172,
ahmad,20173,20173,
ahmad,20174,20174,
ahmad,20175,20175,
ahmad,20176,20176,
ahmad,20177,20177,
ahmad,20179,20179,
ahmad,20180,20180,
ahmad,20181,20181,
ahmad,20182,20182,
ahmad,20183,20183,
ahmad,20184,20184,
ahmad,20185,20185,
ahmad,20187,20187,
ahmad,20188,20188,
ahmad,20190,20190,
ahmad,20191,20191,
ahmad,20192,20192,
ahmad,20193,20193,
ahmad,20194,20194,
ahmad,20195,20195,
ahmad,20196,20196,
ahmad,20197,20197,
ahmad,20198,20198,
ahmad,20199,20199,
ahmad,20200,20200,
ahmad,20201,20201,
ahmad,20202,20202,
ahmad,20203,20203,
ahmad,20204,20204,
ahmad,20205,20205,
ahmad,20206,20206,
ahmad,20207,20207,
ahmad,20208,20208,
ahmad,20209,20209,
ahmad,20210,20210,
ahmad,20211,20211,
ahmad,20212,20212,
ahmad,20213,20213,
ahmad,20214,20214,
ahmad,20215,20215,
ahmad,20216,20216,
ahmad,20217,20217,
ahmad,20218,20218,
ahmad,20219,20219,
ahmad,20220,20220,
ahmad,20221,20221,
ahmad,20222,20222,
ahmad,20223,20223,
ahmad,20224,20224,
ahmad,20225,20225,
ahmad,20226,20226,
ahmad,20227,20227,
ahmad,20228,20228,
ahmad,20230,20230,
ahmad,20232,20232,
ahmad,20233,20233,
ahmad,20234,20234,
ahmad,20235,20235,
ahmad,20236,20236,
ahmad,20238,20238,
ahmad,20239,20239,
ahmad,20240,20240,
ahmad,20241,20241,
ahmad,20242,20242,
ahmad,20243,20243,
ahmad,20244,20244,
ahmad,20245,20245,
ahmad,20246,20246,
ahmad,20247,20247,
ahmad,20248,20248,
ahmad,20249,20249,
ahmad,20250,20250,
ahmad,20251,20251,
ahmad,20252,20252,
ahmad,20253,20253,
ahmad,20254,20254,
ahmad,20255,20255,
ahmad,20256,20256,
ahmad,20257,20257,
ahmad,20258,20258,
ahmad,20259,20259,
ahmad,20260,20260,
ahmad,20261,20261,
ahmad,20262,20262,
ahmad,20263,20263,
ahmad,20264,20264,
ahmad,20265,20265,
ahmad,20266,20266,
ahmad,20267,20267,
ahmad,20268,20268,
ahmad,20269,20269,
ahmad,20270,20270,
ahmad,20271,20271,
ahmad,20272,20272,
ahmad,20273,20273,
ahmad,20274,20274,
ahmad,20275,20275,
ahmad,20276,20276,
ahmad,20277,20277,
ahmad,20278,20278,
ahmad,20279,20279,
ahmad,20280,20280,
ahmad,20281,20281,
ahmad,20282,20282,
ahmad,20283,20283,
ahmad,20284,20284,
ahmad,20285,20285,
ahmad,20286,20286,
ahmad,20288,20288,
ahmad,20292,20292,
ahmad,20294,20294,
ahmad,20296,20296,
ahmad,20297,20297,
ahmad,20298,20298,
ahmad,20299,20299,
ahmad,20300,20300,
ahmad,20301,20301,
ahmad,20302,20302,
ahmad,20303,20303,
ahmad,20304,20304,
ahmad,20305,20305,
ahmad,20306,20306,
ahmad,20307,20307,
ahmad,20308,20308,
ahmad,20309,20309,
ahmad,20310,20310,
ahmad,20311,20311,
ahmad,20312,20312,
ahmad,20313,20313,
ahmad,20314,20314,
ahmad,20315,20315,
ahmad,20317,20317,
ahmad,20318,20318,
ahmad,20319,20319,
ahmad,20320,20320,
ahmad,20321,20321,
ahmad,20322,20322,
ahmad,20323,20323,
ahmad,20324,20324,
ahmad,20325,20325,
ahmad,20326,20326,
ahmad,20327,20327,
ahmad,20329,20329,
ahmad,20330,20330,
ahmad,20331,20331,
ahmad,20332,20332,
ahmad,20333,20333,
ahmad,20334,20334,
ahmad,20335,20335,
ahmad,20336,20336,
ahmad,20337,20337,
ahmad,20338,20338,
ahmad,20339,20339,
ahmad,20340,20340,
ahmad,20341,20341,
ahmad,20342,20342,
ahmad,20343,20343,
ahmad,20344,20344,
ahmad,20346,20346,
ahmad,20347,20347,
ahmad,20348,20348,
ahmad,20349,20349,
ahmad,20351,20351,
ahmad,20352,20352,
ahmad,20353,20353,
ahmad,20354,20354,
ahmad,20355,20355,
ahmad,20356,20356,
ahmad,20357,20357,
ahmad,20358,20358,
ahmad,20359,20359,
ahmad,20360,20360,
ahmad,20361,20361,
ahmad,20362,20362,
ahmad,20364,20364,
ahmad,20365,20365,
ahmad,20366,20366,
ahmad,20367,20367,
ahmad,20368,20368,
ahmad,20369,20369,
ahmad,20370,20370,
ahmad,20371,20371,
ahmad,20372,20372,
ahmad,20373,20373,
ahmad,20374,20374,
ahmad,20375,20375,
ahmad,20376,20376,
ahmad,20377,20377,
ahmad,20378,20378,
ahmad,20379,20379,
ahmad,20381,20381,
ahmad,20382,20382,
ahmad,20383,20383,
ahmad,20384,20384,
ahmad,20386,20386,
ahmad,20387,20387,
ahmad,20388,20388,
ahmad,20389,20389,
ahmad,20390,20390,
ahmad,20391,20391,
ahmad,20392,20392,
ahmad,20393,20393,
ahmad,20394,20394,
ahmad,20395,20395,
ahmad,20396,20396,
ahmad,20397,20397,
ahmad,20399,20399,
ahmad,20401,20401,
ahmad,20402,20402,
ahmad,20403,20403,
ahmad,20405,20405,
ahmad,20406,20406,
ahmad,20407,20407,
ahmad,20408,20408,
ahmad,20409,20409,
ahmad,20410,20410,
ahmad,20411,20411,
ahmad,20412,20412,
ahmad,20413,20413,
ahmad,20414,20414,
ahmad,20415,20415,
ahmad,20416,20416,
ahmad,20417,20417,
ahmad,20418,20418,
ahmad,20419,20419,
ahmad,20420,20420,
ahmad,20421,20421,
ahmad,20422,20422,
ahmad,20423,20423,
ahmad,20424,20424,
ahmad,20425,20425,
ahmad,20426,20426,
ahmad,20427,20427,
ahmad,20429,20429,
ahmad,20430,20430,
ahmad,20432,20432,
ahmad,20434,20434,
ahmad,20435,20435,
ahmad,20436,20436,
ahmad,20438,20438,
ahmad,20439,20439,
ahmad,20440,20440,
ahmad,20441,20441,
ahmad,20442,20442,
ahmad,20443,20443,
ahmad,20444,20444,
ahmad,20445,20445,
ahmad,20446,20446,
ahmad,20447,20447,
ahmad,20448,20448,
ahmad,20449,20449,
ahmad,20450,20450,
ahmad,20451,20451,
ahmad,20452,20452,
ahmad,20453,20453,
ahmad,20454,20454,
ahmad,20455,20455,
ahmad,20459,20459,
ahmad,20460,20460,
ahmad,20461,20461,
ahmad,20462,20462,
ahmad,20463,20463,
ahmad,20464,20464,
ahmad,20465,20465,
ahmad,20466,20466,
ahmad,20467,20467,
ahmad,20468,20468,
ahmad,20469,20469,
ahmad,20470,20470,
ahmad,20471,20471,
ahmad,20472,20472,
ahmad,20473,20473,
ahmad,20474,20474,
ahmad,20476,20476,
ahmad,20477,20477,
ahmad,20478,20478,
ahmad,20479,20479,
ahmad,20480,20480,
ahmad,20481,20481,
ahmad,20482,20482,
ahmad,20483,20483,
ahmad,20484,20484,
ahmad,20485,20485,
ahmad,20486,20486,
ahmad,20487,20487,
ahmad,20488,20488,
ahmad,20489,20489,
ahmad,20490,20490,
ahmad,20491,20491,
ahmad,20492,20492,
ahmad,20493,20493,
ahmad,20496,20496,
ahmad,20497,20497,
ahmad,20498,20498,
ahmad,20499,20499,
ahmad,20500,20500,
ahmad,20501,20501,
ahmad,20502,20502,
ahmad,20503,20503,
ahmad,20504,20504,
ahmad,20505,20505,
ahmad,20506,20506,
ahmad,20507,20507,
ahmad,20508,20508,
ahmad,20509,20509,
ahmad,20510,20510,
ahmad,20511,20511,
ahmad,20512,20512,
ahmad,20514,20514,
ahmad,20515,20515,
ahmad,20517,20517,
ahmad,20518,20518,
ahmad,20519,20519,
ahmad,20520,20520,
ahmad,20521,20521,
ahmad,20522,20522,
ahmad,20523,20523,
ahmad,20524,20524,
ahmad,20525,20525,
ahmad,20526,20526,
ahmad,20527,20527,
ahmad,20528,20528,
ahmad,20529,20529,
ahmad,20530,20530,
ahmad,20531,20531,
ahmad,20532,20532,
ahmad,20534,20534,
ahmad,20535,20535,
ahmad,20536,20536,
ahmad,20537,20537,
ahmad,20538,20538,
ahmad,20539,20539,
ahmad,20541,20541,
ahmad,20542,20542,
ahmad,20543,20543,
ahmad,20544,20544,
ahmad,20545,20545,
ahmad,20546,20546,
ahmad,20547,20547,
ahmad,20548,20548,
ahmad,20549,20549,
ahmad,20550,20550,
ahmad,20551,20551,
ahmad,20552,20552,
ahmad,20553,20553,
ahmad,20554,20554,
ahmad,20555,20555,
ahmad,20556,20556,
ahmad,20557,20557,
ahmad,20558,20558,
ahmad,20559,20559,
ahmad,20560,20560,
ahmad,20561,20561,
ahmad,20562,20562,
ahmad,20563,20563,
ahmad,20564,20564,
ahmad,20565,20565,
ahmad,20566,20566,
ahmad,20567,20567,
ahmad,20569,20569,
ahmad,20570,20570,
ahmad,20571,20571,
ahmad,20572,20572,
ahmad,20573,20573,
ahmad,20574,20574,
ahmad,20575,20575,
ahmad,20576,20576,
ahmad,20577,20577,
ahmad,20578,20578,
ahmad,20579,20579,
ahmad,20580,20580,
ahmad,20581,20581,
ahmad,20582,20582,
ahmad,20583,20583,
ahmad,20584,20584,
ahmad,20586,20586,
ahmad,20587,20587,
ahmad,20588,20588,
ahmad,20590,20590,
ahmad,20591,20591,
ahmad,20592,20592,
ahmad,20593,20593,
ahmad,20595,20595,
ahmad,20596,20596,
ahmad,20597,20597,
ahmad,20598,20598,
ahmad,20599,20599,
ahmad,20600,20600,
ahmad,20601,20601,
ahmad,20602,20602,
ahmad,20603,20603,
ahmad,20604,20604,
ahmad,20605,20605,
ahmad,20607,20607,
ahmad,20608,20608,
ahmad,20609,20609,
ahmad,20610,20610,
ahmad,20612,20612,
ahmad,20613,20613,
ahmad,20614,20614,
ahmad,20615,20615,
ahmad,20616,20616,
ahmad,20617,20617,
ahmad,20618,20618,
ahmad,20619,20619,
ahmad,20620,20620,
ahmad,20622,20622,
ahmad,20623,20623,
ahmad,20624,20624,
ahmad,20625,20625,
ahmad,20626,20626,
ahmad,20627,20627,
ahmad,20628,20628,
ahmad,20629,20629,
ahmad,20630,20630,
ahmad,20631,20631,
ahmad,20632,20632,
ahmad,20633,20633,
ahmad,20634,20634,
ahmad,20635,20635,
ahmad,20636,20636,
ahmad,20637,20637,
ahmad,20638,20638,
ahmad,20639,20639,
ahmad,20640,20640,
ahmad,20641,20641,
ahmad,20643,20643,
ahmad,20644,20644,
ahmad,20645,20645,
ahmad,20646,20646,
ahmad,20647,20647,
ahmad,20648,20648,
ahmad,20650,20650,
ahmad,20651,20651,
ahmad,20652,20652,
ahmad,20654,20654,
ahmad,20655,20655,
ahmad,20656,20656,
ahmad,20658,20658,
ahmad,20660,20660,
ahmad,20661,20661,
ahmad,20662,20662,
ahmad,20663,20663,
ahmad,20664,20664,
ahmad,20665,20665,
ahmad,20666,20666,
ahmad,20667,20667,
ahmad,20668,20668,
ahmad,20669,20669,
ahmad,20670,20670,
ahmad,20671,20671,
ahmad,20672,20672,
ahmad,20673,20673,
ahmad,20674,20674,
ahmad,20675,20675,
ahmad,20676,20676,
ahmad,20677,20677,
ahmad,20679,20679,
ahmad,20680,20680,
ahmad,20681,20681,
ahmad,20682,20682,
ahmad,20683,20683,
ahmad,20684,20684,
ahmad,20685,20685,
ahmad,20686,20686,
ahmad,20687,20687,
ahmad,20688,20688,
ahmad,20689,20689,
ahmad,20690,20690,
ahmad,20692,20692,
ahmad,20693,20693,
ahmad,20694,20694,
ahmad,20695,20695,
ahmad,20696,20696,
ahmad,20697,20697,
ahmad,20698,20698,
ahmad,20699,20699,
ahmad,20700,20700,
ahmad,20701,20701,
ahmad,20702,20702,
ahmad,20703,20703,
ahmad,20704,20704,
ahmad,20705,20705,
ahmad,20706,20706,
ahmad,20707,20707,
ahmad,20708,20708,
ahmad,20709,20709,
ahmad,20711,20711,
ahmad,20712,20712,
ahmad,20713,20713,
ahmad,20714,20714,
ahmad,20715,20715,
ahmad,20716,20716,
ahmad,20717,20717,
ahmad,20718,20718,
ahmad,20719,20719,
ahmad,20720,20720,
ahmad,20721,20721,
ahmad,20722,20722,
ahmad,20723,20723,
ahmad,20724,20724,
ahmad,20726,20726,
ahmad,20727,20727,
ahmad,20728,20728,
ahmad,20729,20729,
ahmad,20730,20730,
ahmad,20731,20731,
ahmad,20732,20732,
ahmad,20733,20733,
ahmad,20734,20734,
ahmad,20735,20735,
ahmad,20736,20736,
ahmad,20737,20737,
ahmad,20738,20738,
ahmad,20739,20739,
ahmad,20740,20740,
ahmad,20741,20741,
ahmad,20742,20742,
ahmad,20743,20743,
ahmad,20747,20747,
ahmad,20748,20748,
ahmad,20750,20750,
ahmad,20751,20751,
ahmad,20752,20752,
ahmad,20753,20753,
ahmad,20754,20754,
ahmad,20755,20755,
ahmad,20756,20756,
ahmad,20757,20757,
ahmad,20758,20758,
ahmad,20759,20759,
ahmad,20760,20760,
ahmad,20761,20761,
ahmad,20762,20762,
ahmad,20763,20763,
ahmad,20764,20764,
ahmad,20765,20765,
ahmad,20766,20766,
ahmad,20767,20767,
ahmad,20768,20768,
ahmad,20769,20769,
ahmad,20770,20770,
ahmad,20771,20771,
ahmad,20773,20773,
ahmad,20774,20774,
ahmad,20775,20775,
ahmad,20776,20776,
ahmad,20777,20777,
ahmad,20779,20779,
ahmad,20780,20780,
ahmad,20782,20782,
ahmad,20783,20783,
ahmad,20784,20784,
ahmad,20785,20785,
ahmad,20786,20786,
ahmad,20787,20787,
ahmad,20788,20788,
ahmad,20789,20789,
ahmad,20790,20790,
ahmad,20791,20791,
ahmad,20792,20792,
ahmad,20793,20793,
ahmad,20794,20794,
ahmad,20795,20795,
ahmad,20796,20796,
ahmad,20797,20797,
ahmad,20798,20798,
ahmad,20799,20799,
ahmad,20800,20800,
ahmad,20801,20801,
ahmad,20803,20803,
ahmad,20804,20804,
ahmad,20806,20806,
ahmad,20807,20807,
ahmad,20808,20808,
ahmad,20809,20809,
ahmad,20810,20810,
ahmad,20811,20811,
ahmad,20812,20812,
ahmad,20813,20813,
ahmad,20814,20814,
ahmad,20815,20815,
ahmad,20816,20816,
ahmad,20817,20817,
ahmad,20819,20819,
ahmad,20820,20820,
ahmad,20821,20821,
ahmad,20822,20822,
ahmad,20823,20823,
ahmad,20824,20824,
ahmad,20825,20825,
ahmad,20826,20826,
ahmad,20827,20827,
ahmad,20828,20828,
ahmad,20829,20829,
ahmad,20830,20830,
ahmad,20831,20831,
ahmad,20832,20832,
ahmad,20833,20833,
ahmad,20834,20834,
ahmad,20835,20835,
ahmad,20836,20836,
ahmad,20837,20837,
ahmad,20838,20838,
ahmad,20839,20839,
ahmad,20840,20840,
ahmad,20841,20841,
ahmad,20843,20843,
ahmad,20844,20844,
ahmad,20845,20845,
ahmad,20846,20846,
ahmad,20847,20847,
ahmad,20848,20848,
ahmad,20849,20849,
ahmad,20850,20850,
ahmad,20851,20851,
ahmad,20852,20852,
ahmad,20853,20853,
ahmad,20854,20854,
ahmad,20855,20855,
ahmad,20856,20856,
ahmad,20857,20857,
ahmad,20858,20858,
ahmad,20859,20859,
ahmad,20860,20860,
ahmad,20862,20862,
ahmad,20864,20864,
ahmad,20865,20865,
ahmad,20866,20866,
ahmad,20867,20867,
ahmad,20868,20868,
ahmad,20869,20869,
ahmad,20870,20870,
ahmad,20871,20871,
ahmad,20872,20872,
ahmad,20873,20873,
ahmad,20874,20874,
ahmad,20875,20875,
ahmad,20876,20876,
ahmad,20877,20877,
ahmad,20878,20878,
ahmad,20879,20879,
ahmad,20880,20880,
ahmad,20881,20881,
ahmad,20882,20882,
ahmad,20883,20883,
ahmad,20884,20884,
ahmad,20885,20885,
ahmad,20886,20886,
ahmad,20888,20888,
ahmad,20889,20889,
ahmad,20890,20890,
ahmad,20891,20891,
ahmad,20892,20892,
ahmad,20893,20893,
ahmad,20894,20894,
ahmad,20895,20895,
ahmad,20896,20896,
ahmad,20897,20897,
ahmad,20899,20899,
ahmad,20900,20900,
ahmad,20901,20901,
ahmad,20902,20902,
ahmad,20904,20904,
ahmad,20905,20905,
ahmad,20906,20906,
ahmad,20907,20907,
ahmad,20908,20908,
ahmad,20909,20909,
ahmad,20910,20910,
ahmad,20911,20911,
ahmad,20912,20912,
ahmad,20913,20913,
ahmad,20914,20914,
ahmad,20915,20915,
ahmad,20916,20916,
ahmad,20917,20917,
ahmad,20918,20918,
ahmad,20919,20919,
ahmad,20920,20920,
ahmad,20921,20921,
ahmad,20922,20922,
ahmad,20923,20923,
ahmad,20924,20924,
ahmad,20925,20925,
ahmad,20926,20926,
ahmad,20927,20927,
ahmad,20929,20929,
ahmad,20930,20930,
ahmad,20931,20931,
ahmad,20932,20932,
ahmad,20933,20933,
ahmad,20934,20934,
ahmad,20935,20935,
ahmad,20936,20936,
ahmad,20937,20937,
ahmad,20938,20938,
ahmad,20939,20939,
ahmad,20940,20940,
ahmad,20941,20941,
ahmad,20942,20942,
ahmad,20943,20943,
ahmad,20944,20944,
ahmad,20946,20946,
ahmad,20947,20947,
ahmad,20949,20949,
ahmad,20951,20951,
ahmad,20952,20952,
ahmad,20953,20953,
ahmad,20954,20954,
ahmad,20955,20955,
ahmad,20956,20956,
ahmad,20957,20957,
ahmad,20958,20958,
ahmad,20959,20959,
ahmad,20960,20960,
ahmad,20961,20961,
ahmad,20962,20962,
ahmad,20963,20963,
ahmad,20964,20964,
ahmad,20965,20965,
ahmad,20966,20966,
ahmad,20967,20967,
ahmad,20968,20968,
ahmad,20969,20969,
ahmad,20970,20970,
ahmad,20972,20972,
ahmad,20973,20973,
ahmad,20974,20974,
ahmad,20975,20975,
ahmad,20977,20977,
ahmad,20978,20978,
ahmad,20979,20979,
ahmad,20980,20980,
ahmad,20981,20981,
ahmad,20982,20982,
ahmad,20983,20983,
ahmad,20984,20984,
ahmad,20985,20985,
ahmad,20986,20986,
ahmad,20987,20987,
ahmad,20988,20988,
ahmad,20989,20989,
ahmad,20990,20990,
ahmad,20991,20991,
ahmad,20992,20992,
ahmad,20993,20993,
ahmad,20995,20995,
ahmad,20996,20996,
ahmad,20997,20997,
ahmad,20998,20998,
ahmad,21000,21000,
ahmad,21001,21001,
ahmad,21002,21002,
ahmad,21003,21003,
ahmad,21004,21004,
ahmad,21005,21005,
ahmad,21006,21006,
ahmad,21007,21007,
ahmad,21008,21008,
ahmad,21009,21009,
ahmad,21011,21011,
ahmad,21012,21012,
ahmad,21013,21013,
ahmad,21014,21014,
ahmad,21015,21015,
ahmad,21016,21016,
ahmad,21017,21017,
ahmad,21018,21018,
ahmad,21019,21019,
ahmad,21020,21020,
ahmad,21021,21021,
ahmad,21022,21022,
ahmad,21024,21024,
ahmad,21025,21025,
ahmad,21026,21026,
ahmad,21027,21027,
ahmad,21028,21028,
ahmad,21029,21029,
ahmad,21030,21030,
ahmad,21031,21031,
ahmad,21032,21032,
ahmad,21033,21033,
ahmad,21034,21034,
ahmad,21035,21035,
ahmad,21036,21036,
ahmad,21037,21037,
ahmad,21038,21038,
ahmad,21039,21039,
ahmad,21040,21040,
ahmad,21041,21041,
ahmad,21043,21043,
ahmad,21044,21044,
ahmad,21045,21045,
ahmad,21046,21046,
ahmad,21047,21047,
ahmad,21048,21048,
ahmad,21049,21049,
ahmad,21050,21050,
ahmad,21051,21051,
ahmad,21052,21052,
ahmad,21053,21053,
ahmad,21056,21056,
ahmad,21057,21057,
ahmad,21058,21058,
ahmad,21059,21059,
ahmad,21060,21060,
ahmad,21062,21062,
ahmad,21063,21063,
ahmad,21064,21064,
ahmad,21065,21065,
ahmad,21066,21066,
ahmad,21067,21067,
ahmad,21068,21068,
ahmad,21070,21070,
ahmad,21072,21072,
ahmad,21073,21073,
ahmad,21074,21074,
ahmad,21075,21075,
ahmad,21076,21076,
ahmad,21077,21077,
ahmad,21078,21078,
ahmad,21081,21081,
ahmad,21082,21082,
ahmad,21083,21083,
ahmad,21084,21084,
ahmad,21086,21086,
ahmad,21087,21087,
ahmad,21088,21088,
ahmad,21089,21089,
ahmad,21090,21090,
ahmad,21091,21091,
ahmad,21092,21092,
ahmad,21093,21093,
ahmad,21094,21094,
ahmad,21096,21096,
ahmad,21097,21097,
ahmad,21100,21100,
ahmad,21101,21101,
ahmad,21102,21102,
ahmad,21103,21103,
ahmad,21104,21104,
ahmad,21106,21106,
ahmad,21107,21107,
ahmad,21108,21108,
ahmad,21109,21109,
ahmad,21110,21110,
ahmad,21111,21111,
ahmad,21113,21113,
ahmad,21114,21114,
ahmad,21115,21115,
ahmad,21116,21116,
ahmad,21117,21117,
ahmad,21118,21118,
ahmad,21119,21119,
ahmad,21120,21120,
ahmad,21121,21121,
ahmad,21122,21122,
ahmad,21123,21123,
ahmad,21124,21124,
ahmad,21125,21125,
ahmad,21126,21126,
ahmad,21127,21127,
ahmad,21128,21128,
ahmad,21129,21129,
ahmad,21130,21130,
ahmad,21131,21131,
ahmad,21133,21133,
ahmad,21134,21134,
ahmad,21135,21135,
ahmad,21136,21136,
ahmad,21137,21137,
ahmad,21138,21138,
ahmad,21139,21139,
ahmad,21140,21140,
ahmad,21141,21141,
ahmad,21142,21142,
ahmad,21143,21143,
ahmad,21144,21144,
ahmad,21146,21146,
ahmad,21147,21147,
ahmad,21148,21148,
ahmad,21149,21149,
ahmad,21151,21151,
ahmad,21153,21153,
ahmad,21154,21154,
ahmad,21155,21155,
ahmad,21156,21156,
ahmad,21157,21157,
ahmad,21158,21158,
ahmad,21159,21159,
ahmad,21160,21160,
ahmad,21162,21162,
ahmad,21164,21164,
ahmad,21165,21165,
ahmad,21166,21166,
ahmad,21167,21167,
ahmad,21168,21168,
ahmad,21171,21171,
ahmad,21172,21172,
ahmad,21173,21173,
ahmad,21175,21175,
ahmad,21176,21176,
ahmad,21178,21178,
ahmad,21179,21179,
ahmad,21180,21180,
ahmad,21182,21182,
ahmad,21183,21183,
ahmad,21184,21184,
ahmad,21185,21185,
ahmad,21186,21186,
ahmad,21187,21187,
ahmad,21188,21188,
ahmad,21189,21189,
ahmad,21190,21190,
ahmad,21191,21191,
ahmad,21192,21192,
ahmad,21193,21193,
ahmad,21194,21194,
ahmad,21195,21195,
ahmad,21196,21196,
ahmad,21197,21197,
ahmad,21198,21198,
ahmad,21199,21199,
ahmad,21200,21200,
ahmad,21201,21201,
ahmad,21202,21202,
ahmad,21203,21203,
ahmad,21204,21204,
ahmad,21205,21205,
ahmad,21206,21206,
ahmad,21207,21207,
ahmad,21208,21208,
ahmad,21209,21209,
ahmad,21210,21210,
ahmad,21211,21211,
ahmad,21212,21212,
ahmad,21213,21213,
ahmad,21214,21214,
ahmad,21216,21216,
ahmad,21217,21217,
ahmad,21218,21218,
ahmad,21219,21219,
ahmad,21220,21220,
ahmad,21222,21222,
ahmad,21223,21223,
ahmad,21224,21224,
ahmad,21225,21225,
ahmad,21226,21226,
ahmad,21227,21227,
ahmad,21228,21228,
ahmad,21229,21229,
ahmad,21230,21230,
ahmad,21231,21231,
ahmad,21232,21232,
ahmad,21233,21233,
ahmad,21234,21234,
ahmad,21235,21235,
ahmad,21236,21236,
ahmad,21237,21237,
ahmad,21238,21238,
ahmad,21239,21239,
ahmad,21240,21240,
ahmad,21241,21241,
ahmad,21242,21242,
ahmad,21243,21243,
ahmad,21244,21244,
ahmad,21245,21245,
ahmad,21247,21247,
ahmad,21248,21248,
ahmad,21249,21249,
ahmad,21250,21250,
ahmad,21251,21251,
ahmad,21252,21252,
ahmad,21253,21253,
ahmad,21254,21254,
ahmad,21255,21255,
ahmad,21258,21258,
ahmad,21262,21262,
ahmad,21263,21263,
ahmad,21264,21264,
ahmad,21265,21265,
ahmad,21266,21266,
ahmad,21267,21267,
ahmad,21268,21268,
ahmad,21269,21269,
ahmad,21270,21270,
ahmad,21271,21271,
ahmad,21272,21272,
ahmad,21273,21273,
ahmad,21274,21274,
ahmad,21275,21275,
ahmad,21278,21278,
ahmad,21279,21279,
ahmad,21280,21280,
ahmad,21281,21281,
ahmad,21282,21282,
ahmad,21283,21283,
ahmad,21284,21284,
ahmad,21285,21285,
ahmad,21286,21286,
ahmad,21287,21287,
ahmad,21288,21288,
ahmad,21289,21289,
ahmad,21290,21290,
ahmad,21291,21291,
ahmad,21292,21292,
ahmad,21293,21293,
ahmad,21294,21294,
ahmad,21296,21296,
ahmad,21297,21297,
ahmad,21298,21298,
ahmad,21299,21299,
ahmad,21300,21300,
ahmad,21301,21301,
ahmad,21302,21302,
ahmad,21304,21304,
ahmad,21305,21305,
ahmad,21306,21306,
ahmad,21307,21307,
ahmad,21308,21308,
ahmad,21309,21309,
ahmad,21310,21310,
ahmad,21311,21311,
ahmad,21312,21312,
ahmad,21313,21313,
ahmad,21314,21314,
ahmad,21315,21315,
ahmad,21317,21317,
ahmad,21319,21319,
ahmad,21320,21320,
ahmad,21321,21321,
ahmad,21322,21322,
ahmad,21323,21323,
ahmad,21324,21324,
ahmad,21325,21325,
ahmad,21326,21326,
ahmad,21327,21327,
ahmad,21328,21328,
ahmad,21329,21329,
ahmad,21330,21330,
ahmad,21331,21331,
ahmad,21332,21332,
ahmad,21333,21333,
ahmad,21334,21334,
ahmad,21337,21337,
ahmad,21338,21338,
ahmad,21339,21339,
ahmad,21340,21340,
ahmad,21341,21341,
ahmad,21342,21342,
ahmad,21343,21343,
ahmad,21344,21344,
ahmad,21347,21347,
ahmad,21348,21348,
ahmad,21349,21349,
ahmad,21350,21350,
ahmad,21351,21351,
ahmad,21353,21353,
ahmad,21354,21354,
ahmad,21355,21355,
ahmad,21356,21356,
ahmad,21358,21358,
ahmad,21360,21360,
ahmad,21361,21361,
ahmad,21362,21362,
ahmad,21363,21363,
ahmad,21364,21364,
ahmad,21365,21365,
ahmad,21366,21366,
ahmad,21367,21367,
ahmad,21368,21368,
ahmad,21369,21369,
ahmad,21370,21370,
ahmad,21371,21371,
ahmad,21373,21373,
ahmad,21374,21374,
ahmad,21375,21375,
ahmad,21376,21376,
ahmad,21377,21377,
ahmad,21378,21378,
ahmad,21379,21379,
ahmad,21380,21380,
ahmad,21381,21381,
ahmad,21382,21382,
ahmad,21383,21383,
ahmad,21384,21384,
ahmad,21385,21385,
ahmad,21387,21387,
ahmad,21388,21388,
ahmad,21389,21389,
ahmad,21390,21390,
ahmad,21391,21391,
ahmad,21392,21392,
ahmad,21393,21393,
ahmad,21394,21394,
ahmad,21395,21395,
ahmad,21396,21396,
ahmad,21397,21397,
ahmad,21398,21398,
ahmad,21399,21399,
ahmad,21400,21400,
ahmad,21401,21401,
ahmad,21402,21402,
ahmad,21403,21403,
ahmad,21404,21404,
ahmad,21405,21405,
ahmad,21406,21406,
ahmad,21407,21407,
ahmad,21408,21408,
ahmad,21409,21409,
ahmad,21410,21410,
ahmad,21411,21411,
ahmad,21412,21412,
ahmad,21414,21414,
ahmad,21415,21415,
ahmad,21416,21416,
ahmad,21417,21417,
ahmad,21418,21418,
ahmad,21420,21420,
ahmad,21421,21421,
ahmad,21423,21423,
ahmad,21424,21424,
ahmad,21425,21425,
ahmad,21426,21426,
ahmad,21427,21427,
ahmad,21428,21428,
ahmad,21429,21429,
ahmad,21430,21430,
ahmad,21431,21431,
ahmad,21432,21432,
ahmad,21433,21433,
ahmad,21434,21434,
ahmad,21435,21435,
ahmad,21436,21436,
ahmad,21437,21437,
ahmad,21438,21438,
ahmad,21439,21439,
ahmad,21440,21440,
ahmad,21441,21441,
ahmad,21442,21442,
ahmad,21443,21443,
ahmad,21444,21444,
ahmad,21445,21445,
ahmad,21446,21446,
ahmad,21447,21447,
ahmad,21449,21449,
ahmad,21450,21450,
ahmad,21451,21451,
ahmad,21453,21453,
ahmad,21454,21454,
ahmad,21455,21455,
ahmad,21456,21456,
ahmad,21457,21457,
ahmad,21458,21458,
ahmad,21459,21459,
ahmad,21461,21461,
ahmad,21462,21462,
ahmad,21463,21463,
ahmad,21464,21464,
ahmad,21465,21465,
ahmad,21466,21466,
ahmad,21467,21467,
ahmad,21468,21468,
ahmad,21469,21469,
ahmad,21470,21470,
ahmad,21471,21471,
ahmad,21472,21472,
ahmad,21473,21473,
ahmad,21474,21474,
ahmad,21475,21475,
ahmad,21476,21476,
ahmad,21477,21477,
ahmad,21478,21478,
ahmad,21479,21479,
ahmad,21480,21480,
ahmad,21481,21481,
ahmad,21482,21482,
ahmad,21483,21483,
ahmad,21484,21484,
ahmad,21485,21485,
ahmad,21486,21486,
ahmad,21487,21487,
ahmad,21488,21488,
ahmad,21489,21489,
ahmad,21490,21490,
ahmad,21492,21492,
ahmad,21493,21493,
ahmad,21495,21495,
ahmad,21497,21497,
ahmad,21498,21498,
ahmad,21499,21499,
ahmad,21501,21501,
ahmad,21502,21502,
ahmad,21503,21503,
ahmad,21504,21504,
ahmad,21505,21505,
ahmad,21507,21507,
ahmad,21508,21508,
ahmad,21510,21510,
ahmad,21511,21511,
ahmad,21512,21512,
ahmad,21513,21513,
ahmad,21514,21514,
ahmad,21515,21515,
ahmad,21516,21516,
ahmad,21517,21517,
ahmad,21518,21518,
ahmad,21521,21521,
ahmad,21522,21522,
ahmad,21523,21523,
ahmad,21525,21525,
ahmad,21526,21526,
ahmad,21527,21527,
ahmad,21529,21529,
ahmad,21530,21530,
ahmad,21531,21531,
ahmad,21532,21532,
ahmad,21533,21533,
ahmad,21534,21534,
ahmad,21535,21535,
ahmad,21536,21536,
ahmad,21537,21537,
ahmad,21538,21538,
ahmad,21539,21539,
ahmad,21540,21540,
ahmad,21541,21541,
ahmad,21542,21542,
ahmad,21543,21543,
ahmad,21545,21545,
ahmad,21546,21546,
ahmad,21548,21548,
ahmad,21549,21549,
ahmad,21550,21550,
ahmad,21551,21551,
ahmad,21552,21552,
ahmad,21553,21553,
ahmad,21554,21554,
ahmad,21555,21555,
ahmad,21556,21556,
ahmad,21557,21557,
ahmad,21558,21558,
ahmad,21561,21561,
ahmad,21562,21562,
ahmad,21563,21563,
ahmad,21564,21564,
ahmad,21565,21565,
ahmad,21566,21566,
ahmad,21567,21567,
ahmad,21568,21568,
ahmad,21569,21569,
ahmad,21570,21570,
ahmad,21571,21571,
ahmad,21572,21572,
ahmad,21573,21573,
ahmad,21574,21574,
ahmad,21575,21575,
ahmad,21576,21576,
ahmad,21577,21577,
ahmad,21578,21578,
ahmad,21579,21579,
ahmad,21580,21580,
ahmad,21581,21581,
ahmad,21582,21582,
ahmad,21583,21583,
ahmad,21584,21584,
ahmad,21585,21585,
ahmad,21586,21586,
ahmad,21587,21587,
ahmad,21588,21588,
ahmad,21589,21589,
ahmad,21590,21590,
ahmad,21591,21591,
ahmad,21592,21592,
ahmad,21593,21593,
ahmad,21595,21595,
ahmad,21596,21596,
ahmad,21597,21597,
ahmad,21598,21598,
ahmad,21599,21599,
ahmad,21601,21601,
ahmad,21602,21602,
ahmad,21603,21603,
ahmad,21604,21604,
ahmad,21605,21605,
ahmad,21606,21606,
ahmad,21607,21607,
ahmad,21608,21608,
ahmad,21609,21609,
ahmad,21610,21610,
ahmad,21611,21611,
ahmad,21613,21613,
ahmad,21614,21614,
ahmad,21615,21615,
ahmad,21616,21616,
ahmad,21617,21617,
ahmad,21618,21618,
ahmad,21620,21620,
ahmad,21621,21621,
ahmad,21622,21622,
ahmad,21623,21623,
ahmad,21624,21624,
ahmad,21626,21626,
ahmad,21627,21627,
ahmad,21628,21628,
ahmad,21629,21629,
ahmad,21630,21630,
ahmad,21631,21631,
ahmad,21632,21632,
ahmad,21633,21633,
ahmad,21634,21634,
ahmad,21635,21635,
ahmad,21636,21636,
ahmad,21637,21637,
ahmad,21639,21639,
ahmad,21640,21640,
ahmad,21641,21641,
ahmad,21642,21642,
ahmad,21643,21643,
ahmad,21644,21644,
ahmad,21645,21645,
ahmad,21646,21646,
ahmad,21648,21648,
ahmad,21650,21650,
ahmad,21651,21651,
ahmad,21652,21652,
ahmad,21653,21653,
ahmad,21654,21654,
ahmad,21655,21655,
ahmad,21656,21656,
ahmad,21657,21657,
ahmad,21658,21658,
ahmad,21660,21660,
ahmad,21661,21661,
ahmad,21662,21662,
ahmad,21663,21663,
ahmad,21664,21664,
ahmad,21665,21665,
ahmad,21666,21666,
ahmad,21667,21667,
ahmad,21668,21668,
ahmad,21669,21669,
ahmad,21670,21670,
ahmad,21671,21671,
ahmad,21672,21672,
ahmad,21673,21673,
ahmad,21674,21674,
ahmad,21675,21675,
ahmad,21676,21676,
ahmad,21677,21677,
ahmad,21678,21678,
ahmad,21679,21679,
ahmad,21680,21680,
ahmad,21681,21681,
ahmad,21682,21682,
ahmad,21683,21683,
ahmad,21684,21684,
ahmad,21685,21685,
ahmad,21686,21686,
ahmad,21687,21687,
ahmad,21688,21688,
ahmad,21689,21689,
ahmad,21690,21690,
ahmad,21691,21691,
ahmad,21692,21692,
ahmad,21693,21693,
ahmad,21694,21694,
ahmad,21695,21695,
ahmad,21696,21696,
ahmad,21697,21697,
ahmad,21698,21698,
ahmad,21699,21699,
ahmad,21700,21700,
ahmad,21701,21701,
ahmad,21703,21703,
ahmad,21704,21704,
ahmad,21705,21705,
ahmad,21706,21706,
ahmad,21707,21707,
ahmad,21708,21708,
ahmad,21709,21709,
ahmad,21710,21710,
ahmad,21711,21711,
ahmad,21712,21712,
ahmad,21713,21713,
ahmad,21714,21714,
ahmad,21715,21715,
ahmad,21716,21716,
ahmad,21717,21717,
ahmad,21718,21718,
ahmad,21719,21719,
ahmad,21721,21721,
ahmad,21722,21722,
ahmad,21723,21723,
ahmad,21724,21724,
ahmad,21725,21725,
ahmad,21726,21726,
ahmad,21727,21727,
ahmad,21728,21728,
ahmad,21729,21729,
ahmad,21730,21730,
ahmad,21731,21731,
ahmad,21732,21732,
ahmad,21733,21733,
ahmad,21734,21734,
ahmad,21735,21735,
ahmad,21736,21736,
ahmad,21737,21737,
ahmad,21738,21738,
ahmad,21739,21739,
ahmad,21740,21740,
ahmad,21741,21741,
ahmad,21742,21742,
ahmad,21743,21743,
ahmad,21744,21744,
ahmad,21745,21745,
ahmad,21746,21746,
ahmad,21747,21747,
ahmad,21748,21748,
ahmad,21749,21749,
ahmad,21750,21750,
ahmad,21751,21751,
ahmad,21752,21752,
ahmad,21753,21753,
ahmad,21754,21754,
ahmad,21757,21757,
ahmad,21758,21758,
ahmad,21759,21759,
ahmad,21760,21760,
ahmad,21761,21761,
ahmad,21762,21762,
ahmad,21764,21764,
ahmad,21765,21765,
ahmad,21766,21766,
ahmad,21767,21767,
ahmad,21768,21768,
ahmad,21769,21769,
ahmad,21770,21770,
ahmad,21771,21771,
ahmad,21772,21772,
ahmad,21773,21773,
ahmad,21774,21774,
ahmad,21775,21775,
ahmad,21776,21776,
ahmad,21777,21777,
ahmad,21778,21778,
ahmad,21779,21779,
ahmad,21780,21780,
ahmad,21781,21781,
ahmad,21782,21782,
ahmad,21783,21783,
ahmad,21784,21784,
ahmad,21785,21785,
ahmad,21786,21786,
ahmad,21787,21787,
ahmad,21788,21788,
ahmad,21789,21789,
ahmad,21790,21790,
ahmad,21791,21791,
ahmad,21792,21792,
ahmad,21793,21793,
ahmad,21794,21794,
ahmad,21795,21795,
ahmad,21796,21796,
ahmad,21797,21797,
ahmad,21798,21798,
ahmad,21799,21799,
ahmad,21800,21800,
ahmad,21801,21801,
ahmad,21803,21803,
ahmad,21804,21804,
ahmad,21805,21805,
ahmad,21806,21806,
ahmad,21807,21807,
ahmad,21808,21808,
ahmad,21809,21809,
ahmad,21810,21810,
ahmad,21811,21811,
ahmad,21812,21812,
ahmad,21813,21813,
ahmad,21814,21814,
ahmad,21815,21815,
ahmad,21816,21816,
ahmad,21818,21818,
ahmad,21819,21819,
ahmad,21820,21820,
ahmad,21821,21821,
ahmad,21822,21822,
ahmad,21823,21823,
ahmad,21824,21824,
ahmad,21825,21825,
ahmad,21826,21826,
ahmad,21827,21827,
ahmad,21828,21828,
ahmad,21829,21829,
ahmad,21830,21830,
ahmad,21832,21832,
ahmad,21833,21833,
ahmad,21834,21834,
ahmad,21835,21835,
ahmad,21836,21836,
ahmad,21837,21837,
ahmad,21838,21838,
ahmad,21839,21839,
ahmad,21840,21840,
ahmad,21841,21841,
ahmad,21842,21842,
ahmad,21843,21843,
ahmad,21845,21845,
ahmad,21846,21846,
ahmad,21847,21847,
ahmad,21848,21848,
ahmad,21849,21849,
ahmad,21851,21851,
ahmad,21853,21853,
ahmad,21854,21854,
ahmad,21855,21855,
ahmad,21856,21856,
ahmad,21857,21857,
ahmad,21858,21858,
ahmad,21859,21859,
ahmad,21860,21860,
ahmad,21861,21861,
ahmad,21862,21862,
ahmad,21865,21865,
ahmad,21866,21866,
ahmad,21867,21867,
ahmad,21868,21868,
ahmad,21871,21871,
ahmad,21872,21872,
ahmad,21873,21873,
ahmad,21874,21874,
ahmad,21875,21875,
ahmad,21876,21876,
ahmad,21877,21877,
ahmad,21878,21878,
ahmad,21879,21879,
ahmad,21880,21880,
ahmad,21881,21881,
ahmad,21882,21882,
ahmad,21883,21883,
ahmad,21884,21884,
ahmad,21885,21885,
ahmad,21886,21886,
ahmad,21887,21887,
ahmad,21888,21888,
ahmad,21889,21889,
ahmad,21890,21890,
ahmad,21891,21891,
ahmad,21892,21892,
ahmad,21894,21894,
ahmad,21896,21896,
ahmad,21897,21897,
ahmad,21900,21900,
ahmad,21901,21901,
ahmad,21902,21902,
ahmad,21903,21903,
ahmad,21904,21904,
ahmad,21905,21905,
ahmad,21906,21906,
ahmad,21907,21907,
ahmad,21908,21908,
ahmad,21910,21910,
ahmad,21911,21911,
ahmad,21913,21913,
ahmad,21914,21914,
ahmad,21915,21915,
ahmad,21917,21917,
ahmad,21918,21918,
ahmad,21919,21919,
ahmad,21920,21920,
ahmad,21921,21921,
ahmad,21922,21922,
ahmad,21925,21925,
ahmad,21926,21926,
ahmad,21927,21927,
ahmad,21928,21928,
ahmad,21929,21929,
ahmad,21930,21930,
ahmad,21931,21931,
ahmad,21932,21932,
ahmad,21933,21933,
ahmad,21934,21934,
ahmad,21935,21935,
ahmad,21936,21936,
ahmad,21937,21937,
ahmad,21938,21938,
ahmad,21939,21939,
ahmad,21940,21940,
ahmad,21941,21941,
ahmad,21942,21942,
ahmad,21943,21943,
ahmad,21944,21944,
ahmad,21945,21945,
ahmad,21946,21946,
ahmad,21947,21947,
ahmad,21948,21948,
ahmad,21949,21949,
ahmad,21952,21952,
ahmad,21953,21953,
ahmad,21954,21954,
ahmad,21955,21955,
ahmad,21956,21956,
ahmad,21957,21957,
ahmad,21958,21958,
ahmad,21959,21959,
ahmad,21960,21960,
ahmad,21961,21961,
ahmad,21962,21962,
ahmad,21963,21963,
ahmad,21964,21964,
ahmad,21965,21965,
ahmad,21966,21966,
ahmad,21968,21968,
ahmad,21969,21969,
ahmad,21970,21970,
ahmad,21972,21972,
ahmad,21973,21973,
ahmad,21974,21974,
ahmad,21975,21975,
ahmad,21976,21976,
ahmad,21978,21978,
ahmad,21979,21979,
ahmad,21980,21980,
ahmad,21981,21981,
ahmad,21982,21982,
ahmad,21983,21983,
ahmad,21984,21984,
ahmad,21985,21985,
ahmad,21986,21986,
ahmad,21987,21987,
ahmad,21988,21988,
ahmad,21989,21989,
ahmad,21990,21990,
ahmad,21991,21991,
ahmad,21992,21992,
ahmad,21994,21994,
ahmad,21995,21995,
ahmad,21996,21996,
ahmad,21997,21997,
ahmad,21998,21998,
ahmad,21999,21999,
ahmad,22000,22000,
ahmad,22001,22001,
ahmad,22002,22002,
ahmad,22003,22003,
ahmad,22004,22004,
ahmad,22005,22005,
ahmad,22006,22006,
ahmad,22007,22007,
ahmad,22008,22008,
ahmad,22009,22009,
ahmad,22010,22010,
ahmad,22011,22011,
ahmad,22012,22012,
ahmad,22013,22013,
ahmad,22014,22014,
ahmad,22015,22015,
ahmad,22016,22016,
ahmad,22017,22017,
ahmad,22018,22018,
ahmad,22019,22019,
ahmad,22020,22020,
ahmad,22021,22021,
ahmad,22022,22022,
ahmad,22023,22023,
ahmad,22024,22024,
ahmad,22025,22025,
ahmad,22026,22026,
ahmad,22027,22027,
ahmad,22028,22028,
ahmad,22029,22029,
ahmad,22030,22030,
ahmad,22031,22031,
ahmad,22032,22032,
ahmad,22033,22033,
ahmad,22034,22034,
ahmad,22035,22035,
ahmad,22036,22036,
ahmad,22037,22037,
ahmad,22038,22038,
ahmad,22039,22039,
ahmad,22040,22040,
ahmad,22041,22041,
ahmad,22042,22042,
ahmad,22043,22043,
ahmad,22044,22044,
ahmad,22048,22048,
ahmad,22049,22049,
ahmad,22050,22050,
ahmad,22051,22051,
ahmad,22052,22052,
ahmad,22053,22053,
ahmad,22054,22054,
ahmad,22055,22055,
ahmad,22056,22056,
ahmad,22057,22057,
ahmad,22058,22058,
ahmad,22059,22059,
ahmad,22060,22060,
ahmad,22061,22061,
ahmad,22062,22062,
ahmad,22063,22063,
ahmad,22064,22064,
ahmad,22065,22065,
ahmad,22066,22066,
ahmad,22067,22067,
ahmad,22068,22068,
ahmad,22069,22069,
ahmad,22070,22070,
ahmad,22071,22071,
ahmad,22072,22072,
ahmad,22073,22073,
ahmad,22074,22074,
ahmad,22076,22076,
ahmad,22077,22077,
ahmad,22078,22078,
ahmad,22079,22079,
ahmad,22080,22080,
ahmad,22081,22081,
ahmad,22082,22082,
ahmad,22083,22083,
ahmad,22084,22084,
ahmad,22085,22085,
ahmad,22086,22086,
ahmad,22087,22087,
ahmad,22088,22088,
ahmad,22089,22089,
ahmad,22090,22090,
ahmad,22091,22091,
ahmad,22092,22092,
ahmad,22093,22093,
ahmad,22094,22094,
ahmad,22095,22095,
ahmad,22096,22096,
ahmad,22097,22097,
ahmad,22098,22098,
ahmad,22099,22099,
ahmad,22101,22101,
ahmad,22102,22102,
ahmad,22103,22103,
ahmad,22104,22104,
ahmad,22105,22105,
ahmad,22106,22106,
ahmad,22107,22107,
ahmad,22108,22108,
ahmad,22109,22109,
ahmad,22110,22110,
ahmad,22111,22111,
ahmad,22112,22112,
ahmad,22113,22113,
ahmad,22115,22115,
ahmad,22116,22116,
ahmad,22117,22117,
ahmad,22118,22118,
ahmad,22119,22119,
ahmad,22120,22120,
ahmad,22121,22121,
ahmad,22122,22122,
ahmad,22123,22123,
ahmad,22125,22125,
ahmad,22126,22126,
ahmad,22127,22127,
ahmad,22128,22128,
ahmad,22129,22129,
ahmad,22130,22130,
ahmad,22131,22131,
ahmad,22132,22132,
ahmad,22133,22133,
ahmad,22135,22135,
ahmad,22136,22136,
ahmad,22137,22137,
ahmad,22138,22138,
ahmad,22140,22140,
ahmad,22141,22141,
ahmad,22142,22142,
ahmad,22143,22143,
ahmad,22144,22144,
ahmad,22145,22145,
ahmad,22146,22146,
ahmad,22147,22147,
ahmad,22148,22148,
ahmad,22149,22149,
ahmad,22152,22152,
ahmad,22153,22153,
ahmad,22154,22154,
ahmad,22155,22155,
ahmad,22156,22156,
ahmad,22157,22157,
ahmad,22158,22158,
ahmad,22159,22159,
ahmad,22160,22160,
ahmad,22161,22161,
ahmad,22162,22162,
ahmad,22164,22164,
ahmad,22165,22165,
ahmad,22170,22170,
ahmad,22171,22171,
ahmad,22172,22172,
ahmad,22174,22174,
ahmad,22175,22175,
ahmad,22176,22176,
ahmad,22177,22177,
ahmad,22178,22178,
ahmad,22179,22179,
ahmad,22180,22180,
ahmad,22181,22181,
ahmad,22183,22183,
ahmad,22184,22184,
ahmad,22186,22186,
ahmad,22187,22187,
ahmad,22189,22189,
ahmad,22190,22190,
ahmad,22191,22191,
ahmad,22192,22192,
ahmad,22193,22193,
ahmad,22194,22194,
ahmad,22195,22195,
ahmad,22196,22196,
ahmad,22197,22197,
ahmad,22198,22198,
ahmad,22199,22199,
ahmad,22200,22200,
ahmad,22201,22201,
ahmad,22202,22202,
ahmad,22203,22203,
ahmad,22204,22204,
ahmad,22205,22205,
ahmad,22206,22206,
ahmad,22207,22207,
ahmad,22208,22208,
ahmad,22209,22209,
ahmad,22210,22210,
ahmad,22211,22211,
ahmad,22212,22212,
ahmad,22213,22213,
ahmad,22214,22214,
ahmad,22215,22215,
ahmad,22216,22216,
ahmad,22217,22217,
ahmad,22218,22218,
ahmad,22220,22220,
ahmad,22221,22221,
ahmad,22222,22222,
ahmad,22223,22223,
ahmad,22225,22225,
ahmad,22226,22226,
ahmad,22227,22227,
ahmad,22229,22229,
ahmad,22230,22230,
ahmad,22231,22231,
ahmad,22232,22232,
ahmad,22233,22233,
ahmad,22234,22234,
ahmad,22235,22235,
ahmad,22236,22236,
ahmad,22237,22237,
ahmad,22239,22239,
ahmad,22240,22240,
ahmad,22241,22241,
ahmad,22242,22242,
ahmad,22243,22243,
ahmad,22244,22244,
ahmad,22246,22246,
ahmad,22247,22247,
ahmad,22248,22248,
ahmad,22249,22249,
ahmad,22250,22250,
ahmad,22251,22251,
ahmad,22252,22252,
ahmad,22253,22253,
ahmad,22254,22254,
ahmad,22255,22255,
ahmad,22256,22256,
ahmad,22257,22257,
ahmad,22259,22259,
ahmad,22260,22260,
ahmad,22261,22261,
ahmad,22262,22262,
ahmad,22263,22263,
ahmad,22264,22264,
ahmad,22265,22265,
ahmad,22266,22266,
ahmad,22267,22267,
ahmad,22268,22268,
ahmad,22269,22269,
ahmad,22271,22271,
ahmad,22272,22272,
ahmad,22273,22273,
ahmad,22274,22274,
ahmad,22275,22275,
ahmad,22276,22276,
ahmad,22277,22277,
ahmad,22278,22278,
ahmad,22279,22279,
ahmad,22280,22280,
ahmad,22281,22281,
ahmad,22282,22282,
ahmad,22283,22283,
ahmad,22284,22284,
ahmad,22286,22286,
ahmad,22287,22287,
ahmad,22288,22288,
ahmad,22289,22289,
ahmad,22290,22290,
ahmad,22291,22291,
ahmad,22294,22294,
ahmad,22295,22295,
ahmad,22296,22296,
ahmad,22297,22297,
ahmad,22298,22298,
ahmad,22299,22299,
ahmad,22300,22300,
ahmad,22301,22301,
ahmad,22302,22302,
ahmad,22303,22303,
ahmad,22304,22304,
ahmad,22305,22305,
ahmad,22306,22306,
ahmad,22307,22307,
ahmad,22308,22308,
ahmad,22309,22309,
ahmad,22310,22310,
ahmad,22311,22311,
ahmad,22312,22312,
ahmad,22313,22313,
ahmad,22314,22314,
ahmad,22315,22315,
ahmad,22316,22316,
ahmad,22317,22317,
ahmad,22318,22318,
ahmad,22319,22319,
ahmad,22320,22320,
ahmad,22321,22321,
ahmad,22322,22322,
ahmad,22323,22323,
ahmad,22324,22324,
ahmad,22325,22325,
ahmad,22326,22326,
ahmad,22327,22327,
ahmad,22328,22328,
ahmad,22329,22329,
ahmad,22330,22330,
ahmad,22331,22331,
ahmad,22332,22332,
ahmad,22333,22333,
ahmad,22334,22334,
ahmad,22335,22335,
ahmad,22336,22336,
ahmad,22337,22337,
ahmad,22338,22338,
ahmad,22339,22339,
ahmad,22340,22340,
ahmad,22341,22341,
ahmad,22342,22342,
ahmad,22343,22343,
ahmad,22344,22344,
ahmad,22345,22345,
ahmad,22346,22346,
ahmad,22347,22347,
ahmad,22348,22348,
ahmad,22349,22349,
ahmad,22350,22350,
ahmad,22351,22351,
ahmad,22352,22352,
ahmad,22353,22353,
ahmad,22354,22354,
ahmad,22355,22355,
ahmad,22356,22356,
ahmad,22357,22357,
ahmad,22358,22358,
ahmad,22359,22359,
ahmad,22360,22360,
ahmad,22361,22361,
ahmad,22362,22362,
ahmad,22363,22363,
ahmad,22364,22364,
ahmad,22365,22365,
ahmad,22366,22366,
ahmad,22367,22367,
ahmad,22368,22368,
ahmad,22369,22369,
ahmad,22370,22370,
ahmad,22371,22371,
ahmad,22372,22372,
ahmad,22374,22374,
ahmad,22375,22375,
ahmad,22376,22376,
ahmad,22377,22377,
ahmad,22378,22378,
ahmad,22379,22379,
ahmad,22380,22380,
ahmad,22381,22381,
ahmad,22382,22382,
ahmad,22383,22383,
ahmad,22384,22384,
ahmad,22385,22385,
ahmad,22386,22386,
ahmad,22387,22387,
ahmad,22388,22388,
ahmad,22389,22389,
ahmad,22390,22390,
ahmad,22391,22391,
ahmad,22392,22392,
ahmad,22393,22393,
ahmad,22394,22394,
ahmad,22395,22395,
ahmad,22396,22396,
ahmad,22397,22397,
ahmad,22398,22398,
ahmad,22399,22399,
ahmad,22400,22400,
ahmad,22401,22401,
ahmad,22402,22402,
ahmad,22403,22403,
ahmad,22404,22404,
ahmad,22405,22405,
ahmad,22406,22406,
ahmad,22407,22407,
ahmad,22408,22408,
ahmad,22409,22409,
ahmad,22410,22410,
ahmad,22411,22411,
ahmad,22412,22412,
ahmad,22413,22413,
ahmad,22414,22414,
ahmad,22415,22415,
ahmad,22416,22416,
ahmad,22417,22417,
ahmad,22418,22418,
ahmad,22419,22419,
ahmad,22420,22420,
ahmad,22421,22421,
ahmad,22423,22423,
ahmad,22424,22424,
ahmad,22425,22425,
ahmad,22426,22426,
ahmad,22427,22427,
ahmad,22428,22428,
ahmad,22429,22429,
ahmad,22430,22430,
ahmad,22431,22431,
ahmad,22432,22432,
ahmad,22433,22433,
ahmad,22434,22434,
ahmad,22435,22435,
ahmad,22436,22436,
ahmad,22437,22437,
ahmad,22438,22438,
ahmad,22439,22439,
ahmad,22440,22440,
ahmad,22441,22441,
ahmad,22442,22442,
ahmad,22443,22443,
ahmad,22444,22444,
ahmad,22446,22446,
ahmad,22447,22447,
ahmad,22448,22448,
ahmad,22449,22449,
ahmad,22450,22450,
ahmad,22451,22451,
ahmad,22452,22452,
ahmad,22453,22453,
ahmad,22454,22454,
ahmad,22455,22455,
ahmad,22456,22456,
ahmad,22457,22457,
ahmad,22458,22458,
ahmad,22459,22459,
ahmad,22460,22460,
ahmad,22461,22461,
ahmad,22462,22462,
ahmad,22463,22463,
ahmad,22464,22464,
ahmad,22465,22465,
ahmad,22467,22467,
ahmad,22468,22468,
ahmad,22469,22469,
ahmad,22470,22470,
ahmad,22471,22471,
ahmad,22472,22472,
ahmad,22474,22474,
ahmad,22475,22475,
ahmad,22476,22476,
ahmad,22477,22477,
ahmad,22478,22478,
ahmad,22479,22479,
ahmad,22480,22480,
ahmad,22481,22481,
ahmad,22482,22482,
ahmad,22484,22484,
ahmad,22485,22485,
ahmad,22486,22486,
ahmad,22487,22487,
ahmad,22488,22488,
ahmad,22489,22489,
ahmad,22490,22490,
ahmad,22492,22492,
ahmad,22493,22493,
ahmad,22495,22495,
ahmad,22496,22496,
ahmad,22497,22497,
ahmad,22498,22498,
ahmad,22499,22499,
ahmad,22500,22500,
ahmad,22502,22502,
ahmad,22503,22503,
ahmad,22504,22504,
ahmad,22505,22505,
ahmad,22506,22506,
ahmad,22507,22507,
ahmad,22508,22508,
ahmad,22509,22509,
ahmad,22510,22510,
ahmad,22511,22511,
ahmad,22512,22512,
ahmad,22514,22514,
ahmad,22515,22515,
ahmad,22516,22516,
ahmad,22517,22517,
ahmad,22519,22519,
ahmad,22520,22520,
ahmad,22521,22521,
ahmad,22522,22522,
ahmad,22523,22523,
ahmad,22525,22525,
ahmad,22526,22526,
ahmad,22527,22527,
ahmad,22528,22528,
ahmad,22529,22529,
ahmad,22530,22530,
ahmad,22531,22531,
ahmad,22532,22532,
ahmad,22533,22533,
ahmad,22535,22535,
ahmad,22536,22536,
ahmad,22537,22537,
ahmad,22538,22538,
ahmad,22539,22539,
ahmad,22540,22540,
ahmad,22541,22541,
ahmad,22542,22542,
ahmad,22544,22544,
ahmad,22545,22545,
ahmad,22546,22546,
ahmad,22547,22547,
ahmad,22548,22548,
ahmad,22549,22549,
ahmad,22550,22550,
ahmad,22551,22551,
ahmad,22552,22552,
ahmad,22553,22553,
ahmad,22554,22554,
ahmad,22555,22555,
ahmad,22556,22556,
ahmad,22557,22557,
ahmad,22558,22558,
ahmad,22559,22559,
ahmad,22560,22560,
ahmad,22561,22561,
ahmad,22562,22562,
ahmad,22563,22563,
ahmad,22564,22564,
ahmad,22565,22565,
ahmad,22566,22566,
ahmad,22567,22567,
ahmad,22569,22569,
ahmad,22570,22570,
ahmad,22571,22571,
ahmad,22572,22572,
ahmad,22573,22573,
ahmad,22574,22574,
ahmad,22575,22575,
ahmad,22576,22576,
ahmad,22577,22577,
ahmad,22578,22578,
ahmad,22579,22579,
ahmad,22580,22580,
ahmad,22581,22581,
ahmad,22582,22582,
ahmad,22583,22583,
ahmad,22584,22584,
ahmad,22585,22585,
ahmad,22586,22586,
ahmad,22587,22587,
ahmad,22588,22588,
ahmad,22589,22589,
ahmad,22590,22590,
ahmad,22591,22591,
ahmad,22592,22592,
ahmad,22593,22593,
ahmad,22594,22594,
ahmad,22595,22595,
ahmad,22596,22596,
ahmad,22597,22597,
ahmad,22598,22598,
ahmad,22599,22599,
ahmad,22600,22600,
ahmad,22602,22602,
ahmad,22603,22603,
ahmad,22604,22604,
ahmad,22605,22605,
ahmad,22606,22606,
ahmad,22607,22607,
ahmad,22608,22608,
ahmad,22609,22609,
ahmad,22610,22610,
ahmad,22611,22611,
ahmad,22612,22612,
ahmad,22613,22613,
ahmad,22614,22614,
ahmad,22615,22615,
ahmad,22616,22616,
ahmad,22617,22617,
ahmad,22618,22618,
ahmad,22619,22619,
ahmad,22620,22620,
ahmad,22621,22621,
ahmad,22622,22622,
ahmad,22623,22623,
ahmad,22624,22624,
ahmad,22625,22625,
ahmad,22626,22626,
ahmad,22627,22627,
ahmad,22628,22628,
ahmad,22629,22629,
ahmad,22630,22630,
ahmad,22632,22632,
ahmad,22633,22633,
ahmad,22635,22635,
ahmad,22636,22636,
ahmad,22637,22637,
ahmad,22638,22638,
ahmad,22639,22639,
ahmad,22640,22640,
ahmad,22641,22641,
ahmad,22642,22642,
ahmad,22643,22643,
ahmad,22644,22644,
ahmad,22645,22645,
ahmad,22646,22646,
ahmad,22647,22647,
ahmad,22648,22648,
ahmad,22649,22649,
ahmad,22650,22650,
ahmad,22651,22651,
ahmad,22652,22652,
ahmad,22653,22653,
ahmad,22655,22655,
ahmad,22656,22656,
ahmad,22657,22657,
ahmad,22658,22658,
ahmad,22659,22659,
ahmad,22661,22661,
ahmad,22662,22662,
ahmad,22663,22663,
ahmad,22664,22664,
ahmad,22665,22665,
ahmad,22666,22666,
ahmad,22667,22667,
ahmad,22668,22668,
ahmad,22670,22670,
ahmad,22671,22671,
ahmad,22672,22672,
ahmad,22673,22673,
ahmad,22674,22674,
ahmad,22675,22675,
ahmad,22676,22676,
ahmad,22677,22677,
ahmad,22678,22678,
ahmad,22679,22679,
ahmad,22680,22680,
ahmad,22681,22681,
ahmad,22682,22682,
ahmad,22683,22683,
ahmad,22684,22684,
ahmad,22685,22685,
ahmad,22686,22686,
ahmad,22687,22687,
ahmad,22689,22689,
ahmad,22690,22690,
ahmad,22691,22691,
ahmad,22692,22692,
ahmad,22693,22693,
ahmad,22694,22694,
ahmad,22695,22695,
ahmad,22696,22696,
ahmad,22697,22697,
ahmad,22698,22698,
ahmad,22699,22699,
ahmad,22700,22700,
ahmad,22701,22701,
ahmad,22702,22702,
ahmad,22703,22703,
ahmad,22704,22704,
ahmad,22705,22705,
ahmad,22706,22706,
ahmad,22707,22707,
ahmad,22708,22708,
ahmad,22709,22709,
ahmad,22710,22710,
ahmad,22711,22711,
ahmad,22712,22712,
ahmad,22713,22713,
ahmad,22714,22714,
ahmad,22715,22715,
ahmad,22716,22716,
ahmad,22717,22717,
ahmad,22718,22718,
ahmad,22719,22719,
ahmad,22720,22720,
ahmad,22721,22721,
ahmad,22722,22722,
ahmad,22723,22723,
ahmad,22724,22724,
ahmad,22725,22725,
ahmad,22726,22726,
ahmad,22727,22727,
ahmad,22728,22728,
ahmad,22729,22729,
ahmad,22730,22730,
ahmad,22731,22731,
ahmad,22733,22733,
ahmad,22734,22734,
ahmad,22735,22735,
ahmad,22736,22736,
ahmad,22737,22737,
ahmad,22738,22738,
ahmad,22739,22739,
ahmad,22740,22740,
ahmad,22741,22741,
ahmad,22742,22742,
ahmad,22743,22743,
ahmad,22744,22744,
ahmad,22745,22745,
ahmad,22746,22746,
ahmad,22747,22747,
ahmad,22748,22748,
ahmad,22749,22749,
ahmad,22750,22750,
ahmad,22752,22752,
ahmad,22753,22753,
ahmad,22754,22754,
ahmad,22755,22755,
ahmad,22756,22756,
ahmad,22757,22757,
ahmad,22758,22758,
ahmad,22759,22759,
ahmad,22760,22760,
ahmad,22761,22761,
ahmad,22762,22762,
ahmad,22763,22763,
ahmad,22764,22764,
ahmad,22765,22765,
ahmad,22766,22766,
ahmad,22767,22767,
ahmad,22768,22768,
ahmad,22769,22769,
ahmad,22770,22770,
ahmad,22771,22771,
ahmad,22772,22772,
ahmad,22774,22774,
ahmad,22775,22775,
ahmad,22776,22776,
ahmad,22777,22777,
ahmad,22778,22778,
ahmad,22779,22779,
ahmad,22780,22780,
ahmad,22781,22781,
ahmad,22782,22782,
ahmad,22783,22783,
ahmad,22784,22784,
ahmad,22785,22785,
ahmad,22786,22786,
ahmad,22787,22787,
ahmad,22788,22788,
ahmad,22789,22789,
ahmad,22790,22790,
ahmad,22791,22791,
ahmad,22792,22792,
ahmad,22793,22793,
ahmad,22794,22794,
ahmad,22795,22795,
ahmad,22796,22796,
ahmad,22797,22797,
ahmad,22799,22799,
ahmad,22800,22800,
ahmad,22801,22801,
ahmad,22802,22802,
ahmad,22803,22803,
ahmad,22804,22804,
ahmad,22805,22805,
ahmad,22806,22806,
ahmad,22807,22807,
ahmad,22808,22808,
ahmad,22809,22809,
ahmad,22810,22810,
ahmad,22812,22812,
ahmad,22815,22815,
ahmad,22816,22816,
ahmad,22818,22818,
ahmad,22819,22819,
ahmad,22820,22820,
ahmad,22821,22821,
ahmad,22822,22822,
ahmad,22823,22823,
ahmad,22824,22824,
ahmad,22825,22825,
ahmad,22826,22826,
ahmad,22828,22828,
ahmad,22829,22829,
ahmad,22830,22830,
ahmad,22831,22831,
ahmad,22832,22832,
ahmad,22833,22833,
ahmad,22834,22834,
ahmad,22835,22835,
ahmad,22836,22836,
ahmad,22837,22837,
ahmad,22839,22839,
ahmad,22840,22840,
ahmad,22841,22841,
ahmad,22842,22842,
ahmad,22843,22843,
ahmad,22844,22844,
ahmad,22845,22845,
ahmad,22846,22846,
ahmad,22847,22847,
ahmad,22849,22849,
ahmad,22850,22850,
ahmad,22851,22851,
ahmad,22852,22852,
ahmad,22853,22853,
ahmad,22854,22854,
ahmad,22855,22855,
ahmad,22856,22856,
ahmad,22857,22857,
ahmad,22858,22858,
ahmad,22861,22861,
ahmad,22862,22862,
ahmad,22863,22863,
ahmad,22864,22864,
ahmad,22865,22865,
ahmad,22866,22866,
ahmad,22867,22867,
ahmad,22868,22868,
ahmad,22869,22869,
ahmad,22870,22870,
ahmad,22871,22871,
ahmad,22872,22872,
ahmad,22873,22873,
ahmad,22874,22874,
ahmad,22875,22875,
ahmad,22876,22876,
ahmad,22877,22877,
ahmad,22878,22878,
ahmad,22879,22879,
ahmad,22881,22881,
ahmad,22882,22882,
ahmad,22883,22883,
ahmad,22885,22885,
ahmad,22886,22886,
ahmad,22887,22887,
ahmad,22888,22888,
ahmad,22889,22889,
ahmad,22890,22890,
ahmad,22891,22891,
ahmad,22892,22892,
ahmad,22893,22893,
ahmad,22894,22894,
ahmad,22895,22895,
ahmad,22896,22896,
ahmad,22897,22897,
ahmad,22898,22898,
ahmad,22899,22899,
ahmad,22900,22900,
ahmad,22901,22901,
ahmad,22902,22902,
ahmad,22903,22903,
ahmad,22904,22904,
ahmad,22905,22905,
ahmad,22906,22906,
ahmad,22907,22907,
ahmad,22908,22908,
ahmad,22909,22909,
ahmad,22910,22910,
ahmad,22911,22911,
ahmad,22912,22912,
ahmad,22913,22913,
ahmad,22914,22914,
ahmad,22915,22915,
ahmad,22916,22916,
ahmad,22917,22917,
ahmad,22918,22918,
ahmad,22919,22919,
ahmad,22920,22920,
ahmad,22928,22928,
ahmad,22932,22932,
ahmad,22934,22934,
ahmad,22935,22935,
ahmad,22936,22936,
ahmad,22937,22937,
ahmad,22938,22938,
ahmad,22939,22939,
ahmad,22940,22940,
ahmad,22943,22943,
ahmad,22944,22944,
ahmad,22945,22945,
ahmad,22946,22946,
ahmad,22947,22947,
ahmad,22948,22948,
ahmad,22949,22949,
ahmad,22950,22950,
ahmad,22951,22951,
ahmad,22952,22952,
ahmad,22953,22953,
ahmad,22954,22954,
ahmad,22955,22955,
ahmad,22956,22956,
ahmad,22957,22957,
ahmad,22959,22959,
ahmad,22960,22960,
ahmad,22961,22961,
ahmad,22962,22962,
ahmad,22963,22963,
ahmad,22964,22964,
ahmad,22966,22966,
ahmad,22967,22967,
ahmad,22968,22968,
ahmad,22969,22969,
ahmad,22970,22970,
ahmad,22971,22971,
ahmad,22972,22972,
ahmad,22973,22973,
ahmad,22974,22974,
ahmad,22975,22975,
ahmad,22976,22976,
ahmad,22977,22977,
ahmad,22978,22978,
ahmad,22979,22979,
ahmad,22981,22981,
ahmad,22982,22982,
ahmad,22983,22983,
ahmad,22985,22985,
ahmad,22986,22986,
ahmad,22987,22987,
ahmad,22988,22988,
ahmad,22989,22989,
ahmad,22990,22990,
ahmad,22992,22992,
ahmad,22993,22993,
ahmad,22994,22994,
ahmad,22995,22995,
ahmad,22996,22996,
ahmad,22997,22997,
ahmad,22998,22998,
ahmad,22999,22999,
ahmad,23000,23000,
ahmad,23001,23001,
ahmad,23002,23002,
ahmad,23003,23003,
ahmad,23004,23004,
ahmad,23005,23005,
ahmad,23006,23006,
ahmad,23007,23007,
ahmad,23008,23008,
ahmad,23009,23009,
ahmad,23010,23010,
ahmad,23011,23011,
ahmad,23012,23012,
ahmad,23013,23013,
ahmad,23014,23014,
ahmad,23015,23015,
ahmad,23016,23016,
ahmad,23019,23019,
ahmad,23027,23027,
ahmad,23028,23028,
ahmad,23029,23029,
ahmad,23030,23030,
ahmad,23031,23031,
ahmad,23032,23032,
ahmad,23033,23033,
ahmad,23034,23034,
ahmad,23035,23035,
ahmad,23038,23038,
ahmad,23041,23041,
ahmad,23042,23042,
ahmad,23043,23043,
ahmad,23044,23044,
ahmad,23045,23045,
ahmad,23046,23046,
ahmad,23047,23047,
ahmad,23048,23048,
ahmad,23049,23049,
ahmad,23052,23052,
ahmad,23053,23053,
ahmad,23054,23054,
ahmad,23055,23055,
ahmad,23063,23063,
ahmad,23064,23064,
ahmad,23066,23066,
ahmad,23067,23067,
ahmad,23068,23068,
ahmad,23070,23070,
ahmad,23071,23071,
ahmad,23072,23072,
ahmad,23073,23073,
ahmad,23074,23074,
ahmad,23075,23075,
ahmad,23076,23076,
ahmad,23077,23077,
ahmad,23080,23080,
ahmad,23083,23083,
ahmad,23084,23084,
ahmad,23085,23085,
ahmad,23086,23086,
ahmad,23087,23087,
ahmad,23088,23088,
ahmad,23090,23090,
ahmad,23091,23091,
ahmad,23092,23092,
ahmad,23093,23093,
ahmad,23094,23094,
ahmad,23095,23095,
ahmad,23097,23097,
ahmad,23098,23098,
ahmad,23101,23101,
ahmad,23102,23102,
ahmad,23105,23105,
ahmad,23106,23106,
ahmad,23107,23107,
ahmad,23108,23108,
ahmad,23109,23109,
ahmad,23110,23110,
ahmad,23111,23111,
ahmad,23112,23112,
ahmad,23113,23113,
ahmad,23114,23114,
ahmad,23115,23115,
ahmad,23116,23116,
ahmad,23117,23117,
ahmad,23118,23118,
ahmad,23119,23119,
ahmad,23120,23120,
ahmad,23122,23122,
ahmad,23123,23123,
ahmad,23124,23124,
ahmad,23125,23125,
ahmad,23126,23126,
ahmad,23127,23127,
ahmad,23128,23128,
ahmad,23129,23129,
ahmad,23130,23130,
ahmad,23131,23131,
ahmad,23133,23133,
ahmad,23134,23134,
ahmad,23135,23135,
ahmad,23136,23136,
ahmad,23137,23137,
ahmad,23138,23138,
ahmad,23139,23139,
ahmad,23140,23140,
ahmad,23141,23141,
ahmad,23143,23143,
ahmad,23144,23144,
ahmad,23145,23145,
ahmad,23146,23146,
ahmad,23148,23148,
ahmad,23149,23149,
ahmad,23150,23150,
ahmad,23151,23151,
ahmad,23153,23153,
ahmad,23155,23155,
ahmad,23156,23156,
ahmad,23158,23158,
ahmad,23159,23159,
ahmad,23160,23160,
ahmad,23161,23161,
ahmad,23162,23162,
ahmad,23164,23164,
ahmad,23165,23165,
ahmad,23167,23167,
ahmad,23168,23168,
ahmad,23169,23169,
ahmad,23170,23170,
ahmad,23171,23171,
ahmad,23172,23172,
ahmad,23174,23174,
ahmad,23175,23175,
ahmad,23176,23176,
ahmad,23177,23177,
ahmad,23178,23178,
ahmad,23179,23179,
ahmad,23181,23181,
ahmad,23182,23182,
ahmad,23184,23184,
ahmad,23185,23185,
ahmad,23186,23186,
ahmad,23187,23187,
ahmad,23188,23188,
ahmad,23189,23189,
ahmad,23190,23190,
ahmad,23191,23191,
ahmad,23192,23192,
ahmad,23193,23193,
ahmad,23194,23194,
ahmad,23195,23195,
ahmad,23196,23196,
ahmad,23197,23197,
ahmad,23199,23199,
ahmad,23200,23200,
ahmad,23201,23201,
ahmad,23202,23202,
ahmad,23203,23203,
ahmad,23204,23204,
ahmad,23205,23205,
ahmad,23206,23206,
ahmad,23208,23208,
ahmad,23209,23209,
ahmad,23210,23210,
ahmad,23211,23211,
ahmad,23213,23213,
ahmad,23214,23214,
ahmad,23215,23215,
ahmad,23216,23216,
ahmad,23217,23217,
ahmad,23218,23218,
ahmad,23219,23219,
ahmad,23220,23220,
ahmad,23221,23221,
ahmad,23222,23222,
ahmad,23223,23223,
ahmad,23224,23224,
ahmad,23225,23225,
ahmad,23226,23226,
ahmad,23227,23227,
ahmad,23228,23228,
ahmad,23229,23229,
ahmad,23231,23231,
ahmad,23233,23233,
ahmad,23234,23234,
ahmad,23236,23236,
ahmad,23238,23238,
ahmad,23239,23239,
ahmad,23240,23240,
ahmad,23241,23241,
ahmad,23242,23242,
ahmad,23243,23243,
ahmad,23244,23244,
ahmad,23245,23245,
ahmad,23246,23246,
ahmad,23247,23247,
ahmad,23248,23248,
ahmad,23249,23249,
ahmad,23250,23250,
ahmad,23251,23251,
ahmad,23252,23252,
ahmad,23253,23253,
ahmad,23254,23254,
ahmad,23255,23255,
ahmad,23256,23256,
ahmad,23257,23257,
ahmad,23258,23258,
ahmad,23259,23259,
ahmad,23260,23260,
ahmad,23261,23261,
ahmad,23262,23262,
ahmad,23263,23263,
ahmad,23264,23264,
ahmad,23265,23265,
ahmad,23266,23266,
ahmad,23267,23267,
ahmad,23268,23268,
ahmad,23269,23269,
ahmad,23270,23270,
ahmad,23271,23271,
ahmad,23272,23272,
ahmad,23275,23275,
ahmad,23276,23276,
ahmad,23277,23277,
ahmad,23278,23278,
ahmad,23279,23279,
ahmad,23280,23280,
ahmad,23281,23281,
ahmad,23282,23282,
ahmad,23283,23283,
ahmad,23284,23284,
ahmad,23285,23285,
ahmad,23286,23286,
ahmad,23287,23287,
ahmad,23288,23288,
ahmad,23289,23289,
ahmad,23290,23290,
ahmad,23291,23291,
ahmad,23292,23292,
ahmad,23293,23293,
ahmad,23294,23294,
ahmad,23295,23295,
ahmad,23296,23296,
ahmad,23297,23297,
ahmad,23298,23298,
ahmad,23299,23299,
ahmad,23300,23300,
ahmad,23301,23301,
ahmad,23302,23302,
ahmad,23303,23303,
ahmad,23304,23304,
ahmad,23305,23305,
ahmad,23306,23306,
ahmad,23307,23307,
ahmad,23308,23308,
ahmad,23309,23309,
ahmad,23310,23310,
ahmad,23311,23311,
ahmad,23312,23312,
ahmad,23313,23313,
ahmad,23314,23314,
ahmad,23315,23315,
ahmad,23317,23317,
ahmad,23318,23318,
ahmad,23319,23319,
ahmad,23320,23320,
ahmad,23321,23321,
ahmad,23322,23322,
ahmad,23323,23323,
ahmad,23324,23324,
ahmad,23325,23325,
ahmad,23326,23326,
ahmad,23327,23327,
ahmad,23328,23328,
ahmad,23329,23329,
ahmad,23330,23330,
ahmad,23331,23331,
ahmad,23332,23332,
ahmad,23333,23333,
ahmad,23334,23334,
ahmad,23335,23335,
ahmad,23336,23336,
ahmad,23337,23337,
ahmad,23338,23338,
ahmad,23339,23339,
ahmad,23340,23340,
ahmad,23342,23342,
ahmad,23343,23343,
ahmad,23344,23344,
ahmad,23345,23345,
ahmad,23346,23346,
ahmad,23349,23349,
ahmad,23351,23351,
ahmad,23352,23352,
ahmad,23353,23353,
ahmad,23354,23354,
ahmad,23356,23356,
ahmad,23357,23357,
ahmad,23358,23358,
ahmad,23359,23359,
ahmad,23360,23360,
ahmad,23361,23361,
ahmad,23362,23362,
ahmad,23363,23363,
ahmad,23364,23364,
ahmad,23365,23365,
ahmad,23366,23366,
ahmad,23367,23367,
ahmad,23368,23368,
ahmad,23369,23369,
ahmad,23370,23370,
ahmad,23371,23371,
ahmad,23372,23372,
ahmad,23373,23373,
ahmad,23374,23374,
ahmad,23376,23376,
ahmad,23377,23377,
ahmad,23378,23378,
ahmad,23379,23379,
ahmad,23380,23380,
ahmad,23381,23381,
ahmad,23382,23382,
ahmad,23383,23383,
ahmad,23384,23384,
ahmad,23385,23385,
ahmad,23386,23386,
ahmad,23387,23387,
ahmad,23388,23388,
ahmad,23389,23389,
ahmad,23390,23390,
ahmad,23391,23391,
ahmad,23392,23392,
ahmad,23393,23393,
ahmad,23394,23394,
ahmad,23395,23395,
ahmad,23396,23396,
ahmad,23398,23398,
ahmad,23399,23399,
ahmad,23401,23401,
ahmad,23403,23403,
ahmad,23404,23404,
ahmad,23405,23405,
ahmad,23406,23406,
ahmad,23407,23407,
ahmad,23408,23408,
ahmad,23409,23409,
ahmad,23412,23412,
ahmad,23416,23416,
ahmad,23418,23418,
ahmad,23419,23419,
ahmad,23420,23420,
ahmad,23421,23421,
ahmad,23422,23422,
ahmad,23423,23423,
ahmad,23425,23425,
ahmad,23427,23427,
ahmad,23428,23428,
ahmad,23429,23429,
ahmad,23430,23430,
ahmad,23431,23431,
ahmad,23432,23432,
ahmad,23433,23433,
ahmad,23435,23435,
ahmad,23438,23438,
ahmad,23440,23440,
ahmad,23441,23441,
ahmad,23442,23442,
ahmad,23443,23443,
ahmad,23444,23444,
ahmad,23445,23445,
ahmad,23446,23446,
ahmad,23447,23447,
ahmad,23448,23448,
ahmad,23449,23449,
ahmad,23450,23450,
ahmad,23451,23451,
ahmad,23453,23453,
ahmad,23454,23454,
ahmad,23455,23455,
ahmad,23456,23456,
ahmad,23457,23457,
ahmad,23458,23458,
ahmad,23459,23459,
ahmad,23460,23460,
ahmad,23461,23461,
ahmad,23462,23462,
ahmad,23463,23463,
ahmad,23464,23464,
ahmad,23465,23465,
ahmad,23466,23466,
ahmad,23467,23467,
ahmad,23468,23468,
ahmad,23469,23469,
ahmad,23470,23470,
ahmad,23472,23472,
ahmad,23473,23473,
ahmad,23475,23475,
ahmad,23476,23476,
ahmad,23477,23477,
ahmad,23479,23479,
ahmad,23480,23480,
ahmad,23481,23481,
ahmad,23483,23483,
ahmad,23484,23484,
ahmad,23485,23485,
ahmad,23486,23486,
ahmad,23487,23487,
ahmad,23488,23488,
ahmad,23490,23490,
ahmad,23491,23491,
ahmad,23492,23492,
ahmad,23493,23493,
ahmad,23494,23494,
ahmad,23495,23495,
ahmad,23496,23496,
ahmad,23497,23497,
ahmad,23498,23498,
ahmad,23499,23499,
ahmad,23500,23500,
ahmad,23501,23501,
ahmad,23502,23502,
ahmad,23503,23503,
ahmad,23505,23505,
ahmad,23506,23506,
ahmad,23507,23507,
ahmad,23508,23508,
ahmad,23510,23510,
ahmad,23511,23511,
ahmad,23513,23513,
ahmad,23514,23514,
ahmad,23515,23515,
ahmad,23516,23516,
ahmad,23517,23517,
ahmad,23519,23519,
ahmad,23520,23520,
ahmad,23522,23522,
ahmad,23524,23524,
ahmad,23525,23525,
ahmad,23526,23526,
ahmad,23527,23527,
ahmad,23528,23528,
ahmad,23529,23529,
ahmad,23530,23530,
ahmad,23532,23532,
ahmad,23533,23533,
ahmad,23534,23534,
ahmad,23535,23535,
ahmad,23536,23536,
ahmad,23537,23537,
ahmad,23538,23538,
ahmad,23540,23540,
ahmad,23542,23542,
ahmad,23543,23543,
ahmad,23544,23544,
ahmad,23546,23546,
ahmad,23547,23547,
ahmad,23548,23548,
ahmad,23551,23551,
ahmad,23552,23552,
ahmad,23554,23554,
ahmad,23555,23555,
ahmad,23556,23556,
ahmad,23557,23557,
ahmad,23558,23558,
ahmad,23560,23560,
ahmad,23561,23561,
ahmad,23562,23562,
ahmad,23563,23563,
ahmad,23564,23564,
ahmad,23565,23565,
ahmad,23566,23566,
ahmad,23568,23568,
ahmad,23569,23569,
ahmad,23570,23570,
ahmad,23571,23571,
ahmad,23572,23572,
ahmad,23573,23573,
ahmad,23575,23575,
ahmad,23576,23576,
ahmad,23578,23578,
ahmad,23579,23579,
ahmad,23580,23580,
ahmad,23581,23581,
ahmad,23582,23582,
ahmad,23583,23583,
ahmad,23585,23585,
ahmad,23586,23586,
ahmad,23587,23587,
ahmad,23588,23588,
ahmad,23589,23589,
ahmad,23590,23590,
ahmad,23591,23591,
ahmad,23592,23592,
ahmad,23593,23593,
ahmad,23594,23594,
ahmad,23595,23595,
ahmad,23596,23596,
ahmad,23598,23598,
ahmad,23600,23600,
ahmad,23601,23601,
ahmad,23602,23602,
ahmad,23603,23603,
ahmad,23604,23604,
ahmad,23605,23605,
ahmad,23606,23606,
ahmad,23607,23607,
ahmad,23608,23608,
ahmad,23609,23609,
ahmad,23610,23610,
ahmad,23611,23611,
ahmad,23612,23612,
ahmad,23613,23613,
ahmad,23614,23614,
ahmad,23616,23616,
ahmad,23618,23618,
ahmad,23619,23619,
ahmad,23620,23620,
ahmad,23623,23623,
ahmad,23624,23624,
ahmad,23625,23625,
ahmad,23626,23626,
ahmad,23627,23627,
ahmad,23628,23628,
ahmad,23629,23629,
ahmad,23630,23630,
ahmad,23631,23631,
ahmad,23632,23632,
ahmad,23633,23633,
ahmad,23634,23634,
ahmad,23635,23635,
ahmad,23636,23636,
ahmad,23637,23637,
ahmad,23638,23638,
ahmad,23639,23639,
ahmad,23640,23640,
ahmad,23641,23641,
ahmad,23642,23642,
ahmad,23643,23643,
ahmad,23644,23644,
ahmad,23645,23645,
ahmad,23646,23646,
ahmad,23647,23647,
ahmad,23648,23648,
ahmad,23649,23649,
ahmad,23650,23650,
ahmad,23651,23651,
ahmad,23652,23652,
ahmad,23653,23653,
ahmad,23654,23654,
ahmad,23655,23655,
ahmad,23656,23656,
ahmad,23657,23657,
ahmad,23658,23658,
ahmad,23659,23659,
ahmad,23660,23660,
ahmad,23661,23661,
ahmad,23663,23663,
ahmad,23664,23664,
ahmad,23665,23665,
ahmad,23666,23666,
ahmad,23667,23667,
ahmad,23668,23668,
ahmad,23669,23669,
ahmad,23670,23670,
ahmad,23671,23671,
ahmad,23672,23672,
ahmad,23673,23673,
ahmad,23674,23674,
ahmad,23675,23675,
ahmad,23676,23676,
ahmad,23677,23677,
ahmad,23678,23678,
ahmad,23679,23679,
ahmad,23680,23680,
ahmad,23681,23681,
ahmad,23682,23682,
ahmad,23684,23684,
ahmad,23687,23687,
ahmad,23688,23688,
ahmad,23689,23689,
ahmad,23690,23690,
ahmad,23691,23691,
ahmad,23692,23692,
ahmad,23693,23693,
ahmad,23694,23694,
ahmad,23695,23695,
ahmad,23696,23696,
ahmad,23697,23697,
ahmad,23698,23698,
ahmad,23699,23699,
ahmad,23700,23700,
ahmad,23701,23701,
ahmad,23702,23702,
ahmad,23703,23703,
ahmad,23704,23704,
ahmad,23705,23705,
ahmad,23706,23706,
ahmad,23707,23707,
ahmad,23708,23708,
ahmad,23709,23709,
ahmad,23710,23710,
ahmad,23711,23711,
ahmad,23712,23712,
ahmad,23713,23713,
ahmad,23714,23714,
ahmad,23715,23715,
ahmad,23716,23716,
ahmad,23717,23717,
ahmad,23719,23719,
ahmad,23723,23723,
ahmad,23726,23726,
ahmad,23728,23728,
ahmad,23730,23730,
ahmad,23731,23731,
ahmad,23732,23732,
ahmad,23733,23733,
ahmad,23734,23734,
ahmad,23735,23735,
ahmad,23736,23736,
ahmad,23737,23737,
ahmad,23738,23738,
ahmad,23739,23739,
ahmad,23740,23740,
ahmad,23741,23741,
ahmad,23742,23742,
ahmad,23743,23743,
ahmad,23747,23747,
ahmad,23748,23748,
ahmad,23749,23749,
ahmad,23750,23750,
ahmad,23751,23751,
ahmad,23752,23752,
ahmad,23753,23753,
ahmad,23754,23754,
ahmad,23755,23755,
ahmad,23756,23756,
ahmad,23757,23757,
ahmad,23758,23758,
ahmad,23759,23759,
ahmad,23760,23760,
ahmad,23761,23761,
ahmad,23763,23763,
ahmad,23768,23768,
ahmad,23769,23769,
ahmad,23770,23770,
ahmad,23771,23771,
ahmad,23772,23772,
ahmad,23773,23773,
ahmad,23774,23774,
ahmad,23775,23775,
ahmad,23777,23777,
ahmad,23778,23778,
ahmad,23779,23779,
ahmad,23780,23780,
ahmad,23781,23781,
ahmad,23782,23782,
ahmad,23783,23783,
ahmad,23784,23784,
ahmad,23785,23785,
ahmad,23786,23786,
ahmad,23787,23787,
ahmad,23788,23788,
ahmad,23789,23789,
ahmad,23791,23791,
ahmad,23792,23792,
ahmad,23793,23793,
ahmad,23794,23794,
ahmad,23795,23795,
ahmad,23796,23796,
ahmad,23797,23797,
ahmad,23798,23798,
ahmad,23799,23799,
ahmad,23800,23800,
ahmad,23801,23801,
ahmad,23802,23802,
ahmad,23803,23803,
ahmad,23804,23804,
ahmad,23805,23805,
ahmad,23806,23806,
ahmad,23807,23807,
ahmad,23808,23808,
ahmad,23809,23809,
ahmad,23810,23810,
ahmad,23811,23811,
ahmad,23812,23812,
ahmad,23813,23813,
ahmad,23814,23814,
ahmad,23815,23815,
ahmad,23816,23816,
ahmad,23817,23817,
ahmad,23818,23818,
ahmad,23819,23819,
ahmad,23821,23821,
ahmad,23823,23823,
ahmad,23824,23824,
ahmad,23825,23825,
ahmad,23826,23826,
ahmad,23828,23828,
ahmad,23829,23829,
ahmad,23830,23830,
ahmad,23831,23831,
ahmad,23832,23832,
ahmad,23833,23833,
ahmad,23834,23834,
ahmad,23835,23835,
ahmad,23836,23836,
ahmad,23837,23837,
ahmad,23838,23838,
ahmad,23839,23839,
ahmad,23840,23840,
ahmad,23841,23841,
ahmad,23842,23842,
ahmad,23843,23843,
ahmad,23844,23844,
ahmad,23845,23845,
ahmad,23846,23846,
ahmad,23847,23847,
ahmad,23848,23848,
ahmad,23849,23849,
ahmad,23850,23850,
ahmad,23851,23851,
ahmad,23853,23853,
ahmad,23854,23854,
ahmad,23855,23855,
ahmad,23857,23857,
ahmad,23859,23859,
ahmad,23861,23861,
ahmad,23862,23862,
ahmad,23864,23864,
ahmad,23865,23865,
ahmad,23866,23866,
ahmad,23867,23867,
ahmad,23868,23868,
ahmad,23869,23869,
ahmad,23870,23870,
ahmad,23871,23871,
ahmad,23872,23872,
ahmad,23873,23873,
ahmad,23874,23874,
ahmad,23875,23875,
ahmad,23876,23876,
ahmad,23878,23878,
ahmad,23879,23879,
ahmad,23880,23880,
ahmad,23881,23881,
ahmad,23882,23882,
ahmad,23883,23883,
ahmad,23884,23884,
ahmad,23885,23885,
ahmad,23886,23886,
ahmad,23887,23887,
ahmad,23888,23888,
ahmad,23889,23889,
ahmad,23890,23890,
ahmad,23891,23891,
ahmad,23893,23893,
ahmad,23895,23895,
ahmad,23896,23896,
ahmad,23897,23897,
ahmad,23898,23898,
ahmad,23899,23899,
ahmad,23900,23900,
ahmad,23901,23901,
ahmad,23902,23902,
ahmad,23903,23903,
ahmad,23904,23904,
ahmad,23905,23905,
ahmad,23906,23906,
ahmad,23907,23907,
ahmad,23908,23908,
ahmad,23909,23909,
ahmad,23911,23911,
ahmad,23912,23912,
ahmad,23914,23914,
ahmad,23915,23915,
ahmad,23916,23916,
ahmad,23917,23917,
ahmad,23918,23918,
ahmad,23919,23919,
ahmad,23920,23920,
ahmad,23921,23921,
ahmad,23922,23922,
ahmad,23923,23923,
ahmad,23925,23925,
ahmad,23926,23926,
ahmad,23927,23927,
ahmad,23928,23928,
ahmad,23929,23929,
ahmad,23930,23930,
ahmad,23931,23931,
ahmad,23932,23932,
ahmad,23933,23933,
ahmad,23934,23934,
ahmad,23935,23935,
ahmad,23936,23936,
ahmad,23937,23937,
ahmad,23938,23938,
ahmad,23939,23939,
ahmad,23940,23940,
ahmad,23941,23941,
ahmad,23944,23944,
ahmad,23946,23946,
ahmad,23947,23947,
ahmad,23950,23950,
ahmad,23951,23951,
ahmad,23952,23952,
ahmad,23954,23954,
ahmad,23955,23955,
ahmad,23956,23956,
ahmad,23957,23957,
ahmad,23959,23959,
ahmad,23960,23960,
ahmad,23961,23961,
ahmad,23962,23962,
ahmad,23963,23963,
ahmad,23964,23964,
ahmad,23965,23965,
ahmad,23966,23966,
ahmad,23967,23967,
ahmad,23968,23968,
ahmad,23969,23969,
ahmad,23970,23970,
ahmad,23971,23971,
ahmad,23972,23972,
ahmad,23973,23973,
ahmad,23975,23975,
ahmad,23976,23976,
ahmad,23977,23977,
ahmad,23978,23978,
ahmad,23979,23979,
ahmad,23980,23980,
ahmad,23981,23981,
ahmad,23983,23983,
ahmad,23984,23984,
ahmad,23985,23985,
ahmad,23986,23986,
ahmad,23987,23987,
ahmad,23988,23988,
ahmad,23990,23990,
ahmad,23991,23991,
ahmad,23993,23993,
ahmad,23996,23996,
ahmad,23997,23997,
ahmad,23998,23998,
ahmad,23999,23999,
ahmad,24000,24000,
ahmad,24002,24002,
ahmad,24003,24003,
ahmad,24006,24006,
ahmad,24007,24007,
ahmad,24008,24008,
ahmad,24009,24009,
ahmad,24010,24010,
ahmad,24011,24011,
ahmad,24012,24012,
ahmad,24013,24013,
ahmad,24014,24014,
ahmad,24015,24015,
ahmad,24016,24016,
ahmad,24017,24017,
ahmad,24020,24020,
ahmad,24021,24021,
ahmad,24022,24022,
ahmad,24023,24023,
ahmad,24024,24024,
ahmad,24025,24025,
ahmad,24027,24027,
ahmad,24028,24028,
ahmad,24030,24030,
ahmad,24031,24031,
ahmad,24032,24032,
ahmad,24033,24033,
ahmad,24034,24034,
ahmad,24035,24035,
ahmad,24036,24036,
ahmad,24037,24037,
ahmad,24039,24039,
ahmad,24040,24040,
ahmad,24041,24041,
ahmad,24042,24042,
ahmad,24043,24043,
ahmad,24044,24044,
ahmad,24045,24045,
ahmad,24046,24046,
ahmad,24047,24047,
ahmad,24048,24048,
ahmad,24049,24049,
ahmad,24050,24050,
ahmad,24051,24051,
ahmad,24052,24052,
ahmad,24053,24053,
ahmad,24054,24054,
ahmad,24055,24055,
ahmad,24056,24056,
ahmad,24057,24057,
ahmad,24058,24058,
ahmad,24059,24059,
ahmad,24060,24060,
ahmad,24061,24061,
ahmad,24062,24062,
ahmad,24063,24063,
ahmad,24064,24064,
ahmad,24066,24066,
ahmad,24067,24067,
ahmad,24068,24068,
ahmad,24069,24069,
ahmad,24070,24070,
ahmad,24072,24072,
ahmad,24073,24073,
ahmad,24074,24074,
ahmad,24075,24075,
ahmad,24076,24076,
ahmad,24077,24077,
ahmad,24078,24078,
ahmad,24079,24079,
ahmad,24080,24080,
ahmad,24081,24081,
ahmad,24085,24085,
ahmad,24086,24086,
ahmad,24087,24087,
ahmad,24088,24088,
ahmad,24089,24089,
ahmad,24090,24090,
ahmad,24092,24092,
ahmad,24093,24093,
ahmad,24094,24094,
ahmad,24095,24095,
ahmad,24096,24096,
ahmad,24097,24097,
ahmad,24098,24098,
ahmad,24099,24099,
ahmad,24100,24100,
ahmad,24101,24101,
ahmad,24102,24102,
ahmad,24103,24103,
ahmad,24104,24104,
ahmad,24106,24106,
ahmad,24107,24107,
ahmad,24108,24108,
ahmad,24109,24109,
ahmad,24110,24110,
ahmad,24111,24111,
ahmad,24112,24112,
ahmad,24113,24113,
ahmad,24114,24114,
ahmad,24115,24115,
ahmad,24116,24116,
ahmad,24117,24117,
ahmad,24118,24118,
ahmad,24119,24119,
ahmad,24120,24120,
ahmad,24121,24121,
ahmad,24122,24122,
ahmad,24123,24123,
ahmad,24125,24125,
ahmad,24126,24126,
ahmad,24127,24127,
ahmad,24128,24128,
ahmad,24129,24129,
ahmad,24130,24130,
ahmad,24131,24131,
ahmad,24132,24132,
ahmad,24133,24133,
ahmad,24137,24137,
ahmad,24138,24138,
ahmad,24139,24139,
ahmad,24140,24140,
ahmad,24141,24141,
ahmad,24142,24142,
ahmad,24147,24147,
ahmad,24148,24148,
ahmad,24149,24149,
ahmad,24150,24150,
ahmad,24151,24151,
ahmad,24152,24152,
ahmad,24153,24153,
ahmad,24155,24155,
ahmad,24156,24156,
ahmad,24157,24157,
ahmad,24158,24158,
ahmad,24159,24159,
ahmad,24160,24160,
ahmad,24161,24161,
ahmad,24162,24162,
ahmad,24163,24163,
ahmad,24164,24164,
ahmad,24165,24165,
ahmad,24167,24167,
ahmad,24171,24171,
ahmad,24172,24172,
ahmad,24174,24174,
ahmad,24175,24175,
ahmad,24176,24176,
ahmad,24177,24177,
ahmad,24179,24179,
ahmad,24181,24181,
ahmad,24182,24182,
ahmad,24186,24186,
ahmad,24187,24187,
ahmad,24188,24188,
ahmad,24189,24189,
ahmad,24191,24191,
ahmad,24194,24194,
ahmad,24195,24195,
ahmad,24196,24196,
ahmad,24197,24197,
ahmad,24198,24198,
ahmad,24199,24199,
ahmad,24200,24200,
ahmad,24201,24201,
ahmad,24202,24202,
ahmad,24205,24205,
ahmad,24206,24206,
ahmad,24207,24207,
ahmad,24208,24208,
ahmad,24209,24209,
ahmad,24211,24211,
ahmad,24213,24213,
ahmad,24214,24214,
ahmad,24215,24215,
ahmad,24216,24216,
ahmad,24217,24217,
ahmad,24218,24218,
ahmad,24219,24219,
ahmad,24220,24220,
ahmad,24222,24222,
ahmad,24224,24224,
ahmad,24226,24226,
ahmad,24228,24228,
ahmad,24229,24229,
ahmad,24231,24231,
ahmad,24232,24232,
ahmad,24233,24233,
ahmad,24234,24234,
ahmad,24235,24235,
ahmad,24236,24236,
ahmad,24237,24237,
ahmad,24238,24238,
ahmad,24239,24239,
ahmad,24242,24242,
ahmad,24243,24243,
ahmad,24244,24244,
ahmad,24245,24245,
ahmad,24246,24246,
ahmad,24247,24247,
ahmad,24248,24248,
ahmad,24249,24249,
ahmad,24250,24250,
ahmad,24251,24251,
ahmad,24252,24252,
ahmad,24253,24253,
ahmad,24254,24254,
ahmad,24257,24257,
ahmad,24258,24258,
ahmad,24259,24259,
ahmad,24260,24260,
ahmad,24261,24261,
ahmad,24262,24262,
ahmad,24263,24263,
ahmad,24265,24265,
ahmad,24266,24266,
ahmad,24267,24267,
ahmad,24268,24268,
ahmad,24269,24269,
ahmad,24271,24271,
ahmad,24272,24272,
ahmad,24273,24273,
ahmad,24277,24277,
ahmad,24278,24278,
ahmad,24279,24279,
ahmad,24280,24280,
ahmad,24281,24281,
ahmad,24282,24282,
ahmad,24284,24284,
ahmad,24285,24285,
ahmad,24286,24286,
ahmad,24287,24287,
ahmad,24289,24289,
ahmad,24290,24290,
ahmad,24291,24291,
ahmad,24292,24292,
ahmad,24293,24293,
ahmad,24294,24294,
ahmad,24295,24295,
ahmad,24296,24296,
ahmad,24297,24297,
ahmad,24298,24298,
ahmad,24299,24299,
ahmad,24300,24300,
ahmad,24301,24301,
ahmad,24302,24302,
ahmad,24303,24303,
ahmad,24304,24304,
ahmad,24305,24305,
ahmad,24306,24306,
ahmad,24307,24307,
ahmad,24311,24311,
ahmad,24312,24312,
ahmad,24313,24313,
ahmad,24314,24314,
ahmad,24316,24316,
ahmad,24318,24318,
ahmad,24319,24319,
ahmad,24320,24320,
ahmad,24321,24321,
ahmad,24322,24322,
ahmad,24324,24324,
ahmad,24325,24325,
ahmad,24326,24326,
ahmad,24327,24327,
ahmad,24328,24328,
ahmad,24329,24329,
ahmad,24330,24330,
ahmad,24331,24331,
ahmad,24332,24332,
ahmad,24333,24333,
ahmad,24334,24334,
ahmad,24335,24335,
ahmad,24336,24336,
ahmad,24337,24337,
ahmad,24338,24338,
ahmad,24339,24339,
ahmad,24341,24341,
ahmad,24342,24342,
ahmad,24343,24343,
ahmad,24344,24344,
ahmad,24345,24345,
ahmad,24346,24346,
ahmad,24347,24347,
ahmad,24348,24348,
ahmad,24349,24349,
ahmad,24350,24350,
ahmad,24351,24351,
ahmad,24352,24352,
ahmad,24353,24353,
ahmad,24354,24354,
ahmad,24356,24356,
ahmad,24357,24357,
ahmad,24358,24358,
ahmad,24359,24359,
ahmad,24360,24360,
ahmad,24361,24361,
ahmad,24362,24362,
ahmad,24363,24363,
ahmad,24364,24364,
ahmad,24365,24365,
ahmad,24366,24366,
ahmad,24367,24367,
ahmad,24368,24368,
ahmad,24369,24369,
ahmad,24370,24370,
ahmad,24371,24371,
ahmad,24372,24372,
ahmad,24373,24373,
ahmad,24374,24374,
ahmad,24375,24375,
ahmad,24376,24376,
ahmad,24377,24377,
ahmad,24378,24378,
ahmad,24379,24379,
ahmad,24380,24380,
ahmad,24381,24381,
ahmad,24382,24382,
ahmad,24383,24383,
ahmad,24384,24384,
ahmad,24385,24385,
ahmad,24386,24386,
ahmad,24388,24388,
ahmad,24389,24389,
ahmad,24390,24390,
ahmad,24391,24391,
ahmad,24392,24392,
ahmad,24393,24393,
ahmad,24394,24394,
ahmad,24395,24395,
ahmad,24396,24396,
ahmad,24397,24397,
ahmad,24398,24398,
ahmad,24399,24399,
ahmad,24400,24400,
ahmad,24401,24401,
ahmad,24402,24402,
ahmad,24403,24403,
ahmad,24404,24404,
ahmad,24405,24405,
ahmad,24406,24406,
ahmad,24407,24407,
ahmad,24408,24408,
ahmad,24409,24409,
ahmad,24410,24410,
ahmad,24411,24411,
ahmad,24412,24412,
ahmad,24413,24413,
ahmad,24414,24414,
ahmad,24415,24415,
ahmad,24416,24416,
ahmad,24417,24417,
ahmad,24418,24418,
ahmad,24419,24419,
ahmad,24420,24420,
ahmad,24422,24422,
ahmad,24424,24424,
ahmad,24425,24425,
ahmad,24426,24426,
ahmad,24427,24427,
ahmad,24428,24428,
ahmad,24429,24429,
ahmad,24430,24430,
ahmad,24432,24432,
ahmad,24433,24433,
ahmad,24434,24434,
ahmad,24436,24436,
ahmad,24437,24437,
ahmad,24438,24438,
ahmad,24439,24439,
ahmad,24440,24440,
ahmad,24441,24441,
ahmad,24442,24442,
ahmad,24443,24443,
ahmad,24445,24445,
ahmad,24446,24446,
ahmad,24447,24447,
ahmad,24448,24448,
ahmad,24449,24449,
ahmad,24450,24450,
ahmad,24451,24451,
ahmad,24453,24453,
ahmad,24457,24457,
ahmad,24458,24458,
ahmad,24459,24459,
ahmad,24460,24460,
ahmad,24461,24461,
ahmad,24462,24462,
ahmad,24465,24465,
ahmad,24466,24466,
ahmad,24467,24467,
ahmad,24468,24468,
ahmad,24469,24469,
ahmad,24470,24470,
ahmad,24471,24471,
ahmad,24472,24472,
ahmad,24473,24473,
ahmad,24474,24474,
ahmad,24475,24475,
ahmad,24477,24477,
ahmad,24480,24480,
ahmad,24481,24481,
ahmad,24482,24482,
ahmad,24483,24483,
ahmad,24484,24484,
ahmad,24485,24485,
ahmad,24486,24486,
ahmad,24487,24487,
ahmad,24488,24488,
ahmad,24489,24489,
ahmad,24490,24490,
ahmad,24491,24491,
ahmad,24492,24492,
ahmad,24493,24493,
ahmad,24494,24494,
ahmad,24495,24495,
ahmad,24496,24496,
ahmad,24497,24497,
ahmad,24498,24498,
ahmad,24500,24500,
ahmad,24501,24501,
ahmad,24502,24502,
ahmad,24505,24505,
ahmad,24506,24506,
ahmad,24507,24507,
ahmad,24509,24509,
ahmad,24510,24510,
ahmad,24511,24511,
ahmad,24512,24512,
ahmad,24513,24513,
ahmad,24514,24514,
ahmad,24515,24515,
ahmad,24516,24516,
ahmad,24517,24517,
ahmad,24518,24518,
ahmad,24519,24519,
ahmad,24520,24520,
ahmad,24521,24521,
ahmad,24522,24522,
ahmad,24523,24523,
ahmad,24524,24524,
ahmad,24525,24525,
ahmad,24526,24526,
ahmad,24527,24527,
ahmad,24528,24528,
ahmad,24529,24529,
ahmad,24530,24530,
ahmad,24531,24531,
ahmad,24532,24532,
ahmad,24533,24533,
ahmad,24534,24534,
ahmad,24535,24535,
ahmad,24536,24536,
ahmad,24537,24537,
ahmad,24538,24538,
ahmad,24539,24539,
ahmad,24540,24540,
ahmad,24541,24541,
ahmad,24542,24542,
ahmad,24543,24543,
ahmad,24544,24544,
ahmad,24546,24546,
ahmad,24547,24547,
ahmad,24548,24548,
ahmad,24549,24549,
ahmad,24550,24550,
ahmad,24551,24551,
ahmad,24552,24552,
ahmad,24553,24553,
ahmad,24554,24554,
ahmad,24555,24555,
ahmad,24556,24556,
ahmad,24557,24557,
ahmad,24558,24558,
ahmad,24559,24559,
ahmad,24560,24560,
ahmad,24561,24561,
ahmad,24563,24563,
ahmad,24564,24564,
ahmad,24565,24565,
ahmad,24567,24567,
ahmad,24568,24568,
ahmad,24569,24569,
ahmad,24570,24570,
ahmad,24571,24571,
ahmad,24572,24572,
ahmad,24573,24573,
ahmad,24574,24574,
ahmad,24575,24575,
ahmad,24576,24576,
ahmad,24577,24577,
ahmad,24578,24578,
ahmad,24579,24579,
ahmad,24580,24580,
ahmad,24581,24581,
ahmad,24582,24582,
ahmad,24583,24583,
ahmad,24584,24584,
ahmad,24585,24585,
ahmad,24586,24586,
ahmad,24587,24587,
ahmad,24588,24588,
ahmad,24589,24589,
ahmad,24591,24591,
ahmad,24592,24592,
ahmad,24596,24596,
ahmad,24597,24597,
ahmad,24598,24598,
ahmad,24599,24599,
ahmad,24600,24600,
ahmad,24601,24601,
ahmad,24602,24602,
ahmad,24603,24603,
ahmad,24604,24604,
ahmad,24605,24605,
ahmad,24606,24606,
ahmad,24607,24607,
ahmad,24608,24608,
ahmad,24609,24609,
ahmad,24610,24610,
ahmad,24611,24611,
ahmad,24612,24612,
ahmad,24613,24613,
ahmad,24614,24614,
ahmad,24615,24615,
ahmad,24616,24616,
ahmad,24617,24617,
ahmad,24618,24618,
ahmad,24620,24620,
ahmad,24621,24621,
ahmad,24622,24622,
ahmad,24624,24624,
ahmad,24626,24626,
ahmad,24627,24627,
ahmad,24628,24628,
ahmad,24629,24629,
ahmad,24630,24630,
ahmad,24631,24631,
ahmad,24632,24632,
ahmad,24633,24633,
ahmad,24634,24634,
ahmad,24635,24635,
ahmad,24636,24636,
ahmad,24637,24637,
ahmad,24638,24638,
ahmad,24639,24639,
ahmad,24640,24640,
ahmad,24641,24641,
ahmad,24642,24642,
ahmad,24643,24643,
ahmad,24644,24644,
ahmad,24645,24645,
ahmad,24646,24646,
ahmad,24647,24647,
ahmad,24648,24648,
ahmad,24649,24649,
ahmad,24650,24650,
ahmad,24651,24651,
ahmad,24652,24652,
ahmad,24653,24653,
ahmad,24654,24654,
ahmad,24655,24655,
ahmad,24656,24656,
ahmad,24657,24657,
ahmad,24658,24658,
ahmad,24660,24660,
ahmad,24661,24661,
ahmad,24662,24662,
ahmad,24663,24663,
ahmad,24664,24664,
ahmad,24665,24665,
ahmad,24666,24666,
ahmad,24667,24667,
ahmad,24668,24668,
ahmad,24669,24669,
ahmad,24670,24670,
ahmad,24671,24671,
ahmad,24672,24672,
ahmad,24675,24675,
ahmad,24676,24676,
ahmad,24677,24677,
ahmad,24678,24678,
ahmad,24679,24679,
ahmad,24680,24680,
ahmad,24681,24681,
ahmad,24683,24683,
ahmad,24684,24684,
ahmad,24685,24685,
ahmad,24686,24686,
ahmad,24690,24690,
ahmad,24691,24691,
ahmad,24692,24692,
ahmad,24693,24693,
ahmad,24694,24694,
ahmad,24695,24695,
ahmad,24696,24696,
ahmad,24697,24697,
ahmad,24698,24698,
ahmad,24699,24699,
ahmad,24702,24702,
ahmad,24703,24703,
ahmad,24708,24708,
ahmad,24709,24709,
ahmad,24710,24710,
ahmad,24711,24711,
ahmad,24712,24712,
ahmad,24713,24713,
ahmad,24714,24714,
ahmad,24715,24715,
ahmad,24716,24716,
ahmad,24717,24717,
ahmad,24718,24718,
ahmad,24719,24719,
ahmad,24720,24720,
ahmad,24721,24721,
ahmad,24722,24722,
ahmad,24723,24723,
ahmad,24725,24725,
ahmad,24726,24726,
ahmad,24727,24727,
ahmad,24728,24728,
ahmad,24729,24729,
ahmad,24730,24730,
ahmad,24731,24731,
ahmad,24733,24733,
ahmad,24735,24735,
ahmad,24736,24736,
ahmad,24737,24737,
ahmad,24738,24738,
ahmad,24739,24739,
ahmad,24740,24740,
ahmad,24741,24741,
ahmad,24742,24742,
ahmad,24743,24743,
ahmad,24744,24744,
ahmad,24745,24745,
ahmad,24747,24747,
ahmad,24748,24748,
ahmad,24753,24753,
ahmad,24754,24754,
ahmad,24755,24755,
ahmad,24756,24756,
ahmad,24757,24757,
ahmad,24760,24760,
ahmad,24761,24761,
ahmad,24763,24763,
ahmad,24765,24765,
ahmad,24766,24766,
ahmad,24768,24768,
ahmad,24769,24769,
ahmad,24770,24770,
ahmad,24771,24771,
ahmad,24772,24772,
ahmad,24773,24773,
ahmad,24775,24775,
ahmad,24777,24777,
ahmad,24778,24778,
ahmad,24779,24779,
ahmad,24780,24780,
ahmad,24781,24781,
ahmad,24782,24782,
ahmad,24783,24783,
ahmad,24784,24784,
ahmad,24785,24785,
ahmad,24786,24786,
ahmad,24787,24787,
ahmad,24788,24788,
ahmad,24789,24789,
ahmad,24790,24790,
ahmad,24791,24791,
ahmad,24793,24793,
ahmad,24794,24794,
ahmad,24795,24795,
ahmad,24796,24796,
ahmad,24797,24797,
ahmad,24798,24798,
ahmad,24799,24799,
ahmad,24800,24800,
ahmad,24801,24801,
ahmad,24802,24802,
ahmad,24803,24803,
ahmad,24804,24804,
ahmad,24805,24805,
ahmad,24806,24806,
ahmad,24807,24807,
ahmad,24808,24808,
ahmad,24809,24809,
ahmad,24810,24810,
ahmad,24811,24811,
ahmad,24812,24812,
ahmad,24813,24813,
ahmad,24814,24814,
ahmad,24815,24815,
ahmad,24816,24816,
ahmad,24817,24817,
ahmad,24818,24818,
ahmad,24819,24819,
ahmad,24820,24820,
ahmad,24821,24821,
ahmad,24822,24822,
ahmad,24823,24823,
ahmad,24824,24824,
ahmad,24825,24825,
ahmad,24826,24826,
ahmad,24827,24827,
ahmad,24828,24828,
ahmad,24829,24829,
ahmad,24830,24830,
ahmad,24831,24831,
ahmad,24832,24832,
ahmad,24833,24833,
ahmad,24834,24834,
ahmad,24835,24835,
ahmad,24836,24836,
ahmad,24837,24837,
ahmad,24838,24838,
ahmad,24839,24839,
ahmad,24840,24840,
ahmad,24841,24841,
ahmad,24842,24842,
ahmad,24843,24843,
ahmad,24844,24844,
ahmad,24845,24845,
ahmad,24846,24846,
ahmad,24847,24847,
ahmad,24848,24848,
ahmad,24849,24849,
ahmad,24850,24850,
ahmad,24851,24851,
ahmad,24852,24852,
ahmad,24853,24853,
ahmad,24854,24854,
ahmad,24855,24855,
ahmad,24856,24856,
ahmad,24857,24857,
ahmad,24858,24858,
ahmad,24859,24859,
ahmad,24860,24860,
ahmad,24861,24861,
ahmad,24862,24862,
ahmad,24863,24863,
ahmad,24864,24864,
ahmad,24865,24865,
ahmad,24866,24866,
ahmad,24867,24867,
ahmad,24868,24868,
ahmad,24869,24869,
ahmad,24870,24870,
ahmad,24871,24871,
ahmad,24872,24872,
ahmad,24873,24873,
ahmad,24874,24874,
ahmad,24875,24875,
ahmad,24876,24876,
ahmad,24877,24877,
ahmad,24878,24878,
ahmad,24879,24879,
ahmad,24880,24880,
ahmad,24881,24881,
ahmad,24882,24882,
ahmad,24883,24883,
ahmad,24884,24884,
ahmad,24885,24885,
ahmad,24886,24886,
ahmad,24887,24887,
ahmad,24888,24888,
ahmad,24889,24889,
ahmad,24890,24890,
ahmad,24891,24891,
ahmad,24892,24892,
ahmad,24893,24893,
ahmad,24894,24894,
ahmad,24895,24895,
ahmad,24896,24896,
ahmad,24897,24897,
ahmad,24898,24898,
ahmad,24899,24899,
ahmad,24902,24902,
ahmad,24904,24904,
ahmad,24905,24905,
ahmad,24906,24906,
ahmad,24908,24908,
ahmad,24909,24909,
ahmad,24912,24912,
ahmad,24913,24913,
ahmad,24914,24914,
ahmad,24916,24916,
ahmad,24917,24917,
ahmad,24918,24918,
ahmad,24919,24919,
ahmad,24920,24920,
ahmad,24921,24921,
ahmad,24922,24922,
ahmad,24923,24923,
ahmad,24924,24924,
ahmad,24925,24925,
ahmad,24926,24926,
ahmad,24927,24927,
ahmad,24928,24928,
ahmad,24929,24929,
ahmad,24930,24930,
ahmad,24931,24931,
ahmad,24932,24932,
ahmad,24933,24933,
ahmad,24934,24934,
ahmad,24935,24935,
ahmad,24936,24936,
ahmad,24937,24937,
ahmad,24938,24938,
ahmad,24939,24939,
ahmad,24940,24940,
ahmad,24941,24941,
ahmad,24942,24942,
ahmad,24943,24943,
ahmad,24944,24944,
ahmad,24945,24945,
ahmad,24946,24946,
ahmad,24947,24947,
ahmad,24948,24948,
ahmad,24949,24949,
ahmad,24951,24951,
ahmad,24952,24952,
ahmad,24953,24953,
ahmad,24954,24954,
ahmad,24955,24955,
ahmad,24956,24956,
ahmad,24957,24957,
ahmad,24959,24959,
ahmad,24961,24961,
ahmad,24963,24963,
ahmad,24964,24964,
ahmad,24965,24965,
ahmad,24968,24968,
ahmad,24969,24969,
ahmad,24970,24970,
ahmad,24972,24972,
ahmad,24973,24973,
ahmad,24974,24974,
ahmad,24975,24975,
ahmad,24976,24976,
ahmad,24977,24977,
ahmad,24978,24978,
ahmad,24979,24979,
ahmad,24980,24980,
ahmad,24981,24981,
ahmad,24982,24982,
ahmad,24983,24983,
ahmad,24984,24984,
ahmad,24985,24985,
ahmad,24987,24987,
ahmad,24988,24988,
ahmad,24989,24989,
ahmad,24990,24990,
ahmad,24991,24991,
ahmad,24992,24992,
ahmad,24993,24993,
ahmad,24994,24994,
ahmad,24995,24995,
ahmad,24996,24996,
ahmad,24997,24997,
ahmad,24998,24998,
ahmad,24999,24999,
ahmad,25000,25000,
ahmad,25001,25001,
ahmad,25002,25002,
ahmad,25003,25003,
ahmad,25004,25004,
ahmad,25005,25005,
ahmad,25006,25006,
ahmad,25007,25007,
ahmad,25008,25008,
ahmad,25009,25009,
ahmad,25010,25010,
ahmad,25011,25011,
ahmad,25012,25012,
ahmad,25013,25013,
ahmad,25014,25014,
ahmad,25015,25015,
ahmad,25016,25016,
ahmad,25017,25017,
ahmad,25018,25018,
ahmad,25019,25019,
ahmad,25020,25020,
ahmad,25021,25021,
ahmad,25022,25022,
ahmad,25023,25023,
ahmad,25024,25024,
ahmad,25025,25025,
ahmad,25026,25026,
ahmad,25027,25027,
ahmad,25028,25028,
ahmad,25029,25029,
ahmad,25030,25030,
ahmad,25031,25031,
ahmad,25032,25032,
ahmad,25035,25035,
ahmad,25036,25036,
ahmad,25037,25037,
ahmad,25038,25038,
ahmad,25039,25039,
ahmad,25040,25040,
ahmad,25042,25042,
ahmad,25043,25043,
ahmad,25044,25044,
ahmad,25045,25045,
ahmad,25046,25046,
ahmad,25047,25047,
ahmad,25048,25048,
ahmad,25049,25049,
ahmad,25050,25050,
ahmad,25051,25051,
ahmad,25052,25052,
ahmad,25053,25053,
ahmad,25054,25054,
ahmad,25055,25055,
ahmad,25056,25056,
ahmad,25057,25057,
ahmad,25058,25058,
ahmad,25061,25061,
ahmad,25062,25062,
ahmad,25063,25063,
ahmad,25064,25064,
ahmad,25065,25065,
ahmad,25066,25066,
ahmad,25067,25067,
ahmad,25068,25068,
ahmad,25069,25069,
ahmad,25070,25070,
ahmad,25071,25071,
ahmad,25072,25072,
ahmad,25073,25073,
ahmad,25074,25074,
ahmad,25075,25075,
ahmad,25076,25076,
ahmad,25077,25077,
ahmad,25078,25078,
ahmad,25079,25079,
ahmad,25080,25080,
ahmad,25081,25081,
ahmad,25082,25082,
ahmad,25084,25084,
ahmad,25085,25085,
ahmad,25086,25086,
ahmad,25087,25087,
ahmad,25088,25088,
ahmad,25089,25089,
ahmad,25090,25090,
ahmad,25091,25091,
ahmad,25092,25092,
ahmad,25093,25093,
ahmad,25094,25094,
ahmad,25095,25095,
ahmad,25096,25096,
ahmad,25097,25097,
ahmad,25099,25099,
ahmad,25100,25100,
ahmad,25102,25102,
ahmad,25109,25109,
ahmad,25111,25111,
ahmad,25114,25114,
ahmad,25115,25115,
ahmad,25116,25116,
ahmad,25117,25117,
ahmad,25118,25118,
ahmad,25119,25119,
ahmad,25120,25120,
ahmad,25121,25121,
ahmad,25122,25122,
ahmad,25123,25123,
ahmad,25124,25124,
ahmad,25126,25126,
ahmad,25127,25127,
ahmad,25131,25131,
ahmad,25132,25132,
ahmad,25133,25133,
ahmad,25136,25136,
ahmad,25138,25138,
ahmad,25139,25139,
ahmad,25140,25140,
ahmad,25142,25142,
ahmad,25143,25143,
ahmad,25145,25145,
ahmad,25146,25146,
ahmad,25147,25147,
ahmad,25148,25148,
ahmad,25149,25149,
ahmad,25151,25151,
ahmad,25154,25154,
ahmad,25156,25156,
ahmad,25161,25161,
ahmad,25162,25162,
ahmad,25163,25163,
ahmad,25164,25164,
ahmad,25165,25165,
ahmad,25166,25166,
ahmad,25167,25167,
ahmad,25168,25168,
ahmad,25170,25170,
ahmad,25171,25171,
ahmad,25172,25172,
ahmad,25173,25173,
ahmad,25174,25174,
ahmad,25176,25176,
ahmad,25179,25179,
ahmad,25183,25183,
ahmad,25185,25185,
ahmad,25186,25186,
ahmad,25188,25188,
ahmad,25189,25189,
ahmad,25190,25190,
ahmad,25191,25191,
ahmad,25192,25192,
ahmad,25195,25195,
ahmad,25196,25196,
ahmad,25197,25197,
ahmad,25198,25198,
ahmad,25199,25199,
ahmad,25200,25200,
ahmad,25202,25202,
ahmad,25203,25203,
ahmad,25204,25204,
ahmad,25205,25205,
ahmad,25206,25206,
ahmad,25207,25207,
ahmad,25208,25208,
ahmad,25209,25209,
ahmad,25210,25210,
ahmad,25212,25212,
ahmad,25213,25213,
ahmad,25214,25214,
ahmad,25216,25216,
ahmad,25217,25217,
ahmad,25218,25218,
ahmad,25219,25219,
ahmad,25220,25220,
ahmad,25221,25221,
ahmad,25222,25222,
ahmad,25223,25223,
ahmad,25224,25224,
ahmad,25225,25225,
ahmad,25227,25227,
ahmad,25228,25228,
ahmad,25229,25229,
ahmad,25230,25230,
ahmad,25231,25231,
ahmad,25233,25233,
ahmad,25234,25234,
ahmad,25236,25236,
ahmad,25237,25237,
ahmad,25238,25238,
ahmad,25239,25239,
ahmad,25240,25240,
ahmad,25241,25241,
ahmad,25242,25242,
ahmad,25243,25243,
ahmad,25244,25244,
ahmad,25245,25245,
ahmad,25246,25246,
ahmad,25247,25247,
ahmad,25248,25248,
ahmad,25249,25249,
ahmad,25250,25250,
ahmad,25251,25251,
ahmad,25252,25252,
ahmad,25253,25253,
ahmad,25254,25254,
ahmad,25255,25255,
ahmad,25256,25256,
ahmad,25257,25257,
ahmad,25258,25258,
ahmad,25259,25259,
ahmad,25260,25260,
ahmad,25261,25261,
ahmad,25262,25262,
ahmad,25263,25263,
ahmad,25264,25264,
ahmad,25265,25265,
ahmad,25266,25266,
ahmad,25267,25267,
ahmad,25268,25268,
ahmad,25269,25269,
ahmad,25270,25270,
ahmad,25271,25271,
ahmad,25272,25272,
ahmad,25273,25273,
ahmad,25274,25274,
ahmad,25275,25275,
ahmad,25276,25276,
ahmad,25277,25277,
ahmad,25278,25278,
ahmad,25279,25279,
ahmad,25281,25281,
ahmad,25282,25282,
ahmad,25283,25283,
ahmad,25286,25286,
ahmad,25288,25288,
ahmad,25289,25289,
ahmad,25290,25290,
ahmad,25291,25291,
ahmad,25292,25292,
ahmad,25293,25293,
ahmad,25294,25294,
ahmad,25295,25295,
ahmad,25296,25296,
ahmad,25297,25297,
ahmad,25298,25298,
ahmad,25299,25299,
ahmad,25300,25300,
ahmad,25301,25301,
ahmad,25303,25303,
ahmad,25304,25304,
ahmad,25305,25305,
ahmad,25306,25306,
ahmad,25307,25307,
ahmad,25308,25308,
ahmad,25309,25309,
ahmad,25310,25310,
ahmad,25311,25311,
ahmad,25312,25312,
ahmad,25313,25313,
ahmad,25314,25314,
ahmad,25315,25315,
ahmad,25317,25317,
ahmad,25319,25319,
ahmad,25320,25320,
ahmad,25321,25321,
ahmad,25322,25322,
ahmad,25323,25323,
ahmad,25324,25324,
ahmad,25325,25325,
ahmad,25326,25326,
ahmad,25327,25327,
ahmad,25328,25328,
ahmad,25329,25329,
ahmad,25330,25330,
ahmad,25331,25331,
ahmad,25332,25332,
ahmad,25333,25333,
ahmad,25334,25334,
ahmad,25335,25335,
ahmad,25336,25336,
ahmad,25337,25337,
ahmad,25338,25338,
ahmad,25339,25339,
ahmad,25340,25340,
ahmad,25341,25341,
ahmad,25342,25342,
ahmad,25344,25344,
ahmad,25345,25345,
ahmad,25346,25346,
ahmad,25347,25347,
ahmad,25348,25348,
ahmad,25349,25349,
ahmad,25350,25350,
ahmad,25351,25351,
ahmad,25352,25352,
ahmad,25353,25353,
ahmad,25355,25355,
ahmad,25356,25356,
ahmad,25357,25357,
ahmad,25358,25358,
ahmad,25359,25359,
ahmad,25360,25360,
ahmad,25361,25361,
ahmad,25362,25362,
ahmad,25363,25363,
ahmad,25364,25364,
ahmad,25365,25365,
ahmad,25367,25367,
ahmad,25368,25368,
ahmad,25369,25369,
ahmad,25370,25370,
ahmad,25371,25371,
ahmad,25372,25372,
ahmad,25373,25373,
ahmad,25374,25374,
ahmad,25375,25375,
ahmad,25376,25376,
ahmad,25377,25377,
ahmad,25378,25378,
ahmad,25379,25379,
ahmad,25380,25380,
ahmad,25382,25382,
ahmad,25383,25383,
ahmad,25384,25384,
ahmad,25385,25385,
ahmad,25386,25386,
ahmad,25387,25387,
ahmad,25388,25388,
ahmad,25389,25389,
ahmad,25390,25390,
ahmad,25391,25391,
ahmad,25392,25392,
ahmad,25393,25393,
ahmad,25394,25394,
ahmad,25396,25396,
ahmad,25397,25397,
ahmad,25398,25398,
ahmad,25400,25400,
ahmad,25401,25401,
ahmad,25402,25402,
ahmad,25403,25403,
ahmad,25404,25404,
ahmad,25405,25405,
ahmad,25406,25406,
ahmad,25407,25407,
ahmad,25408,25408,
ahmad,25409,25409,
ahmad,25411,25411,
ahmad,25412,25412,
ahmad,25413,25413,
ahmad,25414,25414,
ahmad,25415,25415,
ahmad,25416,25416,
ahmad,25417,25417,
ahmad,25418,25418,
ahmad,25419,25419,
ahmad,25420,25420,
ahmad,25421,25421,
ahmad,25422,25422,
ahmad,25423,25423,
ahmad,25424,25424,
ahmad,25425,25425,
ahmad,25426,25426,
ahmad,25427,25427,
ahmad,25428,25428,
ahmad,25429,25429,
ahmad,25431,25431,
ahmad,25432,25432,
ahmad,25433,25433,
ahmad,25434,25434,
ahmad,25435,25435,
ahmad,25436,25436,
ahmad,25437,25437,
ahmad,25438,25438,
ahmad,25439,25439,
ahmad,25440,25440,
ahmad,25441,25441,
ahmad,25442,25442,
ahmad,25443,25443,
ahmad,25446,25446,
ahmad,25447,25447,
ahmad,25448,25448,
ahmad,25449,25449,
ahmad,25450,25450,
ahmad,25451,25451,
ahmad,25452,25452,
ahmad,25453,25453,
ahmad,25454,25454,
ahmad,25455,25455,
ahmad,25456,25456,
ahmad,25457,25457,
ahmad,25458,25458,
ahmad,25459,25459,
ahmad,25460,25460,
ahmad,25461,25461,
ahmad,25462,25462,
ahmad,25463,25463,
ahmad,25464,25464,
ahmad,25465,25465,
ahmad,25466,25466,
ahmad,25467,25467,
ahmad,25468,25468,
ahmad,25469,25469,
ahmad,25470,25470,
ahmad,25471,25471,
ahmad,25472,25472,
ahmad,25473,25473,
ahmad,25474,25474,
ahmad,25475,25475,
ahmad,25476,25476,
ahmad,25477,25477,
ahmad,25478,25478,
ahmad,25479,25479,
ahmad,25480,25480,
ahmad,25481,25481,
ahmad,25482,25482,
ahmad,25483,25483,
ahmad,25484,25484,
ahmad,25485,25485,
ahmad,25486,25486,
ahmad,25487,25487,
ahmad,25488,25488,
ahmad,25489,25489,
ahmad,25490,25490,
ahmad,25491,25491,
ahmad,25492,25492,
ahmad,25493,25493,
ahmad,25494,25494,
ahmad,25495,25495,
ahmad,25497,25497,
ahmad,25498,25498,
ahmad,25499,25499,
ahmad,25500,25500,
ahmad,25501,25501,
ahmad,25502,25502,
ahmad,25503,25503,
ahmad,25504,25504,
ahmad,25505,25505,
ahmad,25506,25506,
ahmad,25507,25507,
ahmad,25508,25508,
ahmad,25509,25509,
ahmad,25510,25510,
ahmad,25511,25511,
ahmad,25512,25512,
ahmad,25513,25513,
ahmad,25514,25514,
ahmad,25515,25515,
ahmad,25516,25516,
ahmad,25517,25517,
ahmad,25518,25518,
ahmad,25519,25519,
ahmad,25520,25520,
ahmad,25521,25521,
ahmad,25522,25522,
ahmad,25523,25523,
ahmad,25524,25524,
ahmad,25525,25525,
ahmad,25526,25526,
ahmad,25527,25527,
ahmad,25528,25528,
ahmad,25529,25529,
ahmad,25530,25530,
ahmad,25531,25531,
ahmad,25532,25532,
ahmad,25533,25533,
ahmad,25534,25534,
ahmad,25535,25535,
ahmad,25536,25536,
ahmad,25537,25537,
ahmad,25539,25539,
ahmad,25540,25540,
ahmad,25542,25542,
ahmad,25543,25543,
ahmad,25544,25544,
ahmad,25545,25545,
ahmad,25546,25546,
ahmad,25547,25547,
ahmad,25548,25548,
ahmad,25549,25549,
ahmad,25550,25550,
ahmad,25551,25551,
ahmad,25552,25552,
ahmad,25553,25553,
ahmad,25554,25554,
ahmad,25555,25555,
ahmad,25556,25556,
ahmad,25557,25557,
ahmad,25558,25558,
ahmad,25559,25559,
ahmad,25560,25560,
ahmad,25561,25561,
ahmad,25562,25562,
ahmad,25563,25563,
ahmad,25564,25564,
ahmad,25565,25565,
ahmad,25566,25566,
ahmad,25567,25567,
ahmad,25568,25568,
ahmad,25569,25569,
ahmad,25570,25570,
ahmad,25571,25571,
ahmad,25572,25572,
ahmad,25573,25573,
ahmad,25574,25574,
ahmad,25575,25575,
ahmad,25576,25576,
ahmad,25578,25578,
ahmad,25579,25579,
ahmad,25580,25580,
ahmad,25581,25581,
ahmad,25582,25582,
ahmad,25583,25583,
ahmad,25584,25584,
ahmad,25585,25585,
ahmad,25586,25586,
ahmad,25587,25587,
ahmad,25588,25588,
ahmad,25589,25589,
ahmad,25590,25590,
ahmad,25591,25591,
ahmad,25592,25592,
ahmad,25593,25593,
ahmad,25594,25594,
ahmad,25595,25595,
ahmad,25596,25596,
ahmad,25597,25597,
ahmad,25598,25598,
ahmad,25599,25599,
ahmad,25600,25600,
ahmad,25601,25601,
ahmad,25602,25602,
ahmad,25603,25603,
ahmad,25604,25604,
ahmad,25605,25605,
ahmad,25606,25606,
ahmad,25607,25607,
ahmad,25608,25608,
ahmad,25609,25609,
ahmad,25610,25610,
ahmad,25612,25612,
ahmad,25613,25613,
ahmad,25614,25614,
ahmad,25615,25615,
ahmad,25616,25616,
ahmad,25617,25617,
ahmad,25618,25618,
ahmad,25619,25619,
ahmad,25620,25620,
ahmad,25621,25621,
ahmad,25622,25622,
ahmad,25623,25623,
ahmad,25624,25624,
ahmad,25625,25625,
ahmad,25626,25626,
ahmad,25627,25627,
ahmad,25628,25628,
ahmad,25629,25629,
ahmad,25630,25630,
ahmad,25631,25631,
ahmad,25632,25632,
ahmad,25633,25633,
ahmad,25634,25634,
ahmad,25635,25635,
ahmad,25636,25636,
ahmad,25637,25637,
ahmad,25638,25638,
ahmad,25639,25639,
ahmad,25640,25640,
ahmad,25641,25641,
ahmad,25642,25642,
ahmad,25643,25643,
ahmad,25644,25644,
ahmad,25645,25645,
ahmad,25647,25647,
ahmad,25648,25648,
ahmad,25649,25649,
ahmad,25650,25650,
ahmad,25651,25651,
ahmad,25652,25652,
ahmad,25653,25653,
ahmad,25654,25654,
ahmad,25656,25656,
ahmad,25657,25657,
ahmad,25658,25658,
ahmad,25659,25659,
ahmad,25660,25660,
ahmad,25661,25661,
ahmad,25662,25662,
ahmad,25663,25663,
ahmad,25664,25664,
ahmad,25665,25665,
ahmad,25666,25666,
ahmad,25667,25667,
ahmad,25668,25668,
ahmad,25669,25669,
ahmad,25670,25670,
ahmad,25671,25671,
ahmad,25672,25672,
ahmad,25673,25673,
ahmad,25674,25674,
ahmad,25675,25675,
ahmad,25676,25676,
ahmad,25677,25677,
ahmad,25679,25679,
ahmad,25680,25680,
ahmad,25685,25685,
ahmad,25686,25686,
ahmad,25687,25687,
ahmad,25688,25688,
ahmad,25689,25689,
ahmad,25690,25690,
ahmad,25691,25691,
ahmad,25696,25696,
ahmad,25697,25697,
ahmad,25699,25699,
ahmad,25700,25700,
ahmad,25701,25701,
ahmad,25702,25702,
ahmad,25703,25703,
ahmad,25704,25704,
ahmad,25705,25705,
ahmad,25706,25706,
ahmad,25707,25707,
ahmad,25708,25708,
ahmad,25709,25709,
ahmad,25710,25710,
ahmad,25711,25711,
ahmad,25712,25712,
ahmad,25713,25713,
ahmad,25714,25714,
ahmad,25715,25715,
ahmad,25716,25716,
ahmad,25720,25720,
ahmad,25721,25721,
ahmad,25722,25722,
ahmad,25723,25723,
ahmad,25724,25724,
ahmad,25725,25725,
ahmad,25727,25727,
ahmad,25728,25728,
ahmad,25729,25729,
ahmad,25730,25730,
ahmad,25731,25731,
ahmad,25732,25732,
ahmad,25733,25733,
ahmad,25734,25734,
ahmad,25735,25735,
ahmad,25736,25736,
ahmad,25737,25737,
ahmad,25738,25738,
ahmad,25740,25740,
ahmad,25741,25741,
ahmad,25742,25742,
ahmad,25743,25743,
ahmad,25744,25744,
ahmad,25745,25745,
ahmad,25746,25746,
ahmad,25747,25747,
ahmad,25748,25748,
ahmad,25749,25749,
ahmad,25750,25750,
ahmad,25751,25751,
ahmad,25752,25752,
ahmad,25753,25753,
ahmad,25754,25754,
ahmad,25755,25755,
ahmad,25756,25756,
ahmad,25757,25757,
ahmad,25758,25758,
ahmad,25759,25759,
ahmad,25760,25760,
ahmad,25761,25761,
ahmad,25762,25762,
ahmad,25765,25765,
ahmad,25766,25766,
ahmad,25767,25767,
ahmad,25768,25768,
ahmad,25769,25769,
ahmad,25770,25770,
ahmad,25771,25771,
ahmad,25772,25772,
ahmad,25773,25773,
ahmad,25774,25774,
ahmad,25775,25775,
ahmad,25776,25776,
ahmad,25777,25777,
ahmad,25778,25778,
ahmad,25779,25779,
ahmad,25780,25780,
ahmad,25781,25781,
ahmad,25782,25782,
ahmad,25784,25784,
ahmad,25785,25785,
ahmad,25786,25786,
ahmad,25788,25788,
ahmad,25789,25789,
ahmad,25790,25790,
ahmad,25791,25791,
ahmad,25792,25792,
ahmad,25793,25793,
ahmad,25794,25794,
ahmad,25795,25795,
ahmad,25796,25796,
ahmad,25797,25797,
ahmad,25798,25798,
ahmad,25799,25799,
ahmad,25800,25800,
ahmad,25801,25801,
ahmad,25802,25802,
ahmad,25803,25803,
ahmad,25804,25804,
ahmad,25805,25805,
ahmad,25806,25806,
ahmad,25807,25807,
ahmad,25808,25808,
ahmad,25809,25809,
ahmad,25810,25810,
ahmad,25811,25811,
ahmad,25812,25812,
ahmad,25813,25813,
ahmad,25814,25814,
ahmad,25815,25815,
ahmad,25816,25816,
ahmad,25817,25817,
ahmad,25818,25818,
ahmad,25819,25819,
ahmad,25820,25820,
ahmad,25821,25821,
ahmad,25822,25822,
ahmad,25823,25823,
ahmad,25824,25824,
ahmad,25825,25825,
ahmad,25826,25826,
ahmad,25827,25827,
ahmad,25828,25828,
ahmad,25829,25829,
ahmad,25830,25830,
ahmad,25831,25831,
ahmad,25832,25832,
ahmad,25834,25834,
ahmad,25835,25835,
ahmad,25836,25836,
ahmad,25837,25837,
ahmad,25838,25838,
ahmad,25839,25839,
ahmad,25840,25840,
ahmad,25841,25841,
ahmad,25842,25842,
ahmad,25843,25843,
ahmad,25844,25844,
ahmad,25845,25845,
ahmad,25846,25846,
ahmad,25847,25847,
ahmad,25848,25848,
ahmad,25849,25849,
ahmad,25850,25850,
ahmad,25851,25851,
ahmad,25854,25854,
ahmad,25855,25855,
ahmad,25856,25856,
ahmad,25857,25857,
ahmad,25858,25858,
ahmad,25859,25859,
ahmad,25860,25860,
ahmad,25861,25861,
ahmad,25862,25862,
ahmad,25863,25863,
ahmad,25864,25864,
ahmad,25865,25865,
ahmad,25866,25866,
ahmad,25867,25867,
ahmad,25868,25868,
ahmad,25869,25869,
ahmad,25870,25870,
ahmad,25871,25871,
ahmad,25872,25872,
ahmad,25873,25873,
ahmad,25874,25874,
ahmad,25875,25875,
ahmad,25876,25876,
ahmad,25877,25877,
ahmad,25878,25878,
ahmad,25879,25879,
ahmad,25880,25880,
ahmad,25881,25881,
ahmad,25882,25882,
ahmad,25883,25883,
ahmad,25884,25884,
ahmad,25885,25885,
ahmad,25886,25886,
ahmad,25887,25887,
ahmad,25888,25888,
ahmad,25889,25889,
ahmad,25890,25890,
ahmad,25891,25891,
ahmad,25892,25892,
ahmad,25894,25894,
ahmad,25895,25895,
ahmad,25896,25896,
ahmad,25898,25898,
ahmad,25899,25899,
ahmad,25900,25900,
ahmad,25901,25901,
ahmad,25902,25902,
ahmad,25903,25903,
ahmad,25904,25904,
ahmad,25905,25905,
ahmad,25906,25906,
ahmad,25907,25907,
ahmad,25908,25908,
ahmad,25909,25909,
ahmad,25910,25910,
ahmad,25911,25911,
ahmad,25912,25912,
ahmad,25913,25913,
ahmad,25914,25914,
ahmad,25915,25915,
ahmad,25916,25916,
ahmad,25917,25917,
ahmad,25918,25918,
ahmad,25919,25919,
ahmad,25920,25920,
ahmad,25921,25921,
ahmad,25922,25922,
ahmad,25923,25923,
ahmad,25924,25924,
ahmad,25925,25925,
ahmad,25926,25926,
ahmad,25927,25927,
ahmad,25928,25928,
ahmad,25929,25929,
ahmad,25930,25930,
ahmad,25931,25931,
ahmad,25932,25932,
ahmad,25933,25933,
ahmad,25934,25934,
ahmad,25935,25935,
ahmad,25936,25936,
ahmad,25937,25937,
ahmad,25938,25938,
ahmad,25939,25939,
ahmad,25940,25940,
ahmad,25941,25941,
ahmad,25942,25942,
ahmad,25943,25943,
ahmad,25944,25944,
ahmad,25945,25945,
ahmad,25946,25946,
ahmad,25947,25947,
ahmad,25948,25948,
ahmad,25949,25949,
ahmad,25950,25950,
ahmad,25951,25951,
ahmad,25952,25952,
ahmad,25953,25953,
ahmad,25954,25954,
ahmad,25955,25955,
ahmad,25956,25956,
ahmad,25957,25957,
ahmad,25958,25958,
ahmad,25959,25959,
ahmad,25960,25960,
ahmad,25962,25962,
ahmad,25963,25963,
ahmad,25964,25964,
ahmad,25965,25965,
ahmad,25966,25966,
ahmad,25969,25969,
ahmad,25970,25970,
ahmad,25972,25972,
ahmad,25973,25973,
ahmad,25974,25974,
ahmad,25975,25975,
ahmad,25976,25976,
ahmad,25977,25977,
ahmad,25978,25978,
ahmad,25979,25979,
ahmad,25980,25980,
ahmad,25981,25981,
ahmad,25982,25982,
ahmad,25983,25983,
ahmad,25984,25984,
ahmad,25985,25985,
ahmad,25986,25986,
ahmad,25987,25987,
ahmad,25988,25988,
ahmad,25989,25989,
ahmad,25990,25990,
ahmad,25991,25991,
ahmad,25992,25992,
ahmad,25993,25993,
ahmad,25994,25994,
ahmad,25995,25995,
ahmad,25996,25996,
ahmad,25997,25997,
ahmad,25998,25998,
ahmad,25999,25999,
ahmad,26000,26000,
ahmad,26001,26001,
ahmad,26002,26002,
ahmad,26003,26003,
ahmad,26004,26004,
ahmad,26005,26005,
ahmad,26006,26006,
ahmad,26007,26007,
ahmad,26008,26008,
ahmad,26009,26009,
ahmad,26010,26010,
ahmad,26011,26011,
ahmad,26012,26012,
ahmad,26013,26013,
ahmad,26014,26014,
ahmad,26015,26015,
ahmad,26016,26016,
ahmad,26017,26017,
ahmad,26018,26018,
ahmad,26019,26019,
ahmad,26020,26020,
ahmad,26021,26021,
ahmad,26022,26022,
ahmad,26023,26023,
ahmad,26024,26024,
ahmad,26025,26025,
ahmad,26026,26026,
ahmad,26027,26027,
ahmad,26028,26028,
ahmad,26030,26030,
ahmad,26031,26031,
ahmad,26032,26032,
ahmad,26033,26033,
ahmad,26034,26034,
ahmad,26035,26035,
ahmad,26036,26036,
ahmad,26037,26037,
ahmad,26038,26038,
ahmad,26039,26039,
ahmad,26040,26040,
ahmad,26041,26041,
ahmad,26042,26042,
ahmad,26043,26043,
ahmad,26044,26044,
ahmad,26045,26045,
ahmad,26046,26046,
ahmad,26047,26047,
ahmad,26048,26048,
ahmad,26049,26049,
ahmad,26050,26050,
ahmad,26051,26051,
ahmad,26052,26052,
ahmad,26053,26053,
ahmad,26054,26054,
ahmad,26055,26055,
ahmad,26056,26056,
ahmad,26057,26057,
ahmad,26058,26058,
ahmad,26059,26059,
ahmad,26060,26060,
ahmad,26061,26061,
ahmad,26062,26062,
ahmad,26063,26063,
ahmad,26064,26064,
ahmad,26065,26065,
ahmad,26066,26066,
ahmad,26067,26067,
ahmad,26068,26068,
ahmad,26069,26069,
ahmad,26070,26070,
ahmad,26071,26071,
ahmad,26072,26072,
ahmad,26073,26073,
ahmad,26074,26074,
ahmad,26075,26075,
ahmad,26076,26076,
ahmad,26077,26077,
ahmad,26078,26078,
ahmad,26079,26079,
ahmad,26080,26080,
ahmad,26081,26081,
ahmad,26082,26082,
ahmad,26083,26083,
ahmad,26084,26084,
ahmad,26085,26085,
ahmad,26086,26086,
ahmad,26087,26087,
ahmad,26088,26088,
ahmad,26089,26089,
ahmad,26090,26090,
ahmad,26091,26091,
ahmad,26092,26092,
ahmad,26093,26093,
ahmad,26094,26094,
ahmad,26095,26095,
ahmad,26096,26096,
ahmad,26097,26097,
ahmad,26098,26098,
ahmad,26099,26099,
ahmad,26100,26100,
ahmad,26101,26101,
ahmad,26102,26102,
ahmad,26103,26103,
ahmad,26105,26105,
ahmad,26106,26106,
ahmad,26107,26107,
ahmad,26108,26108,
ahmad,26109,26109,
ahmad,26110,26110,
ahmad,26111,26111,
ahmad,26112,26112,
ahmad,26113,26113,
ahmad,26114,26114,
ahmad,26115,26115,
ahmad,26116,26116,
ahmad,26117,26117,
ahmad,26118,26118,
ahmad,26119,26119,
ahmad,26120,26120,
ahmad,26121,26121,
ahmad,26122,26122,
ahmad,26123,26123,
ahmad,26124,26124,
ahmad,26125,26125,
ahmad,26126,26126,
ahmad,26127,26127,
ahmad,26128,26128,
ahmad,26129,26129,
ahmad,26130,26130,
ahmad,26131,26131,
ahmad,26132,26132,
ahmad,26133,26133,
ahmad,26134,26134,
ahmad,26135,26135,
ahmad,26136,26136,
ahmad,26137,26137,
ahmad,26138,26138,
ahmad,26139,26139,
ahmad,26140,26140,
ahmad,26141,26141,
ahmad,26142,26142,
ahmad,26143,26143,
ahmad,26144,26144,
ahmad,26145,26145,
ahmad,26146,26146,
ahmad,26147,26147,
ahmad,26148,26148,
ahmad,26149,26149,
ahmad,26150,26150,
ahmad,26151,26151,
ahmad,26152,26152,
ahmad,26153,26153,
ahmad,26154,26154,
ahmad,26155,26155,
ahmad,26156,26156,
ahmad,26157,26157,
ahmad,26158,26158,
ahmad,26159,26159,
ahmad,26160,26160,
ahmad,26161,26161,
ahmad,26162,26162,
ahmad,26163,26163,
ahmad,26164,26164,
ahmad,26165,26165,
ahmad,26166,26166,
ahmad,26167,26167,
ahmad,26168,26168,
ahmad,26169,26169,
ahmad,26170,26170,
ahmad,26172,26172,
ahmad,26173,26173,
ahmad,26174,26174,
ahmad,26175,26175,
ahmad,26176,26176,
ahmad,26177,26177,
ahmad,26178,26178,
ahmad,26179,26179,
ahmad,26180,26180,
ahmad,26181,26181,
ahmad,26182,26182,
ahmad,26183,26183,
ahmad,26184,26184,
ahmad,26185,26185,
ahmad,26186,26186,
ahmad,26187,26187,
ahmad,26188,26188,
ahmad,26189,26189,
ahmad,26190,26190,
ahmad,26191,26191,
ahmad,26192,26192,
ahmad,26193,26193,
ahmad,26194,26194,
ahmad,26195,26195,
ahmad,26196,26196,
ahmad,26197,26197,
ahmad,26198,26198,
ahmad,26199,26199,
ahmad,26200,26200,
ahmad,26201,26201,
ahmad,26202,26202,
ahmad,26203,26203,
ahmad,26204,26204,
ahmad,26205,26205,
ahmad,26206,26206,
ahmad,26207,26207,
ahmad,26208,26208,
ahmad,26209,26209,
ahmad,26210,26210,
ahmad,26211,26211,
ahmad,26212,26212,
ahmad,26213,26213,
ahmad,26214,26214,
ahmad,26215,26215,
ahmad,26216,26216,
ahmad,26217,26217,
ahmad,26218,26218,
ahmad,26219,26219,
ahmad,26220,26220,
ahmad,26221,26221,
ahmad,26222,26222,
ahmad,26223,26223,
ahmad,26224,26224,
ahmad,26225,26225,
ahmad,26226,26226,
ahmad,26227,26227,
ahmad,26228,26228,
ahmad,26229,26229,
ahmad,26230,26230,
ahmad,26231,26231,
ahmad,26232,26232,
ahmad,26233,26233,
ahmad,26234,26234,
ahmad,26235,26235,
ahmad,26236,26236,
ahmad,26237,26237,
ahmad,26238,26238,
ahmad,26239,26239,
ahmad,26240,26240,
ahmad,26241,26241,
ahmad,26242,26242,
ahmad,26243,26243,
ahmad,26244,26244,
ahmad,26245,26245,
ahmad,26246,26246,
ahmad,26247,26247,
ahmad,26248,26248,
ahmad,26249,26249,
ahmad,26250,26250,
ahmad,26251,26251,
ahmad,26252,26252,
ahmad,26253,26253,
ahmad,26254,26254,
ahmad,26255,26255,
ahmad,26256,26256,
ahmad,26257,26257,
ahmad,26258,26258,
ahmad,26259,26259,
ahmad,26260,26260,
ahmad,26261,26261,
ahmad,26262,26262,
ahmad,26263,26263,
ahmad,26264,26264,
ahmad,26265,26265,
ahmad,26266,26266,
ahmad,26267,26267,
ahmad,26268,26268,
ahmad,26269,26269,
ahmad,26270,26270,
ahmad,26271,26271,
ahmad,26272,26272,
ahmad,26273,26273,
ahmad,26274,26274,
ahmad,26275,26275,
ahmad,26276,26276,
ahmad,26277,26277,
ahmad,26278,26278,
ahmad,26279,26279,
ahmad,26280,26280,
ahmad,26281,26281,
ahmad,26282,26282,
ahmad,26283,26283,
ahmad,26284,26284,
ahmad,26285,26285,
ahmad,26286,26286,
ahmad,26287,26287,
ahmad,26288,26288,
ahmad,26289,26289,
ahmad,26291,26291,
ahmad,26292,26292,
ahmad,26293,26293,
ahmad,26294,26294,
ahmad,26295,26295,
ahmad,26296,26296,
ahmad,26297,26297,
ahmad,26298,26298,
ahmad,26299,26299,
ahmad,26300,26300,
ahmad,26301,26301,
ahmad,26302,26302,
ahmad,26303,26303,
ahmad,26304,26304,
ahmad,26305,26305,
ahmad,26306,26306,
ahmad,26307,26307,
ahmad,26308,26308,
ahmad,26309,26309,
ahmad,26310,26310,
ahmad,26312,26312,
ahmad,26313,26313,
ahmad,26314,26314,
ahmad,26315,26315,
ahmad,26316,26316,
ahmad,26318,26318,
ahmad,26319,26319,
ahmad,26320,26320,
ahmad,26321,26321,
ahmad,26322,26322,
ahmad,26323,26323,
ahmad,26324,26324,
ahmad,26325,26325,
ahmad,26326,26326,
ahmad,26327,26327,
ahmad,26329,26329,
ahmad,26330,26330,
ahmad,26331,26331,
ahmad,26332,26332,
ahmad,26333,26333,
ahmad,26334,26334,
ahmad,26335,26335,
ahmad,26336,26336,
ahmad,26337,26337,
ahmad,26338,26338,
ahmad,26339,26339,
ahmad,26340,26340,
ahmad,26341,26341,
ahmad,26342,26342,
ahmad,26343,26343,
ahmad,26344,26344,
ahmad,26345,26345,
ahmad,26346,26346,
ahmad,26347,26347,
ahmad,26348,26348,
ahmad,26349,26349,
ahmad,26350,26350,
ahmad,26351,26351,
ahmad,26352,26352,
ahmad,26353,26353,
ahmad,26354,26354,
ahmad,26355,26355,
ahmad,26356,26356,
ahmad,26357,26357,
ahmad,26358,26358,
ahmad,26359,26359,
ahmad,26360,26360,
ahmad,26361,26361,
ahmad,26362,26362,
ahmad,26363,26363,
nawawi,1,1,
nawawi,2,2,
nawawi,3,3,
nawawi,4,4,
nawawi,5,5,
nawawi,6,6,
nawawi,7,7,
nawawi,8,8,
nawawi,9,9,
nawawi,11,11,
nawawi,13,13,
nawawi,14,14,
nawawi,15,15,
nawawi,16,16,
nawawi,17,17,
nawawi,18,18,
nawawi,19,19,
nawawi,20,20,
nawawi,21,21,
nawawi,22,22,
nawawi,23,23,
nawawi,24,24,
nawawi,25,25,
nawawi,27,27,
nawawi,28,28,
nawawi,29,29,
nawawi,30,30,
nawawi,31,31,
nawawi,32,32,
nawawi,34,34,
nawawi,36,36,
nawawi,37,37,
nawawi,38,38,
nawawi,39,39,
nawawi,40,40,
nawawi,41,41,
nawawi,42,42,
